[0.000000] (-) TimerEvent: {}
[0.000389] (-) JobUnselected: {'identifier': 'cropmap_nav2'}
[0.000571] (-) JobUnselected: {'identifier': 'robot_bringup'}
[0.000591] (-) JobUnselected: {'identifier': 'robot_control'}
[0.000607] (-) JobUnselected: {'identifier': 'robot_description'}
[0.000621] (-) JobUnselected: {'identifier': 'vox_nav_bringup'}
[0.000635] (-) JobUnselected: {'identifier': 'vox_nav_control'}
[0.000649] (-) JobUnselected: {'identifier': 'vox_nav_map_server'}
[0.000662] (-) JobUnselected: {'identifier': 'vox_nav_navigators'}
[0.000676] (-) JobUnselected: {'identifier': 'vox_nav_planning'}
[0.000690] (-) JobUnselected: {'identifier': 'vox_nav_utilities'}
[0.000703] (-) JobUnselected: {'identifier': 'vox_nav_waypoint_nav_clients'}
[0.000719] (vox_nav_msgs) JobQueued: {'identifier': 'vox_nav_msgs', 'dependencies': OrderedDict()}
[0.000736] (vox_nav_msgs) JobStarted: {'identifier': 'vox_nav_msgs'}
[0.007165] (vox_nav_msgs) JobProgress: {'identifier': 'vox_nav_msgs', 'progress': 'cmake'}
[0.007593] (vox_nav_msgs) Command: {'cmd': ['/usr/bin/cmake', '/home/manish/eiratech_ws/src/vox_nav/vox_nav_msgs', '-DCMAKE_INSTALL_PREFIX=/home/manish/eiratech_ws/install/vox_nav_msgs'], 'cwd': '/home/manish/eiratech_ws/build/vox_nav_msgs', 'env': OrderedDict([('GJS_DEBUG_TOPICS', 'JS ERROR;JS LOG'), ('LESSOPEN', '| /usr/bin/lesspipe %s'), ('GZ_SIM_RESOURCE_PATH', ':/home/manish/eiratech_ws/install/robot_description/share/robot_description:/home/manish/.gz/models'), ('LANGUAGE', 'en_IE:en'), ('USER', 'manish'), ('XDG_SESSION_TYPE', 'wayland'), ('SHLVL', '1'), ('LD_LIBRARY_PATH', '/usr/lib/x86_64-linux-gnu/gazebo-11/plugins:/opt/ros/humble/opt/rviz_ogre_vendor/lib:/opt/ros/humble/lib/x86_64-linux-gnu:/opt/ros/humble/lib'), ('HOME', '/home/manish'), ('OLDPWD', '/home/manish/eiratech_ws/build'), ('DESKTOP_SESSION', 'ubuntu'), ('GIO_LAUNCHED_DESKTOP_FILE', '/usr/share/applications/terminator.desktop'), ('ROS_PYTHON_VERSION', '3'), ('GNOME_SHELL_SESSION_MODE', 'ubuntu'), ('GTK_MODULES', 'gail:atk-bridge'), ('MANAGERPID', '1191'), ('SYSTEMD_EXEC_PID', '1719'), ('DBUS_SESSION_BUS_ADDRESS', 'unix:path=/run/user/1000/bus'), ('COLORTERM', 'truecolor'), ('TERMINATOR_DBUS_NAME', 'net.tenshu.Terminator25ef4b219e3b005583550f2b0f9f990c3'), ('GIO_LAUNCHED_DESKTOP_FILE_PID', '2470'), ('IM_CONFIG_PHASE', '1'), ('WAYLAND_DISPLAY', 'wayland-0'), ('COLCON_PREFIX_PATH', '/home/manish/eiratech_ws/install'), ('ROS_DISTRO', 'humble'), ('LOGNAME', 'manish'), ('JOURNAL_STREAM', '8:15782'), ('_', '/usr/bin/colcon'), ('ROS_VERSION', '2'), ('PKG_CONFIG_PATH', '/usr/local/lib/pkgconfig:'), ('XDG_SESSION_CLASS', 'user'), ('USERNAME', 'manish'), ('TERM', 'xterm-256color'), ('GAZEBO_MODEL_PATH', ':/home/manish/eiratech_ws/install/robot_description/share'), ('GNOME_DESKTOP_SESSION_ID', 'this-is-deprecated'), ('ROS_LOCALHOST_ONLY', '0'), ('PATH', '/opt/ros/humble/bin:/usr/local/sbin:/usr/local/bin:/usr/sbin:/usr/bin:/sbin:/bin:/usr/games:/usr/local/games:/snap/bin:/snap/bin'), ('SESSION_MANAGER', 'local/manish-Precision-7750:@/tmp/.ICE-unix/1690,unix/manish-Precision-7750:/tmp/.ICE-unix/1690'), ('FASTRTPS_DEFAULT_PROFILES_FILE', '/home/manish/.ros/DEFAULT_FASTRTPS_PROFILES.xml'), ('INVOCATION_ID', '16586a4b5ae8461aa3185be6e8c58e84'), ('XDG_MENU_PREFIX', 'gnome-'), ('GNOME_SETUP_DISPLAY', ':1'), ('XDG_RUNTIME_DIR', '/run/user/1000'), ('DISPLAY', ':0'), ('TERMINATOR_DBUS_PATH', '/net/tenshu/Terminator2'), ('LANG', 'en_IE.UTF-8'), ('XDG_CURRENT_DESKTOP', 'ubuntu:GNOME'), ('IBUS_DISABLE_SNOOPER', '1'), ('XMODIFIERS', '@im=ibus'), ('XDG_SESSION_DESKTOP', 'ubuntu'), ('XAUTHORITY', '/run/user/1000/.mutter-Xwaylandauth.BDPIA3'), ('LS_COLORS', 'rs=0:di=01;34:ln=01;36:mh=00:pi=40;33:so=01;35:do=01;35:bd=40;33;01:cd=40;33;01:or=40;31;01:mi=00:su=37;41:sg=30;43:ca=30;41:tw=30;42:ow=34;42:st=37;44:ex=01;32:*.tar=01;31:*.tgz=01;31:*.arc=01;31:*.arj=01;31:*.taz=01;31:*.lha=01;31:*.lz4=01;31:*.lzh=01;31:*.lzma=01;31:*.tlz=01;31:*.txz=01;31:*.tzo=01;31:*.t7z=01;31:*.zip=01;31:*.z=01;31:*.dz=01;31:*.gz=01;31:*.lrz=01;31:*.lz=01;31:*.lzo=01;31:*.xz=01;31:*.zst=01;31:*.tzst=01;31:*.bz2=01;31:*.bz=01;31:*.tbz=01;31:*.tbz2=01;31:*.tz=01;31:*.deb=01;31:*.rpm=01;31:*.jar=01;31:*.war=01;31:*.ear=01;31:*.sar=01;31:*.rar=01;31:*.alz=01;31:*.ace=01;31:*.zoo=01;31:*.cpio=01;31:*.7z=01;31:*.rz=01;31:*.cab=01;31:*.wim=01;31:*.swm=01;31:*.dwm=01;31:*.esd=01;31:*.jpg=01;35:*.jpeg=01;35:*.mjpg=01;35:*.mjpeg=01;35:*.gif=01;35:*.bmp=01;35:*.pbm=01;35:*.pgm=01;35:*.ppm=01;35:*.tga=01;35:*.xbm=01;35:*.xpm=01;35:*.tif=01;35:*.tiff=01;35:*.png=01;35:*.svg=01;35:*.svgz=01;35:*.mng=01;35:*.pcx=01;35:*.mov=01;35:*.mpg=01;35:*.mpeg=01;35:*.m2v=01;35:*.mkv=01;35:*.webm=01;35:*.webp=01;35:*.ogm=01;35:*.mp4=01;35:*.m4v=01;35:*.mp4v=01;35:*.vob=01;35:*.qt=01;35:*.nuv=01;35:*.wmv=01;35:*.asf=01;35:*.rm=01;35:*.rmvb=01;35:*.flc=01;35:*.avi=01;35:*.fli=01;35:*.flv=01;35:*.gl=01;35:*.dl=01;35:*.xcf=01;35:*.xwd=01;35:*.yuv=01;35:*.cgm=01;35:*.emf=01;35:*.ogv=01;35:*.ogx=01;35:*.aac=00;36:*.au=00;36:*.flac=00;36:*.m4a=00;36:*.mid=00;36:*.midi=00;36:*.mka=00;36:*.mp3=00;36:*.mpc=00;36:*.ogg=00;36:*.ra=00;36:*.wav=00;36:*.oga=00;36:*.opus=00;36:*.spx=00;36:*.xspf=00;36:'), ('SSH_AGENT_LAUNCHER', 'gnome-keyring'), ('SSH_AUTH_SOCK', '/run/user/1000/keyring/ssh'), ('AMENT_PREFIX_PATH', '/home/manish/eiratech_ws/install/robot_bringup:/home/manish/eiratech_ws/install/robot_description:/home/manish/eiratech_ws/install/robot_control:/home/manish/eiratech_ws/install/cropmap_nav2:/opt/ros/humble'), ('SHELL', '/bin/bash'), ('TERMINATOR_UUID', 'urn:uuid:35c9b79d-f539-4158-ac41-c541a4381cd8'), ('QT_ACCESSIBILITY', '1'), ('GDMSESSION', 'ubuntu'), ('LESSCLOSE', '/usr/bin/lesspipe %s %s'), ('IGN_GAZEBO_RESOURCE_PATH', ':/home/manish/eiratech_ws/install/robot_description/share/robot_description:/home/manish/.gz/models'), ('GJS_DEBUG_OUTPUT', 'stderr'), ('QT_IM_MODULE', 'ibus'), ('PWD', '/home/manish/eiratech_ws/build/vox_nav_msgs'), ('XDG_CONFIG_DIRS', '/etc/xdg/xdg-ubuntu:/etc/xdg'), ('GAZEBO_PLUGIN_PATH', ':/path/to/your_ws/install/gazebo_ros2_control/lib:/opt/ros/humble/lib'), ('XDG_DATA_DIRS', '/usr/share/ubuntu:/usr/local/share/:/usr/share/:/var/lib/snapd/desktop'), ('PYTHONPATH', '/opt/ros/humble/lib/python3.10/site-packages:/opt/ros/humble/local/lib/python3.10/dist-packages'), ('COLCON', '1'), ('VTE_VERSION', '6800'), ('CMAKE_PREFIX_PATH', '/home/manish/eiratech_ws/install/robot_bringup:/home/manish/eiratech_ws/install/robot_description:/home/manish/eiratech_ws/install/robot_control:/home/manish/eiratech_ws/install/cropmap_nav2:/opt/ros/humble')]), 'shell': False}
[0.084750] (vox_nav_msgs) StdoutLine: {'line': b'-- The C compiler identification is GNU 11.4.0\n'}
[0.099815] (-) TimerEvent: {}
[0.152210] (vox_nav_msgs) StdoutLine: {'line': b'-- The CXX compiler identification is GNU 11.4.0\n'}
[0.158998] (vox_nav_msgs) StdoutLine: {'line': b'-- Detecting C compiler ABI info\n'}
[0.199946] (-) TimerEvent: {}
[0.216867] (vox_nav_msgs) StdoutLine: {'line': b'-- Detecting C compiler ABI info - done\n'}
[0.225130] (vox_nav_msgs) StdoutLine: {'line': b'-- Check for working C compiler: /usr/bin/cc - skipped\n'}
[0.225570] (vox_nav_msgs) StdoutLine: {'line': b'-- Detecting C compile features\n'}
[0.226099] (vox_nav_msgs) StdoutLine: {'line': b'-- Detecting C compile features - done\n'}
[0.230259] (vox_nav_msgs) StdoutLine: {'line': b'-- Detecting CXX compiler ABI info\n'}
[0.298403] (vox_nav_msgs) StdoutLine: {'line': b'-- Detecting CXX compiler ABI info - done\n'}
[0.300049] (-) TimerEvent: {}
[0.306698] (vox_nav_msgs) StdoutLine: {'line': b'-- Check for working CXX compiler: /usr/bin/c++ - skipped\n'}
[0.306959] (vox_nav_msgs) StdoutLine: {'line': b'-- Detecting CXX compile features\n'}
[0.307471] (vox_nav_msgs) StdoutLine: {'line': b'-- Detecting CXX compile features - done\n'}
[0.311114] (vox_nav_msgs) StdoutLine: {'line': b'-- Found ament_cmake: 1.3.11 (/opt/ros/humble/share/ament_cmake/cmake)\n'}
[0.400172] (-) TimerEvent: {}
[0.442554] (vox_nav_msgs) StdoutLine: {'line': b'-- Found Python3: /usr/bin/python3 (found version "3.10.12") found components: Interpreter \n'}
[0.500294] (-) TimerEvent: {}
[0.523686] (vox_nav_msgs) StdoutLine: {'line': b'-- Found geometry_msgs: 4.9.0 (/opt/ros/humble/share/geometry_msgs/cmake)\n'}
[0.570395] (vox_nav_msgs) StdoutLine: {'line': b'-- Found rosidl_generator_c: 3.1.6 (/opt/ros/humble/share/rosidl_generator_c/cmake)\n'}
[0.576672] (vox_nav_msgs) StdoutLine: {'line': b'-- Found rosidl_adapter: 3.1.6 (/opt/ros/humble/share/rosidl_adapter/cmake)\n'}
[0.586999] (vox_nav_msgs) StdoutLine: {'line': b'-- Found rosidl_generator_cpp: 3.1.6 (/opt/ros/humble/share/rosidl_generator_cpp/cmake)\n'}
[0.600392] (-) TimerEvent: {}
[0.602742] (vox_nav_msgs) StdoutLine: {'line': b'-- Using all available rosidl_typesupport_c: rosidl_typesupport_fastrtps_c;rosidl_typesupport_introspection_c\n'}
[0.622608] (vox_nav_msgs) StdoutLine: {'line': b'-- Using all available rosidl_typesupport_cpp: rosidl_typesupport_fastrtps_cpp;rosidl_typesupport_introspection_cpp\n'}
[0.669777] (vox_nav_msgs) StdoutLine: {'line': b'-- Found rosidl_default_generators: 1.2.0 (/opt/ros/humble/share/rosidl_default_generators/cmake)\n'}
[0.681323] (vox_nav_msgs) StdoutLine: {'line': b'-- Found sensor_msgs: 4.8.0 (/opt/ros/humble/share/sensor_msgs/cmake)\n'}
[0.700496] (-) TimerEvent: {}
[0.701805] (vox_nav_msgs) StdoutLine: {'line': b'-- Found shape_msgs: 4.8.0 (/opt/ros/humble/share/shape_msgs/cmake)\n'}
[0.718884] (vox_nav_msgs) StdoutLine: {'line': b'-- Found nav_msgs: 4.9.0 (/opt/ros/humble/share/nav_msgs/cmake)\n'}
[0.739892] (vox_nav_msgs) StdoutLine: {'line': b'-- Found octomap_msgs: 2.0.1 (/opt/ros/humble/share/octomap_msgs/cmake)\n'}
[0.800619] (-) TimerEvent: {}
[0.900855] (-) TimerEvent: {}
[1.001090] (-) TimerEvent: {}
[1.101331] (-) TimerEvent: {}
[1.196486] (vox_nav_msgs) StdoutLine: {'line': b'-- Found ament_cmake_ros: 0.10.0 (/opt/ros/humble/share/ament_cmake_ros/cmake)\n'}
[1.201397] (-) TimerEvent: {}
[1.301606] (-) TimerEvent: {}
[1.401837] (-) TimerEvent: {}
[1.502071] (-) TimerEvent: {}
[1.602303] (-) TimerEvent: {}
[1.668127] (vox_nav_msgs) StdoutLine: {'line': b'-- Using all available rosidl_typesupport_c: rosidl_typesupport_fastrtps_c;rosidl_typesupport_introspection_c\n'}
[1.702403] (-) TimerEvent: {}
[1.802616] (-) TimerEvent: {}
[1.850033] (vox_nav_msgs) StdoutLine: {'line': b'-- Using all available rosidl_typesupport_cpp: rosidl_typesupport_fastrtps_cpp;rosidl_typesupport_introspection_cpp\n'}
[1.869774] (vox_nav_msgs) StdoutLine: {'line': b'-- Found PythonInterp: /usr/bin/python3 (found suitable version "3.10.12", minimum required is "3.6") \n'}
[1.871747] (vox_nav_msgs) StdoutLine: {'line': b'-- Found python_cmake_module: 0.10.0 (/opt/ros/humble/share/python_cmake_module/cmake)\n'}
[1.894924] (vox_nav_msgs) StdoutLine: {'line': b'-- Found PythonLibs: /usr/lib/x86_64-linux-gnu/libpython3.10.so (found suitable version "3.10.12", minimum required is "3.5") \n'}
[1.895131] (vox_nav_msgs) StdoutLine: {'line': b'-- Using PYTHON_EXECUTABLE: /usr/bin/python3\n'}
[1.895199] (vox_nav_msgs) StdoutLine: {'line': b'-- Using PYTHON_INCLUDE_DIRS: /usr/include/python3.10\n'}
[1.895274] (vox_nav_msgs) StdoutLine: {'line': b'-- Using PYTHON_LIBRARIES: /usr/lib/x86_64-linux-gnu/libpython3.10.so\n'}
[1.902714] (-) TimerEvent: {}
[1.912805] (vox_nav_msgs) StdoutLine: {'line': b'-- Found PythonExtra: .so  \n'}
[2.002836] (-) TimerEvent: {}
[2.004441] (vox_nav_msgs) StdoutLine: {'line': b'-- Configuring done\n'}
[2.061102] (vox_nav_msgs) StdoutLine: {'line': b'-- Generating done\n'}
[2.076235] (vox_nav_msgs) StdoutLine: {'line': b'-- Build files have been written to: /home/manish/eiratech_ws/build/vox_nav_msgs\n'}
[2.083880] (vox_nav_msgs) CommandEnded: {'returncode': 0}
[2.084448] (vox_nav_msgs) JobProgress: {'identifier': 'vox_nav_msgs', 'progress': 'build'}
[2.085562] (vox_nav_msgs) Command: {'cmd': ['/usr/bin/cmake', '--build', '/home/manish/eiratech_ws/build/vox_nav_msgs', '--', '-j12', '-l12'], 'cwd': '/home/manish/eiratech_ws/build/vox_nav_msgs', 'env': OrderedDict([('GJS_DEBUG_TOPICS', 'JS ERROR;JS LOG'), ('LESSOPEN', '| /usr/bin/lesspipe %s'), ('GZ_SIM_RESOURCE_PATH', ':/home/manish/eiratech_ws/install/robot_description/share/robot_description:/home/manish/.gz/models'), ('LANGUAGE', 'en_IE:en'), ('USER', 'manish'), ('XDG_SESSION_TYPE', 'wayland'), ('SHLVL', '1'), ('LD_LIBRARY_PATH', '/usr/lib/x86_64-linux-gnu/gazebo-11/plugins:/opt/ros/humble/opt/rviz_ogre_vendor/lib:/opt/ros/humble/lib/x86_64-linux-gnu:/opt/ros/humble/lib'), ('HOME', '/home/manish'), ('OLDPWD', '/home/manish/eiratech_ws/build'), ('DESKTOP_SESSION', 'ubuntu'), ('GIO_LAUNCHED_DESKTOP_FILE', '/usr/share/applications/terminator.desktop'), ('ROS_PYTHON_VERSION', '3'), ('GNOME_SHELL_SESSION_MODE', 'ubuntu'), ('GTK_MODULES', 'gail:atk-bridge'), ('MANAGERPID', '1191'), ('SYSTEMD_EXEC_PID', '1719'), ('DBUS_SESSION_BUS_ADDRESS', 'unix:path=/run/user/1000/bus'), ('COLORTERM', 'truecolor'), ('TERMINATOR_DBUS_NAME', 'net.tenshu.Terminator25ef4b219e3b005583550f2b0f9f990c3'), ('GIO_LAUNCHED_DESKTOP_FILE_PID', '2470'), ('IM_CONFIG_PHASE', '1'), ('WAYLAND_DISPLAY', 'wayland-0'), ('COLCON_PREFIX_PATH', '/home/manish/eiratech_ws/install'), ('ROS_DISTRO', 'humble'), ('LOGNAME', 'manish'), ('JOURNAL_STREAM', '8:15782'), ('_', '/usr/bin/colcon'), ('ROS_VERSION', '2'), ('PKG_CONFIG_PATH', '/usr/local/lib/pkgconfig:'), ('XDG_SESSION_CLASS', 'user'), ('USERNAME', 'manish'), ('TERM', 'xterm-256color'), ('GAZEBO_MODEL_PATH', ':/home/manish/eiratech_ws/install/robot_description/share'), ('GNOME_DESKTOP_SESSION_ID', 'this-is-deprecated'), ('ROS_LOCALHOST_ONLY', '0'), ('PATH', '/opt/ros/humble/bin:/usr/local/sbin:/usr/local/bin:/usr/sbin:/usr/bin:/sbin:/bin:/usr/games:/usr/local/games:/snap/bin:/snap/bin'), ('SESSION_MANAGER', 'local/manish-Precision-7750:@/tmp/.ICE-unix/1690,unix/manish-Precision-7750:/tmp/.ICE-unix/1690'), ('FASTRTPS_DEFAULT_PROFILES_FILE', '/home/manish/.ros/DEFAULT_FASTRTPS_PROFILES.xml'), ('INVOCATION_ID', '16586a4b5ae8461aa3185be6e8c58e84'), ('XDG_MENU_PREFIX', 'gnome-'), ('GNOME_SETUP_DISPLAY', ':1'), ('XDG_RUNTIME_DIR', '/run/user/1000'), ('DISPLAY', ':0'), ('TERMINATOR_DBUS_PATH', '/net/tenshu/Terminator2'), ('LANG', 'en_IE.UTF-8'), ('XDG_CURRENT_DESKTOP', 'ubuntu:GNOME'), ('IBUS_DISABLE_SNOOPER', '1'), ('XMODIFIERS', '@im=ibus'), ('XDG_SESSION_DESKTOP', 'ubuntu'), ('XAUTHORITY', '/run/user/1000/.mutter-Xwaylandauth.BDPIA3'), ('LS_COLORS', 'rs=0:di=01;34:ln=01;36:mh=00:pi=40;33:so=01;35:do=01;35:bd=40;33;01:cd=40;33;01:or=40;31;01:mi=00:su=37;41:sg=30;43:ca=30;41:tw=30;42:ow=34;42:st=37;44:ex=01;32:*.tar=01;31:*.tgz=01;31:*.arc=01;31:*.arj=01;31:*.taz=01;31:*.lha=01;31:*.lz4=01;31:*.lzh=01;31:*.lzma=01;31:*.tlz=01;31:*.txz=01;31:*.tzo=01;31:*.t7z=01;31:*.zip=01;31:*.z=01;31:*.dz=01;31:*.gz=01;31:*.lrz=01;31:*.lz=01;31:*.lzo=01;31:*.xz=01;31:*.zst=01;31:*.tzst=01;31:*.bz2=01;31:*.bz=01;31:*.tbz=01;31:*.tbz2=01;31:*.tz=01;31:*.deb=01;31:*.rpm=01;31:*.jar=01;31:*.war=01;31:*.ear=01;31:*.sar=01;31:*.rar=01;31:*.alz=01;31:*.ace=01;31:*.zoo=01;31:*.cpio=01;31:*.7z=01;31:*.rz=01;31:*.cab=01;31:*.wim=01;31:*.swm=01;31:*.dwm=01;31:*.esd=01;31:*.jpg=01;35:*.jpeg=01;35:*.mjpg=01;35:*.mjpeg=01;35:*.gif=01;35:*.bmp=01;35:*.pbm=01;35:*.pgm=01;35:*.ppm=01;35:*.tga=01;35:*.xbm=01;35:*.xpm=01;35:*.tif=01;35:*.tiff=01;35:*.png=01;35:*.svg=01;35:*.svgz=01;35:*.mng=01;35:*.pcx=01;35:*.mov=01;35:*.mpg=01;35:*.mpeg=01;35:*.m2v=01;35:*.mkv=01;35:*.webm=01;35:*.webp=01;35:*.ogm=01;35:*.mp4=01;35:*.m4v=01;35:*.mp4v=01;35:*.vob=01;35:*.qt=01;35:*.nuv=01;35:*.wmv=01;35:*.asf=01;35:*.rm=01;35:*.rmvb=01;35:*.flc=01;35:*.avi=01;35:*.fli=01;35:*.flv=01;35:*.gl=01;35:*.dl=01;35:*.xcf=01;35:*.xwd=01;35:*.yuv=01;35:*.cgm=01;35:*.emf=01;35:*.ogv=01;35:*.ogx=01;35:*.aac=00;36:*.au=00;36:*.flac=00;36:*.m4a=00;36:*.mid=00;36:*.midi=00;36:*.mka=00;36:*.mp3=00;36:*.mpc=00;36:*.ogg=00;36:*.ra=00;36:*.wav=00;36:*.oga=00;36:*.opus=00;36:*.spx=00;36:*.xspf=00;36:'), ('SSH_AGENT_LAUNCHER', 'gnome-keyring'), ('SSH_AUTH_SOCK', '/run/user/1000/keyring/ssh'), ('AMENT_PREFIX_PATH', '/home/manish/eiratech_ws/install/robot_bringup:/home/manish/eiratech_ws/install/robot_description:/home/manish/eiratech_ws/install/robot_control:/home/manish/eiratech_ws/install/cropmap_nav2:/opt/ros/humble'), ('SHELL', '/bin/bash'), ('TERMINATOR_UUID', 'urn:uuid:35c9b79d-f539-4158-ac41-c541a4381cd8'), ('QT_ACCESSIBILITY', '1'), ('GDMSESSION', 'ubuntu'), ('LESSCLOSE', '/usr/bin/lesspipe %s %s'), ('IGN_GAZEBO_RESOURCE_PATH', ':/home/manish/eiratech_ws/install/robot_description/share/robot_description:/home/manish/.gz/models'), ('GJS_DEBUG_OUTPUT', 'stderr'), ('QT_IM_MODULE', 'ibus'), ('PWD', '/home/manish/eiratech_ws/build/vox_nav_msgs'), ('XDG_CONFIG_DIRS', '/etc/xdg/xdg-ubuntu:/etc/xdg'), ('GAZEBO_PLUGIN_PATH', ':/path/to/your_ws/install/gazebo_ros2_control/lib:/opt/ros/humble/lib'), ('XDG_DATA_DIRS', '/usr/share/ubuntu:/usr/local/share/:/usr/share/:/var/lib/snapd/desktop'), ('PYTHONPATH', '/opt/ros/humble/lib/python3.10/site-packages:/opt/ros/humble/local/lib/python3.10/dist-packages'), ('COLCON', '1'), ('VTE_VERSION', '6800'), ('CMAKE_PREFIX_PATH', '/home/manish/eiratech_ws/install/robot_bringup:/home/manish/eiratech_ws/install/robot_description:/home/manish/eiratech_ws/install/robot_control:/home/manish/eiratech_ws/install/cropmap_nav2:/opt/ros/humble')]), 'shell': False}
[2.102960] (-) TimerEvent: {}
[2.119533] (vox_nav_msgs) StdoutLine: {'line': b'[  1%] \x1b[34m\x1b[1mGenerating C code for ROS interfaces\x1b[0m\n'}
[2.127821] (vox_nav_msgs) StdoutLine: {'line': b'[  1%] \x1b[34m\x1b[1mGenerating C++ code for ROS interfaces\x1b[0m\n'}
[2.133716] (vox_nav_msgs) StdoutLine: {'line': b'[  1%] Built target ament_cmake_python_copy_vox_nav_msgs\n'}
[2.203081] (-) TimerEvent: {}
[2.303352] (-) TimerEvent: {}
[2.380745] (vox_nav_msgs) StdoutLine: {'line': b'running egg_info\n'}
[2.381253] (vox_nav_msgs) StdoutLine: {'line': b'creating vox_nav_msgs.egg-info\n'}
[2.381478] (vox_nav_msgs) StdoutLine: {'line': b'writing vox_nav_msgs.egg-info/PKG-INFO\n'}
[2.381713] (vox_nav_msgs) StdoutLine: {'line': b'writing dependency_links to vox_nav_msgs.egg-info/dependency_links.txt\n'}
[2.381929] (vox_nav_msgs) StdoutLine: {'line': b'writing top-level names to vox_nav_msgs.egg-info/top_level.txt\n'}
[2.382023] (vox_nav_msgs) StdoutLine: {'line': b"writing manifest file 'vox_nav_msgs.egg-info/SOURCES.txt'\n"}
[2.384180] (vox_nav_msgs) StdoutLine: {'line': b"reading manifest file 'vox_nav_msgs.egg-info/SOURCES.txt'\n"}
[2.384699] (vox_nav_msgs) StdoutLine: {'line': b"writing manifest file 'vox_nav_msgs.egg-info/SOURCES.txt'\n"}
[2.403442] (-) TimerEvent: {}
[2.405795] (vox_nav_msgs) StdoutLine: {'line': b'[  1%] Built target ament_cmake_python_build_vox_nav_msgs_egg\n'}
[2.503523] (-) TimerEvent: {}
[2.603720] (-) TimerEvent: {}
[2.703946] (-) TimerEvent: {}
[2.804179] (-) TimerEvent: {}
[2.904400] (-) TimerEvent: {}
[3.004598] (-) TimerEvent: {}
[3.104804] (-) TimerEvent: {}
[3.205032] (-) TimerEvent: {}
[3.305263] (-) TimerEvent: {}
[3.405460] (-) TimerEvent: {}
[3.505664] (-) TimerEvent: {}
[3.605891] (-) TimerEvent: {}
[3.706117] (-) TimerEvent: {}
[3.806310] (-) TimerEvent: {}
[3.906504] (-) TimerEvent: {}
[4.006699] (-) TimerEvent: {}
[4.106927] (-) TimerEvent: {}
[4.207152] (-) TimerEvent: {}
[4.307309] (-) TimerEvent: {}
[4.407507] (-) TimerEvent: {}
[4.505555] (vox_nav_msgs) StdoutLine: {'line': b'[  3%] \x1b[32mBuilding C object CMakeFiles/vox_nav_msgs__rosidl_generator_c.dir/rosidl_generator_c/vox_nav_msgs/msg/detail/object_array__functions.c.o\x1b[0m\n'}
[4.505932] (vox_nav_msgs) StdoutLine: {'line': b'[  5%] \x1b[32mBuilding C object CMakeFiles/vox_nav_msgs__rosidl_generator_c.dir/rosidl_generator_c/vox_nav_msgs/srv/detail/get_octomap__functions.c.o\x1b[0m\n'}
[4.506079] (vox_nav_msgs) StdoutLine: {'line': b'[  5%] \x1b[32mBuilding C object CMakeFiles/vox_nav_msgs__rosidl_generator_c.dir/rosidl_generator_c/vox_nav_msgs/msg/detail/oriented_nav_sat_fix__functions.c.o\x1b[0m\n'}
[4.506202] (vox_nav_msgs) StdoutLine: {'line': b'[  5%] \x1b[32mBuilding C object CMakeFiles/vox_nav_msgs__rosidl_generator_c.dir/rosidl_generator_c/vox_nav_msgs/msg/detail/object__functions.c.o\x1b[0m\n'}
[4.506331] (vox_nav_msgs) StdoutLine: {'line': b'[  5%] \x1b[32mBuilding C object CMakeFiles/vox_nav_msgs__rosidl_generator_c.dir/rosidl_generator_c/vox_nav_msgs/msg/detail/semantic_road_label__functions.c.o\x1b[0m\n'}
[4.506449] (vox_nav_msgs) StdoutLine: {'line': b'[  6%] \x1b[32mBuilding C object CMakeFiles/vox_nav_msgs__rosidl_generator_c.dir/rosidl_generator_c/vox_nav_msgs/srv/detail/get_osm_road_topology_map__functions.c.o\x1b[0m\n'}
[4.506570] (vox_nav_msgs) StdoutLine: {'line': b'[  6%] \x1b[32mBuilding C object CMakeFiles/vox_nav_msgs__rosidl_generator_c.dir/rosidl_generator_c/vox_nav_msgs/srv/detail/get_point_cloud__functions.c.o\x1b[0m\n'}
[4.506692] (vox_nav_msgs) StdoutLine: {'line': b'[  7%] \x1b[32mBuilding C object CMakeFiles/vox_nav_msgs__rosidl_generator_c.dir/rosidl_generator_c/vox_nav_msgs/action/detail/compute_path_to_pose__functions.c.o\x1b[0m\n'}
[4.506801] (vox_nav_msgs) StdoutLine: {'line': b'[  8%] \x1b[32mBuilding C object CMakeFiles/vox_nav_msgs__rosidl_generator_c.dir/rosidl_generator_c/vox_nav_msgs/srv/detail/get_traversability_map__functions.c.o\x1b[0m\n'}
[4.506906] (vox_nav_msgs) StdoutLine: {'line': b'[  9%] \x1b[32mBuilding C object CMakeFiles/vox_nav_msgs__rosidl_generator_c.dir/rosidl_generator_c/vox_nav_msgs/action/detail/follow_path__functions.c.o\x1b[0m\n'}
[4.507010] (vox_nav_msgs) StdoutLine: {'line': b'[ 10%] \x1b[32mBuilding C object CMakeFiles/vox_nav_msgs__rosidl_generator_c.dir/rosidl_generator_c/vox_nav_msgs/action/detail/navigate_to_pose__functions.c.o\x1b[0m\n'}
[4.508290] (-) TimerEvent: {}
[4.591416] (vox_nav_msgs) StdoutLine: {'line': b'[ 10%] \x1b[32mBuilding C object CMakeFiles/vox_nav_msgs__rosidl_generator_c.dir/rosidl_generator_c/vox_nav_msgs/action/detail/navigate_through_gps_poses__functions.c.o\x1b[0m\n'}
[4.596438] (vox_nav_msgs) StdoutLine: {'line': b'[ 11%] \x1b[32mBuilding C object CMakeFiles/vox_nav_msgs__rosidl_generator_c.dir/rosidl_generator_c/vox_nav_msgs/action/detail/navigate_through_poses__functions.c.o\x1b[0m\n'}
[4.608411] (-) TimerEvent: {}
[4.691418] (vox_nav_msgs) StdoutLine: {'line': b'[ 11%] Built target vox_nav_msgs__cpp\n'}
[4.701365] (vox_nav_msgs) StdoutLine: {'line': b'[ 11%] \x1b[34m\x1b[1mGenerating C++ introspection for ROS interfaces\x1b[0m\n'}
[4.704681] (vox_nav_msgs) StdoutLine: {'line': b'[ 12%] \x1b[34m\x1b[1mGenerating C++ type support dispatch for ROS interfaces\x1b[0m\n'}
[4.705017] (vox_nav_msgs) StdoutLine: {'line': b'[ 13%] \x1b[34m\x1b[1mGenerating C++ type support for eProsima Fast-RTPS\x1b[0m\n'}
[4.708548] (-) TimerEvent: {}
[4.764064] (vox_nav_msgs) StdoutLine: {'line': b'[ 14%] \x1b[32m\x1b[1mLinking C shared library libvox_nav_msgs__rosidl_generator_c.so\x1b[0m\n'}
[4.803181] (vox_nav_msgs) StdoutLine: {'line': b'[ 14%] Built target vox_nav_msgs__rosidl_generator_c\n'}
[4.808638] (-) TimerEvent: {}
[4.812929] (vox_nav_msgs) StdoutLine: {'line': b'[ 17%] \x1b[34m\x1b[1mGenerating C type support dispatch for ROS interfaces\x1b[0m\n'}
[4.813147] (vox_nav_msgs) StdoutLine: {'line': b'[ 17%] \x1b[34m\x1b[1mGenerating C introspection for ROS interfaces\x1b[0m\n'}
[4.813284] (vox_nav_msgs) StdoutLine: {'line': b'[ 17%] \x1b[34m\x1b[1mGenerating C type support for eProsima Fast-RTPS\x1b[0m\n'}
[4.908736] (-) TimerEvent: {}
[5.009018] (-) TimerEvent: {}
[5.109302] (-) TimerEvent: {}
[5.209568] (-) TimerEvent: {}
[5.309846] (-) TimerEvent: {}
[5.410116] (-) TimerEvent: {}
[5.510391] (-) TimerEvent: {}
[5.610664] (-) TimerEvent: {}
[5.710939] (-) TimerEvent: {}
[5.811209] (-) TimerEvent: {}
[5.911488] (-) TimerEvent: {}
[6.011761] (-) TimerEvent: {}
[6.112034] (-) TimerEvent: {}
[6.212312] (-) TimerEvent: {}
[6.274320] (vox_nav_msgs) StdoutLine: {'line': b'[ 20%] \x1b[32mBuilding CXX object CMakeFiles/vox_nav_msgs__rosidl_typesupport_cpp.dir/rosidl_typesupport_cpp/vox_nav_msgs/msg/object__type_support.cpp.o\x1b[0m\n'}
[6.274547] (vox_nav_msgs) StdoutLine: {'line': b'[ 20%] \x1b[32mBuilding CXX object CMakeFiles/vox_nav_msgs__rosidl_typesupport_cpp.dir/rosidl_typesupport_cpp/vox_nav_msgs/msg/semantic_road_label__type_support.cpp.o\x1b[0m\n'}
[6.274672] (vox_nav_msgs) StdoutLine: {'line': b'[ 20%] \x1b[32mBuilding CXX object CMakeFiles/vox_nav_msgs__rosidl_typesupport_cpp.dir/rosidl_typesupport_cpp/vox_nav_msgs/msg/oriented_nav_sat_fix__type_support.cpp.o\x1b[0m\n'}
[6.274794] (vox_nav_msgs) StdoutLine: {'line': b'[ 20%] \x1b[32mBuilding CXX object CMakeFiles/vox_nav_msgs__rosidl_typesupport_cpp.dir/rosidl_typesupport_cpp/vox_nav_msgs/msg/object_array__type_support.cpp.o\x1b[0m\n'}
[6.274905] (vox_nav_msgs) StdoutLine: {'line': b'[ 21%] \x1b[32mBuilding CXX object CMakeFiles/vox_nav_msgs__rosidl_typesupport_cpp.dir/rosidl_typesupport_cpp/vox_nav_msgs/srv/get_octomap__type_support.cpp.o\x1b[0m\n'}
[6.275016] (vox_nav_msgs) StdoutLine: {'line': b'[ 22%] \x1b[32mBuilding CXX object CMakeFiles/vox_nav_msgs__rosidl_typesupport_cpp.dir/rosidl_typesupport_cpp/vox_nav_msgs/srv/get_point_cloud__type_support.cpp.o\x1b[0m\n'}
[6.275131] (vox_nav_msgs) StdoutLine: {'line': b'[ 23%] \x1b[32mBuilding CXX object CMakeFiles/vox_nav_msgs__rosidl_typesupport_cpp.dir/rosidl_typesupport_cpp/vox_nav_msgs/srv/get_osm_road_topology_map__type_support.cpp.o\x1b[0m\n'}
[6.313505] (-) TimerEvent: {}
[6.413895] (-) TimerEvent: {}
[6.458351] (vox_nav_msgs) StdoutLine: {'line': b'[ 23%] \x1b[32mBuilding CXX object CMakeFiles/vox_nav_msgs__rosidl_typesupport_c.dir/rosidl_typesupport_c/vox_nav_msgs/msg/object__type_support.cpp.o\x1b[0m\n'}
[6.509076] (vox_nav_msgs) StdoutLine: {'line': b'[ 24%] \x1b[32mBuilding CXX object CMakeFiles/vox_nav_msgs__rosidl_typesupport_c.dir/rosidl_typesupport_c/vox_nav_msgs/msg/object_array__type_support.cpp.o\x1b[0m\n'}
[6.513999] (-) TimerEvent: {}
[6.560075] (vox_nav_msgs) StdoutLine: {'line': b'[ 25%] \x1b[32mBuilding CXX object CMakeFiles/vox_nav_msgs__rosidl_typesupport_c.dir/rosidl_typesupport_c/vox_nav_msgs/msg/oriented_nav_sat_fix__type_support.cpp.o\x1b[0m\n'}
[6.606968] (vox_nav_msgs) StdoutLine: {'line': b'[ 26%] \x1b[32mBuilding CXX object CMakeFiles/vox_nav_msgs__rosidl_typesupport_c.dir/rosidl_typesupport_c/vox_nav_msgs/msg/semantic_road_label__type_support.cpp.o\x1b[0m\n'}
[6.614106] (-) TimerEvent: {}
[6.651752] (vox_nav_msgs) StdoutLine: {'line': b'[ 27%] \x1b[32mBuilding CXX object CMakeFiles/vox_nav_msgs__rosidl_typesupport_c.dir/rosidl_typesupport_c/vox_nav_msgs/srv/get_octomap__type_support.cpp.o\x1b[0m\n'}
[6.701650] (vox_nav_msgs) StdoutLine: {'line': b'[ 27%] \x1b[32mBuilding CXX object CMakeFiles/vox_nav_msgs__rosidl_typesupport_c.dir/rosidl_typesupport_c/vox_nav_msgs/srv/get_osm_road_topology_map__type_support.cpp.o\x1b[0m\n'}
[6.714207] (-) TimerEvent: {}
[6.748589] (vox_nav_msgs) StdoutLine: {'line': b'[ 28%] \x1b[32mBuilding CXX object CMakeFiles/vox_nav_msgs__rosidl_typesupport_cpp.dir/rosidl_typesupport_cpp/vox_nav_msgs/srv/get_traversability_map__type_support.cpp.o\x1b[0m\n'}
[6.748824] (vox_nav_msgs) StdoutLine: {'line': b'[ 29%] \x1b[32mBuilding CXX object CMakeFiles/vox_nav_msgs__rosidl_typesupport_c.dir/rosidl_typesupport_c/vox_nav_msgs/srv/get_traversability_map__type_support.cpp.o\x1b[0m\n'}
[6.749024] (vox_nav_msgs) StdoutLine: {'line': b'[ 29%] \x1b[32mBuilding CXX object CMakeFiles/vox_nav_msgs__rosidl_typesupport_c.dir/rosidl_typesupport_c/vox_nav_msgs/srv/get_point_cloud__type_support.cpp.o\x1b[0m\n'}
[6.763416] (vox_nav_msgs) StdoutLine: {'line': b'[ 30%] \x1b[32mBuilding CXX object CMakeFiles/vox_nav_msgs__rosidl_typesupport_c.dir/rosidl_typesupport_c/vox_nav_msgs/action/compute_path_to_pose__type_support.cpp.o\x1b[0m\n'}
[6.763733] (vox_nav_msgs) StdoutLine: {'line': b'[ 31%] \x1b[32mBuilding CXX object CMakeFiles/vox_nav_msgs__rosidl_typesupport_c.dir/rosidl_typesupport_c/vox_nav_msgs/action/follow_path__type_support.cpp.o\x1b[0m\n'}
[6.763874] (vox_nav_msgs) StdoutLine: {'line': b'[ 32%] \x1b[32mBuilding CXX object CMakeFiles/vox_nav_msgs__rosidl_typesupport_cpp.dir/rosidl_typesupport_cpp/vox_nav_msgs/action/compute_path_to_pose__type_support.cpp.o\x1b[0m\n'}
[6.767005] (vox_nav_msgs) StdoutLine: {'line': b'[ 33%] \x1b[32mBuilding CXX object CMakeFiles/vox_nav_msgs__rosidl_typesupport_cpp.dir/rosidl_typesupport_cpp/vox_nav_msgs/action/follow_path__type_support.cpp.o\x1b[0m\n'}
[6.772725] (vox_nav_msgs) StdoutLine: {'line': b'[ 33%] \x1b[32mBuilding CXX object CMakeFiles/vox_nav_msgs__rosidl_typesupport_c.dir/rosidl_typesupport_c/vox_nav_msgs/action/navigate_to_pose__type_support.cpp.o\x1b[0m\n'}
[6.797151] (vox_nav_msgs) StdoutLine: {'line': b'[ 34%] \x1b[32mBuilding CXX object CMakeFiles/vox_nav_msgs__rosidl_typesupport_cpp.dir/rosidl_typesupport_cpp/vox_nav_msgs/action/navigate_to_pose__type_support.cpp.o\x1b[0m\n'}
[6.797780] (vox_nav_msgs) StdoutLine: {'line': b'[ 35%] \x1b[32mBuilding CXX object CMakeFiles/vox_nav_msgs__rosidl_typesupport_c.dir/rosidl_typesupport_c/vox_nav_msgs/action/navigate_through_gps_poses__type_support.cpp.o\x1b[0m\n'}
[6.816331] (-) TimerEvent: {}
[6.850098] (vox_nav_msgs) StdoutLine: {'line': b'[ 36%] \x1b[32mBuilding CXX object CMakeFiles/vox_nav_msgs__rosidl_typesupport_cpp.dir/rosidl_typesupport_cpp/vox_nav_msgs/action/navigate_through_gps_poses__type_support.cpp.o\x1b[0m\n'}
[6.860821] (vox_nav_msgs) StdoutLine: {'line': b'[ 37%] \x1b[32mBuilding CXX object CMakeFiles/vox_nav_msgs__rosidl_typesupport_c.dir/rosidl_typesupport_c/vox_nav_msgs/action/navigate_through_poses__type_support.cpp.o\x1b[0m\n'}
[6.872704] (vox_nav_msgs) StdoutLine: {'line': b'[ 37%] \x1b[32mBuilding CXX object CMakeFiles/vox_nav_msgs__rosidl_typesupport_cpp.dir/rosidl_typesupport_cpp/vox_nav_msgs/action/navigate_through_poses__type_support.cpp.o\x1b[0m\n'}
[6.916438] (-) TimerEvent: {}
[6.947741] (vox_nav_msgs) StdoutLine: {'line': b'[ 38%] \x1b[32m\x1b[1mLinking CXX shared library libvox_nav_msgs__rosidl_typesupport_c.so\x1b[0m\n'}
[6.977095] (vox_nav_msgs) StdoutLine: {'line': b'[ 40%] \x1b[32mBuilding CXX object CMakeFiles/vox_nav_msgs__rosidl_typesupport_introspection_cpp.dir/rosidl_typesupport_introspection_cpp/vox_nav_msgs/msg/detail/object__type_support.cpp.o\x1b[0m\n'}
[6.977340] (vox_nav_msgs) StdoutLine: {'line': b'[ 40%] \x1b[32mBuilding CXX object CMakeFiles/vox_nav_msgs__rosidl_typesupport_introspection_cpp.dir/rosidl_typesupport_introspection_cpp/vox_nav_msgs/msg/detail/object_array__type_support.cpp.o\x1b[0m\n'}
[7.017320] (-) TimerEvent: {}
[7.025342] (vox_nav_msgs) StdoutLine: {'line': b'[ 40%] Built target vox_nav_msgs__rosidl_typesupport_c\n'}
[7.038883] (vox_nav_msgs) StdoutLine: {'line': b'[ 41%] \x1b[32mBuilding CXX object CMakeFiles/vox_nav_msgs__rosidl_typesupport_introspection_cpp.dir/rosidl_typesupport_introspection_cpp/vox_nav_msgs/msg/detail/oriented_nav_sat_fix__type_support.cpp.o\x1b[0m\n'}
[7.117430] (-) TimerEvent: {}
[7.210352] (vox_nav_msgs) StdoutLine: {'line': b'[ 42%] \x1b[32mBuilding CXX object CMakeFiles/vox_nav_msgs__rosidl_typesupport_introspection_cpp.dir/rosidl_typesupport_introspection_cpp/vox_nav_msgs/msg/detail/semantic_road_label__type_support.cpp.o\x1b[0m\n'}
[7.217534] (-) TimerEvent: {}
[7.317866] (-) TimerEvent: {}
[7.418198] (-) TimerEvent: {}
[7.521462] (-) TimerEvent: {}
[7.534800] (vox_nav_msgs) StdoutLine: {'line': b'[ 42%] \x1b[32mBuilding CXX object CMakeFiles/vox_nav_msgs__rosidl_typesupport_introspection_cpp.dir/rosidl_typesupport_introspection_cpp/vox_nav_msgs/srv/detail/get_octomap__type_support.cpp.o\x1b[0m\n'}
[7.539082] (vox_nav_msgs) StdoutLine: {'line': b'[ 43%] \x1b[32mBuilding CXX object CMakeFiles/vox_nav_msgs__rosidl_typesupport_introspection_cpp.dir/rosidl_typesupport_introspection_cpp/vox_nav_msgs/srv/detail/get_osm_road_topology_map__type_support.cpp.o\x1b[0m\n'}
[7.574993] (vox_nav_msgs) StdoutLine: {'line': b'[ 44%] \x1b[32mBuilding CXX object CMakeFiles/vox_nav_msgs__rosidl_typesupport_introspection_cpp.dir/rosidl_typesupport_introspection_cpp/vox_nav_msgs/srv/detail/get_point_cloud__type_support.cpp.o\x1b[0m\n'}
[7.621596] (-) TimerEvent: {}
[7.640433] (vox_nav_msgs) StdoutLine: {'line': b'[ 46%] \x1b[32mBuilding CXX object CMakeFiles/vox_nav_msgs__rosidl_typesupport_introspection_cpp.dir/rosidl_typesupport_introspection_cpp/vox_nav_msgs/srv/detail/get_traversability_map__type_support.cpp.o\x1b[0m\n'}
[7.640697] (vox_nav_msgs) StdoutLine: {'line': b'[ 46%] \x1b[32m\x1b[1mLinking CXX shared library libvox_nav_msgs__rosidl_typesupport_cpp.so\x1b[0m\n'}
[7.688343] (vox_nav_msgs) StdoutLine: {'line': b'[ 47%] \x1b[32mBuilding C object CMakeFiles/vox_nav_msgs__rosidl_typesupport_introspection_c.dir/rosidl_typesupport_introspection_c/vox_nav_msgs/msg/detail/object__type_support.c.o\x1b[0m\n'}
[7.697655] (vox_nav_msgs) StdoutLine: {'line': b'[ 48%] \x1b[32mBuilding CXX object CMakeFiles/vox_nav_msgs__rosidl_typesupport_introspection_cpp.dir/rosidl_typesupport_introspection_cpp/vox_nav_msgs/action/detail/compute_path_to_pose__type_support.cpp.o\x1b[0m\n'}
[7.705041] (vox_nav_msgs) StdoutLine: {'line': b'[ 48%] Built target vox_nav_msgs__rosidl_typesupport_cpp\n'}
[7.716297] (vox_nav_msgs) StdoutLine: {'line': b'[ 49%] \x1b[32mBuilding C object CMakeFiles/vox_nav_msgs__rosidl_typesupport_introspection_c.dir/rosidl_typesupport_introspection_c/vox_nav_msgs/msg/detail/object_array__type_support.c.o\x1b[0m\n'}
[7.721705] (-) TimerEvent: {}
[7.758856] (vox_nav_msgs) StdoutLine: {'line': b'[ 49%] \x1b[32mBuilding C object CMakeFiles/vox_nav_msgs__rosidl_typesupport_introspection_c.dir/rosidl_typesupport_introspection_c/vox_nav_msgs/msg/detail/oriented_nav_sat_fix__type_support.c.o\x1b[0m\n'}
[7.786315] (vox_nav_msgs) StdoutLine: {'line': b'[ 49%] \x1b[32mBuilding CXX object CMakeFiles/vox_nav_msgs__rosidl_typesupport_introspection_cpp.dir/rosidl_typesupport_introspection_cpp/vox_nav_msgs/action/detail/follow_path__type_support.cpp.o\x1b[0m\n'}
[7.802246] (vox_nav_msgs) StdoutLine: {'line': b'[ 50%] \x1b[32mBuilding C object CMakeFiles/vox_nav_msgs__rosidl_typesupport_introspection_c.dir/rosidl_typesupport_introspection_c/vox_nav_msgs/msg/detail/semantic_road_label__type_support.c.o\x1b[0m\n'}
[7.816156] (vox_nav_msgs) StdoutLine: {'line': b'[ 51%] \x1b[32mBuilding C object CMakeFiles/vox_nav_msgs__rosidl_typesupport_introspection_c.dir/rosidl_typesupport_introspection_c/vox_nav_msgs/srv/detail/get_octomap__type_support.c.o\x1b[0m\n'}
[7.821822] (-) TimerEvent: {}
[7.843669] (vox_nav_msgs) StdoutLine: {'line': b'[ 52%] \x1b[32mBuilding CXX object CMakeFiles/vox_nav_msgs__rosidl_typesupport_introspection_cpp.dir/rosidl_typesupport_introspection_cpp/vox_nav_msgs/action/detail/navigate_to_pose__type_support.cpp.o\x1b[0m\n'}
[7.868739] (vox_nav_msgs) StdoutLine: {'line': b'[ 53%] \x1b[32mBuilding C object CMakeFiles/vox_nav_msgs__rosidl_typesupport_introspection_c.dir/rosidl_typesupport_introspection_c/vox_nav_msgs/srv/detail/get_osm_road_topology_map__type_support.c.o\x1b[0m\n'}
[7.894758] (vox_nav_msgs) StdoutLine: {'line': b'[ 54%] \x1b[32mBuilding CXX object CMakeFiles/vox_nav_msgs__rosidl_typesupport_introspection_cpp.dir/rosidl_typesupport_introspection_cpp/vox_nav_msgs/action/detail/navigate_through_gps_poses__type_support.cpp.o\x1b[0m\n'}
[7.897694] (vox_nav_msgs) StdoutLine: {'line': b'[ 55%] \x1b[32mBuilding CXX object CMakeFiles/vox_nav_msgs__rosidl_typesupport_fastrtps_cpp.dir/rosidl_typesupport_fastrtps_cpp/vox_nav_msgs/msg/detail/dds_fastrtps/object__type_support.cpp.o\x1b[0m\n'}
[7.920733] (vox_nav_msgs) StdoutLine: {'line': b'[ 56%] \x1b[32mBuilding CXX object CMakeFiles/vox_nav_msgs__rosidl_typesupport_fastrtps_c.dir/rosidl_typesupport_fastrtps_c/vox_nav_msgs/msg/detail/object__type_support_c.cpp.o\x1b[0m\n'}
[7.925346] (-) TimerEvent: {}
[7.932392] (vox_nav_msgs) StdoutLine: {'line': b'[ 57%] \x1b[32mBuilding C object CMakeFiles/vox_nav_msgs__rosidl_typesupport_introspection_c.dir/rosidl_typesupport_introspection_c/vox_nav_msgs/srv/detail/get_point_cloud__type_support.c.o\x1b[0m\n'}
[8.001473] (vox_nav_msgs) StdoutLine: {'line': b'[ 57%] \x1b[32mBuilding C object CMakeFiles/vox_nav_msgs__rosidl_typesupport_introspection_c.dir/rosidl_typesupport_introspection_c/vox_nav_msgs/srv/detail/get_traversability_map__type_support.c.o\x1b[0m\n'}
[8.025467] (-) TimerEvent: {}
[8.052382] (vox_nav_msgs) StdoutLine: {'line': b'[ 57%] \x1b[32mBuilding CXX object CMakeFiles/vox_nav_msgs__rosidl_typesupport_fastrtps_c.dir/rosidl_typesupport_fastrtps_c/vox_nav_msgs/msg/detail/object_array__type_support_c.cpp.o\x1b[0m\n'}
[8.068083] (vox_nav_msgs) StdoutLine: {'line': b'[ 58%] \x1b[32mBuilding C object CMakeFiles/vox_nav_msgs__rosidl_typesupport_introspection_c.dir/rosidl_typesupport_introspection_c/vox_nav_msgs/action/detail/compute_path_to_pose__type_support.c.o\x1b[0m\n'}
[8.125594] (-) TimerEvent: {}
[8.152443] (vox_nav_msgs) StdoutLine: {'line': b'[ 59%] \x1b[32mBuilding C object CMakeFiles/vox_nav_msgs__rosidl_typesupport_introspection_c.dir/rosidl_typesupport_introspection_c/vox_nav_msgs/action/detail/follow_path__type_support.c.o\x1b[0m\n'}
[8.205011] (vox_nav_msgs) StdoutLine: {'line': b'[ 60%] \x1b[32mBuilding C object CMakeFiles/vox_nav_msgs__rosidl_typesupport_introspection_c.dir/rosidl_typesupport_introspection_c/vox_nav_msgs/action/detail/navigate_to_pose__type_support.c.o\x1b[0m\n'}
[8.212828] (vox_nav_msgs) StdoutLine: {'line': b'[ 61%] \x1b[32mBuilding CXX object CMakeFiles/vox_nav_msgs__rosidl_typesupport_fastrtps_cpp.dir/rosidl_typesupport_fastrtps_cpp/vox_nav_msgs/msg/detail/dds_fastrtps/object_array__type_support.cpp.o\x1b[0m\n'}
[8.225703] (-) TimerEvent: {}
[8.230229] (vox_nav_msgs) StdoutLine: {'line': b'[ 62%] \x1b[32mBuilding CXX object CMakeFiles/vox_nav_msgs__rosidl_typesupport_fastrtps_c.dir/rosidl_typesupport_fastrtps_c/vox_nav_msgs/msg/detail/oriented_nav_sat_fix__type_support_c.cpp.o\x1b[0m\n'}
[8.257935] (vox_nav_msgs) StdoutLine: {'line': b'[ 63%] \x1b[32mBuilding CXX object CMakeFiles/vox_nav_msgs__rosidl_typesupport_fastrtps_c.dir/rosidl_typesupport_fastrtps_c/vox_nav_msgs/msg/detail/semantic_road_label__type_support_c.cpp.o\x1b[0m\n'}
[8.286374] (vox_nav_msgs) StdoutLine: {'line': b'[ 64%] \x1b[32mBuilding C object CMakeFiles/vox_nav_msgs__rosidl_typesupport_introspection_c.dir/rosidl_typesupport_introspection_c/vox_nav_msgs/action/detail/navigate_through_gps_poses__type_support.c.o\x1b[0m\n'}
[8.325829] (-) TimerEvent: {}
[8.374730] (vox_nav_msgs) StdoutLine: {'line': b'[ 64%] \x1b[32mBuilding C object CMakeFiles/vox_nav_msgs__rosidl_typesupport_introspection_c.dir/rosidl_typesupport_introspection_c/vox_nav_msgs/action/detail/navigate_through_poses__type_support.c.o\x1b[0m\n'}
[8.386657] (vox_nav_msgs) StdoutLine: {'line': b'[ 65%] \x1b[32mBuilding CXX object CMakeFiles/vox_nav_msgs__rosidl_typesupport_fastrtps_c.dir/rosidl_typesupport_fastrtps_c/vox_nav_msgs/srv/detail/get_octomap__type_support_c.cpp.o\x1b[0m\n'}
[8.428324] (-) TimerEvent: {}
[8.465340] (vox_nav_msgs) StdoutLine: {'line': b'[ 66%] \x1b[32m\x1b[1mLinking C shared library libvox_nav_msgs__rosidl_typesupport_introspection_c.so\x1b[0m\n'}
[8.522102] (vox_nav_msgs) StdoutLine: {'line': b'[ 66%] Built target vox_nav_msgs__rosidl_typesupport_introspection_c\n'}
[8.528458] (-) TimerEvent: {}
[8.532123] (vox_nav_msgs) StdoutLine: {'line': b'[ 67%] \x1b[32mBuilding CXX object CMakeFiles/vox_nav_msgs__rosidl_typesupport_fastrtps_cpp.dir/rosidl_typesupport_fastrtps_cpp/vox_nav_msgs/msg/detail/dds_fastrtps/oriented_nav_sat_fix__type_support.cpp.o\x1b[0m\n'}
[8.535443] (vox_nav_msgs) StdoutLine: {'line': b'[ 68%] \x1b[32mBuilding CXX object CMakeFiles/vox_nav_msgs__rosidl_typesupport_introspection_cpp.dir/rosidl_typesupport_introspection_cpp/vox_nav_msgs/action/detail/navigate_through_poses__type_support.cpp.o\x1b[0m\n'}
[8.596412] (vox_nav_msgs) StdoutLine: {'line': b'[ 69%] \x1b[32mBuilding CXX object CMakeFiles/vox_nav_msgs__rosidl_typesupport_fastrtps_c.dir/rosidl_typesupport_fastrtps_c/vox_nav_msgs/srv/detail/get_osm_road_topology_map__type_support_c.cpp.o\x1b[0m\n'}
[8.626684] (vox_nav_msgs) StdoutLine: {'line': b'[ 69%] \x1b[32mBuilding CXX object CMakeFiles/vox_nav_msgs__rosidl_typesupport_fastrtps_cpp.dir/rosidl_typesupport_fastrtps_cpp/vox_nav_msgs/msg/detail/dds_fastrtps/semantic_road_label__type_support.cpp.o\x1b[0m\n'}
[8.628551] (-) TimerEvent: {}
[8.724600] (vox_nav_msgs) StdoutLine: {'line': b'[ 70%] \x1b[32mBuilding CXX object CMakeFiles/vox_nav_msgs__rosidl_typesupport_fastrtps_cpp.dir/rosidl_typesupport_fastrtps_cpp/vox_nav_msgs/srv/detail/dds_fastrtps/get_octomap__type_support.cpp.o\x1b[0m\n'}
[8.728668] (-) TimerEvent: {}
[8.798096] (vox_nav_msgs) StdoutLine: {'line': b'[ 71%] \x1b[32mBuilding CXX object CMakeFiles/vox_nav_msgs__rosidl_typesupport_fastrtps_cpp.dir/rosidl_typesupport_fastrtps_cpp/vox_nav_msgs/srv/detail/dds_fastrtps/get_osm_road_topology_map__type_support.cpp.o\x1b[0m\n'}
[8.809079] (vox_nav_msgs) StdoutLine: {'line': b'[ 71%] \x1b[32mBuilding CXX object CMakeFiles/vox_nav_msgs__rosidl_typesupport_fastrtps_c.dir/rosidl_typesupport_fastrtps_c/vox_nav_msgs/srv/detail/get_point_cloud__type_support_c.cpp.o\x1b[0m\n'}
[8.817295] (vox_nav_msgs) StdoutLine: {'line': b'[ 72%] \x1b[32mBuilding CXX object CMakeFiles/vox_nav_msgs__rosidl_typesupport_fastrtps_cpp.dir/rosidl_typesupport_fastrtps_cpp/vox_nav_msgs/srv/detail/dds_fastrtps/get_point_cloud__type_support.cpp.o\x1b[0m\n'}
[8.828792] (-) TimerEvent: {}
[8.857380] (vox_nav_msgs) StdoutLine: {'line': b'[ 73%] \x1b[32mBuilding CXX object CMakeFiles/vox_nav_msgs__rosidl_typesupport_fastrtps_c.dir/rosidl_typesupport_fastrtps_c/vox_nav_msgs/srv/detail/get_traversability_map__type_support_c.cpp.o\x1b[0m\n'}
[8.928901] (-) TimerEvent: {}
[9.019329] (vox_nav_msgs) StdoutLine: {'line': b'[ 74%] \x1b[32mBuilding CXX object CMakeFiles/vox_nav_msgs__rosidl_typesupport_fastrtps_c.dir/rosidl_typesupport_fastrtps_c/vox_nav_msgs/action/detail/compute_path_to_pose__type_support_c.cpp.o\x1b[0m\n'}
[9.027744] (vox_nav_msgs) StdoutLine: {'line': b'[ 75%] \x1b[32mBuilding CXX object CMakeFiles/vox_nav_msgs__rosidl_typesupport_fastrtps_cpp.dir/rosidl_typesupport_fastrtps_cpp/vox_nav_msgs/srv/detail/dds_fastrtps/get_traversability_map__type_support.cpp.o\x1b[0m\n'}
[9.028989] (-) TimerEvent: {}
[9.087354] (vox_nav_msgs) StdoutLine: {'line': b'[ 76%] \x1b[32mBuilding CXX object CMakeFiles/vox_nav_msgs__rosidl_typesupport_fastrtps_c.dir/rosidl_typesupport_fastrtps_c/vox_nav_msgs/action/detail/follow_path__type_support_c.cpp.o\x1b[0m\n'}
[9.129110] (-) TimerEvent: {}
[9.177172] (vox_nav_msgs) StdoutLine: {'line': b'[ 76%] \x1b[32mBuilding CXX object CMakeFiles/vox_nav_msgs__rosidl_typesupport_fastrtps_cpp.dir/rosidl_typesupport_fastrtps_cpp/vox_nav_msgs/action/detail/dds_fastrtps/compute_path_to_pose__type_support.cpp.o\x1b[0m\n'}
[9.194339] (vox_nav_msgs) StdoutLine: {'line': b'[ 77%] \x1b[32mBuilding CXX object CMakeFiles/vox_nav_msgs__rosidl_typesupport_fastrtps_c.dir/rosidl_typesupport_fastrtps_c/vox_nav_msgs/action/detail/navigate_to_pose__type_support_c.cpp.o\x1b[0m\n'}
[9.229224] (-) TimerEvent: {}
[9.284611] (vox_nav_msgs) StdoutLine: {'line': b'[ 77%] \x1b[32mBuilding CXX object CMakeFiles/vox_nav_msgs__rosidl_typesupport_fastrtps_c.dir/rosidl_typesupport_fastrtps_c/vox_nav_msgs/action/detail/navigate_through_gps_poses__type_support_c.cpp.o\x1b[0m\n'}
[9.329329] (-) TimerEvent: {}
[9.418991] (vox_nav_msgs) StdoutLine: {'line': b'[ 78%] \x1b[32mBuilding CXX object CMakeFiles/vox_nav_msgs__rosidl_typesupport_fastrtps_cpp.dir/rosidl_typesupport_fastrtps_cpp/vox_nav_msgs/action/detail/dds_fastrtps/follow_path__type_support.cpp.o\x1b[0m\n'}
[9.429450] (-) TimerEvent: {}
[9.430439] (vox_nav_msgs) StdoutLine: {'line': b'[ 79%] \x1b[32mBuilding CXX object CMakeFiles/vox_nav_msgs__rosidl_typesupport_fastrtps_c.dir/rosidl_typesupport_fastrtps_c/vox_nav_msgs/action/detail/navigate_through_poses__type_support_c.cpp.o\x1b[0m\n'}
[9.456028] (vox_nav_msgs) StdoutLine: {'line': b'[ 80%] \x1b[32mBuilding CXX object CMakeFiles/vox_nav_msgs__rosidl_typesupport_fastrtps_cpp.dir/rosidl_typesupport_fastrtps_cpp/vox_nav_msgs/action/detail/dds_fastrtps/navigate_to_pose__type_support.cpp.o\x1b[0m\n'}
[9.491313] (vox_nav_msgs) StdoutLine: {'line': b'[ 81%] \x1b[32mBuilding CXX object CMakeFiles/vox_nav_msgs__rosidl_typesupport_fastrtps_cpp.dir/rosidl_typesupport_fastrtps_cpp/vox_nav_msgs/action/detail/dds_fastrtps/navigate_through_gps_poses__type_support.cpp.o\x1b[0m\n'}
[9.529566] (-) TimerEvent: {}
[9.540389] (vox_nav_msgs) StdoutLine: {'line': b'[ 82%] \x1b[32mBuilding CXX object CMakeFiles/vox_nav_msgs__rosidl_typesupport_fastrtps_cpp.dir/rosidl_typesupport_fastrtps_cpp/vox_nav_msgs/action/detail/dds_fastrtps/navigate_through_poses__type_support.cpp.o\x1b[0m\n'}
[9.604557] (vox_nav_msgs) StdoutLine: {'line': b'[ 83%] \x1b[32m\x1b[1mLinking CXX shared library libvox_nav_msgs__rosidl_typesupport_introspection_cpp.so\x1b[0m\n'}
[9.629698] (-) TimerEvent: {}
[9.730062] (-) TimerEvent: {}
[9.751462] (vox_nav_msgs) StdoutLine: {'line': b'[ 83%] Built target vox_nav_msgs__rosidl_typesupport_introspection_cpp\n'}
[9.830183] (-) TimerEvent: {}
[9.930534] (-) TimerEvent: {}
[10.007063] (vox_nav_msgs) StdoutLine: {'line': b'[ 84%] \x1b[32m\x1b[1mLinking CXX shared library libvox_nav_msgs__rosidl_typesupport_fastrtps_c.so\x1b[0m\n'}
[10.030668] (-) TimerEvent: {}
[10.094041] (vox_nav_msgs) StdoutLine: {'line': b'[ 84%] Built target vox_nav_msgs__rosidl_typesupport_fastrtps_c\n'}
[10.130796] (-) TimerEvent: {}
[10.231018] (-) TimerEvent: {}
[10.304177] (vox_nav_msgs) StdoutLine: {'line': b'[ 84%] \x1b[32m\x1b[1mLinking CXX shared library libvox_nav_msgs__rosidl_typesupport_fastrtps_cpp.so\x1b[0m\n'}
[10.331144] (-) TimerEvent: {}
[10.376070] (vox_nav_msgs) StdoutLine: {'line': b'[ 84%] Built target vox_nav_msgs__rosidl_typesupport_fastrtps_cpp\n'}
[10.391577] (vox_nav_msgs) StdoutLine: {'line': b'[ 84%] Built target vox_nav_msgs\n'}
[10.407212] (vox_nav_msgs) StdoutLine: {'line': b'[ 85%] \x1b[34m\x1b[1mGenerating Python code for ROS interfaces\x1b[0m\n'}
[10.431217] (-) TimerEvent: {}
[10.531491] (-) TimerEvent: {}
[10.631723] (-) TimerEvent: {}
[10.731962] (-) TimerEvent: {}
[10.832202] (-) TimerEvent: {}
[10.932441] (-) TimerEvent: {}
[11.032669] (-) TimerEvent: {}
[11.132914] (-) TimerEvent: {}
[11.233153] (-) TimerEvent: {}
[11.333392] (-) TimerEvent: {}
[11.433588] (-) TimerEvent: {}
[11.533827] (-) TimerEvent: {}
[11.634055] (-) TimerEvent: {}
[11.734294] (-) TimerEvent: {}
[11.834527] (-) TimerEvent: {}
[11.934761] (-) TimerEvent: {}
[12.034994] (-) TimerEvent: {}
[12.135230] (-) TimerEvent: {}
[12.235437] (-) TimerEvent: {}
[12.335674] (-) TimerEvent: {}
[12.435903] (-) TimerEvent: {}
[12.536140] (-) TimerEvent: {}
[12.636382] (-) TimerEvent: {}
[12.736579] (-) TimerEvent: {}
[12.836811] (-) TimerEvent: {}
[12.937048] (-) TimerEvent: {}
[13.037281] (-) TimerEvent: {}
[13.137512] (-) TimerEvent: {}
[13.237707] (-) TimerEvent: {}
[13.337943] (-) TimerEvent: {}
[13.438175] (-) TimerEvent: {}
[13.538425] (-) TimerEvent: {}
[13.638659] (-) TimerEvent: {}
[13.738890] (-) TimerEvent: {}
[13.839135] (-) TimerEvent: {}
[13.939387] (-) TimerEvent: {}
[14.039628] (-) TimerEvent: {}
[14.139864] (-) TimerEvent: {}
[14.240098] (-) TimerEvent: {}
[14.340339] (-) TimerEvent: {}
[14.440575] (-) TimerEvent: {}
[14.540807] (-) TimerEvent: {}
[14.641045] (-) TimerEvent: {}
[14.741281] (-) TimerEvent: {}
[14.841516] (-) TimerEvent: {}
[14.941755] (-) TimerEvent: {}
[15.041991] (-) TimerEvent: {}
[15.142255] (-) TimerEvent: {}
[15.158873] (vox_nav_msgs) StdoutLine: {'line': b'[ 85%] Built target vox_nav_msgs__py\n'}
[15.178573] (vox_nav_msgs) StdoutLine: {'line': b'[ 87%] \x1b[32mBuilding C object CMakeFiles/vox_nav_msgs__rosidl_generator_py.dir/rosidl_generator_py/vox_nav_msgs/msg/_oriented_nav_sat_fix_s.c.o\x1b[0m\n'}
[15.178843] (vox_nav_msgs) StdoutLine: {'line': b'[ 87%] \x1b[32mBuilding C object CMakeFiles/vox_nav_msgs__rosidl_generator_py.dir/rosidl_generator_py/vox_nav_msgs/msg/_object_array_s.c.o\x1b[0m\n'}
[15.180672] (vox_nav_msgs) StdoutLine: {'line': b'[ 87%] \x1b[32mBuilding C object CMakeFiles/vox_nav_msgs__rosidl_generator_py.dir/rosidl_generator_py/vox_nav_msgs/msg/_semantic_road_label_s.c.o\x1b[0m\n'}
[15.180870] (vox_nav_msgs) StdoutLine: {'line': b'[ 89%] \x1b[32mBuilding C object CMakeFiles/vox_nav_msgs__rosidl_generator_py.dir/rosidl_generator_py/vox_nav_msgs/msg/_object_s.c.o\x1b[0m\n'}
[15.181001] (vox_nav_msgs) StdoutLine: {'line': b'[ 90%] \x1b[32mBuilding C object CMakeFiles/vox_nav_msgs__rosidl_generator_py.dir/rosidl_generator_py/vox_nav_msgs/srv/_get_osm_road_topology_map_s.c.o\x1b[0m\n'}
[15.181123] (vox_nav_msgs) StdoutLine: {'line': b'[ 90%] \x1b[32mBuilding C object CMakeFiles/vox_nav_msgs__rosidl_generator_py.dir/rosidl_generator_py/vox_nav_msgs/srv/_get_point_cloud_s.c.o\x1b[0m\n'}
[15.181276] (vox_nav_msgs) StdoutLine: {'line': b'[ 89%] \x1b[32mBuilding C object CMakeFiles/vox_nav_msgs__rosidl_generator_py.dir/rosidl_generator_py/vox_nav_msgs/srv/_get_octomap_s.c.o\x1b[0m\n'}
[15.181398] (vox_nav_msgs) StdoutLine: {'line': b'[ 91%] \x1b[32mBuilding C object CMakeFiles/vox_nav_msgs__rosidl_generator_py.dir/rosidl_generator_py/vox_nav_msgs/action/_compute_path_to_pose_s.c.o\x1b[0m\n'}
[15.181497] (vox_nav_msgs) StdoutLine: {'line': b'[ 92%] \x1b[32mBuilding C object CMakeFiles/vox_nav_msgs__rosidl_generator_py.dir/rosidl_generator_py/vox_nav_msgs/srv/_get_traversability_map_s.c.o\x1b[0m\n'}
[15.181594] (vox_nav_msgs) StdoutLine: {'line': b'[ 93%] \x1b[32mBuilding C object CMakeFiles/vox_nav_msgs__rosidl_generator_py.dir/rosidl_generator_py/vox_nav_msgs/action/_follow_path_s.c.o\x1b[0m\n'}
[15.181686] (vox_nav_msgs) StdoutLine: {'line': b'[ 94%] \x1b[32mBuilding C object CMakeFiles/vox_nav_msgs__rosidl_generator_py.dir/rosidl_generator_py/vox_nav_msgs/action/_navigate_to_pose_s.c.o\x1b[0m\n'}
[15.181784] (vox_nav_msgs) StdoutLine: {'line': b'[ 94%] \x1b[32mBuilding C object CMakeFiles/vox_nav_msgs__rosidl_generator_py.dir/rosidl_generator_py/vox_nav_msgs/action/_navigate_through_gps_poses_s.c.o\x1b[0m\n'}
[15.242298] (-) TimerEvent: {}
[15.344801] (-) TimerEvent: {}
[15.392332] (vox_nav_msgs) StdoutLine: {'line': b'[ 95%] \x1b[32mBuilding C object CMakeFiles/vox_nav_msgs__rosidl_generator_py.dir/rosidl_generator_py/vox_nav_msgs/action/_navigate_through_poses_s.c.o\x1b[0m\n'}
[15.444904] (-) TimerEvent: {}
[15.534222] (vox_nav_msgs) StdoutLine: {'line': b'[ 96%] \x1b[32m\x1b[1mLinking C shared library rosidl_generator_py/vox_nav_msgs/libvox_nav_msgs__rosidl_generator_py.so\x1b[0m\n'}
[15.545007] (-) TimerEvent: {}
[15.578629] (vox_nav_msgs) StdoutLine: {'line': b'[ 96%] Built target vox_nav_msgs__rosidl_generator_py\n'}
[15.596010] (vox_nav_msgs) StdoutLine: {'line': b'[ 99%] \x1b[32mBuilding C object CMakeFiles/vox_nav_msgs__rosidl_typesupport_introspection_c__pyext.dir/rosidl_generator_py/vox_nav_msgs/_vox_nav_msgs_s.ep.rosidl_typesupport_introspection_c.c.o\x1b[0m\n'}
[15.596164] (vox_nav_msgs) StdoutLine: {'line': b'[ 99%] \x1b[32mBuilding C object CMakeFiles/vox_nav_msgs__rosidl_typesupport_fastrtps_c__pyext.dir/rosidl_generator_py/vox_nav_msgs/_vox_nav_msgs_s.ep.rosidl_typesupport_fastrtps_c.c.o\x1b[0m\n'}
[15.596232] (vox_nav_msgs) StdoutLine: {'line': b'[ 99%] \x1b[32mBuilding C object CMakeFiles/vox_nav_msgs__rosidl_typesupport_c__pyext.dir/rosidl_generator_py/vox_nav_msgs/_vox_nav_msgs_s.ep.rosidl_typesupport_c.c.o\x1b[0m\n'}
[15.645129] (-) TimerEvent: {}
[15.745424] (-) TimerEvent: {}
[15.839812] (vox_nav_msgs) StdoutLine: {'line': b'[100%] \x1b[32m\x1b[1mLinking C shared library rosidl_generator_py/vox_nav_msgs/vox_nav_msgs_s__rosidl_typesupport_c.cpython-310-x86_64-linux-gnu.so\x1b[0m\n'}
[15.839962] (vox_nav_msgs) StdoutLine: {'line': b'[100%] \x1b[32m\x1b[1mLinking C shared library rosidl_generator_py/vox_nav_msgs/vox_nav_msgs_s__rosidl_typesupport_fastrtps_c.cpython-310-x86_64-linux-gnu.so\x1b[0m\n'}
[15.840030] (vox_nav_msgs) StdoutLine: {'line': b'[100%] \x1b[32m\x1b[1mLinking C shared library rosidl_generator_py/vox_nav_msgs/vox_nav_msgs_s__rosidl_typesupport_introspection_c.cpython-310-x86_64-linux-gnu.so\x1b[0m\n'}
[15.845514] (-) TimerEvent: {}
[15.891020] (vox_nav_msgs) StdoutLine: {'line': b'[100%] Built target vox_nav_msgs__rosidl_typesupport_c__pyext\n'}
[15.891167] (vox_nav_msgs) StdoutLine: {'line': b'[100%] Built target vox_nav_msgs__rosidl_typesupport_fastrtps_c__pyext\n'}
[15.891232] (vox_nav_msgs) StdoutLine: {'line': b'[100%] Built target vox_nav_msgs__rosidl_typesupport_introspection_c__pyext\n'}
[15.901103] (vox_nav_msgs) CommandEnded: {'returncode': 0}
[15.901942] (vox_nav_msgs) JobProgress: {'identifier': 'vox_nav_msgs', 'progress': 'install'}
[15.908748] (vox_nav_msgs) Command: {'cmd': ['/usr/bin/cmake', '--install', '/home/manish/eiratech_ws/build/vox_nav_msgs'], 'cwd': '/home/manish/eiratech_ws/build/vox_nav_msgs', 'env': OrderedDict([('GJS_DEBUG_TOPICS', 'JS ERROR;JS LOG'), ('LESSOPEN', '| /usr/bin/lesspipe %s'), ('GZ_SIM_RESOURCE_PATH', ':/home/manish/eiratech_ws/install/robot_description/share/robot_description:/home/manish/.gz/models'), ('LANGUAGE', 'en_IE:en'), ('USER', 'manish'), ('XDG_SESSION_TYPE', 'wayland'), ('SHLVL', '1'), ('LD_LIBRARY_PATH', '/usr/lib/x86_64-linux-gnu/gazebo-11/plugins:/opt/ros/humble/opt/rviz_ogre_vendor/lib:/opt/ros/humble/lib/x86_64-linux-gnu:/opt/ros/humble/lib'), ('HOME', '/home/manish'), ('OLDPWD', '/home/manish/eiratech_ws/build'), ('DESKTOP_SESSION', 'ubuntu'), ('GIO_LAUNCHED_DESKTOP_FILE', '/usr/share/applications/terminator.desktop'), ('ROS_PYTHON_VERSION', '3'), ('GNOME_SHELL_SESSION_MODE', 'ubuntu'), ('GTK_MODULES', 'gail:atk-bridge'), ('MANAGERPID', '1191'), ('SYSTEMD_EXEC_PID', '1719'), ('DBUS_SESSION_BUS_ADDRESS', 'unix:path=/run/user/1000/bus'), ('COLORTERM', 'truecolor'), ('TERMINATOR_DBUS_NAME', 'net.tenshu.Terminator25ef4b219e3b005583550f2b0f9f990c3'), ('GIO_LAUNCHED_DESKTOP_FILE_PID', '2470'), ('IM_CONFIG_PHASE', '1'), ('WAYLAND_DISPLAY', 'wayland-0'), ('COLCON_PREFIX_PATH', '/home/manish/eiratech_ws/install'), ('ROS_DISTRO', 'humble'), ('LOGNAME', 'manish'), ('JOURNAL_STREAM', '8:15782'), ('_', '/usr/bin/colcon'), ('ROS_VERSION', '2'), ('PKG_CONFIG_PATH', '/usr/local/lib/pkgconfig:'), ('XDG_SESSION_CLASS', 'user'), ('USERNAME', 'manish'), ('TERM', 'xterm-256color'), ('GAZEBO_MODEL_PATH', ':/home/manish/eiratech_ws/install/robot_description/share'), ('GNOME_DESKTOP_SESSION_ID', 'this-is-deprecated'), ('ROS_LOCALHOST_ONLY', '0'), ('PATH', '/opt/ros/humble/bin:/usr/local/sbin:/usr/local/bin:/usr/sbin:/usr/bin:/sbin:/bin:/usr/games:/usr/local/games:/snap/bin:/snap/bin'), ('SESSION_MANAGER', 'local/manish-Precision-7750:@/tmp/.ICE-unix/1690,unix/manish-Precision-7750:/tmp/.ICE-unix/1690'), ('FASTRTPS_DEFAULT_PROFILES_FILE', '/home/manish/.ros/DEFAULT_FASTRTPS_PROFILES.xml'), ('INVOCATION_ID', '16586a4b5ae8461aa3185be6e8c58e84'), ('XDG_MENU_PREFIX', 'gnome-'), ('GNOME_SETUP_DISPLAY', ':1'), ('XDG_RUNTIME_DIR', '/run/user/1000'), ('DISPLAY', ':0'), ('TERMINATOR_DBUS_PATH', '/net/tenshu/Terminator2'), ('LANG', 'en_IE.UTF-8'), ('XDG_CURRENT_DESKTOP', 'ubuntu:GNOME'), ('IBUS_DISABLE_SNOOPER', '1'), ('XMODIFIERS', '@im=ibus'), ('XDG_SESSION_DESKTOP', 'ubuntu'), ('XAUTHORITY', '/run/user/1000/.mutter-Xwaylandauth.BDPIA3'), ('LS_COLORS', 'rs=0:di=01;34:ln=01;36:mh=00:pi=40;33:so=01;35:do=01;35:bd=40;33;01:cd=40;33;01:or=40;31;01:mi=00:su=37;41:sg=30;43:ca=30;41:tw=30;42:ow=34;42:st=37;44:ex=01;32:*.tar=01;31:*.tgz=01;31:*.arc=01;31:*.arj=01;31:*.taz=01;31:*.lha=01;31:*.lz4=01;31:*.lzh=01;31:*.lzma=01;31:*.tlz=01;31:*.txz=01;31:*.tzo=01;31:*.t7z=01;31:*.zip=01;31:*.z=01;31:*.dz=01;31:*.gz=01;31:*.lrz=01;31:*.lz=01;31:*.lzo=01;31:*.xz=01;31:*.zst=01;31:*.tzst=01;31:*.bz2=01;31:*.bz=01;31:*.tbz=01;31:*.tbz2=01;31:*.tz=01;31:*.deb=01;31:*.rpm=01;31:*.jar=01;31:*.war=01;31:*.ear=01;31:*.sar=01;31:*.rar=01;31:*.alz=01;31:*.ace=01;31:*.zoo=01;31:*.cpio=01;31:*.7z=01;31:*.rz=01;31:*.cab=01;31:*.wim=01;31:*.swm=01;31:*.dwm=01;31:*.esd=01;31:*.jpg=01;35:*.jpeg=01;35:*.mjpg=01;35:*.mjpeg=01;35:*.gif=01;35:*.bmp=01;35:*.pbm=01;35:*.pgm=01;35:*.ppm=01;35:*.tga=01;35:*.xbm=01;35:*.xpm=01;35:*.tif=01;35:*.tiff=01;35:*.png=01;35:*.svg=01;35:*.svgz=01;35:*.mng=01;35:*.pcx=01;35:*.mov=01;35:*.mpg=01;35:*.mpeg=01;35:*.m2v=01;35:*.mkv=01;35:*.webm=01;35:*.webp=01;35:*.ogm=01;35:*.mp4=01;35:*.m4v=01;35:*.mp4v=01;35:*.vob=01;35:*.qt=01;35:*.nuv=01;35:*.wmv=01;35:*.asf=01;35:*.rm=01;35:*.rmvb=01;35:*.flc=01;35:*.avi=01;35:*.fli=01;35:*.flv=01;35:*.gl=01;35:*.dl=01;35:*.xcf=01;35:*.xwd=01;35:*.yuv=01;35:*.cgm=01;35:*.emf=01;35:*.ogv=01;35:*.ogx=01;35:*.aac=00;36:*.au=00;36:*.flac=00;36:*.m4a=00;36:*.mid=00;36:*.midi=00;36:*.mka=00;36:*.mp3=00;36:*.mpc=00;36:*.ogg=00;36:*.ra=00;36:*.wav=00;36:*.oga=00;36:*.opus=00;36:*.spx=00;36:*.xspf=00;36:'), ('SSH_AGENT_LAUNCHER', 'gnome-keyring'), ('SSH_AUTH_SOCK', '/run/user/1000/keyring/ssh'), ('AMENT_PREFIX_PATH', '/home/manish/eiratech_ws/install/robot_bringup:/home/manish/eiratech_ws/install/robot_description:/home/manish/eiratech_ws/install/robot_control:/home/manish/eiratech_ws/install/cropmap_nav2:/opt/ros/humble'), ('SHELL', '/bin/bash'), ('TERMINATOR_UUID', 'urn:uuid:35c9b79d-f539-4158-ac41-c541a4381cd8'), ('QT_ACCESSIBILITY', '1'), ('GDMSESSION', 'ubuntu'), ('LESSCLOSE', '/usr/bin/lesspipe %s %s'), ('IGN_GAZEBO_RESOURCE_PATH', ':/home/manish/eiratech_ws/install/robot_description/share/robot_description:/home/manish/.gz/models'), ('GJS_DEBUG_OUTPUT', 'stderr'), ('QT_IM_MODULE', 'ibus'), ('PWD', '/home/manish/eiratech_ws/build/vox_nav_msgs'), ('XDG_CONFIG_DIRS', '/etc/xdg/xdg-ubuntu:/etc/xdg'), ('GAZEBO_PLUGIN_PATH', ':/path/to/your_ws/install/gazebo_ros2_control/lib:/opt/ros/humble/lib'), ('XDG_DATA_DIRS', '/usr/share/ubuntu:/usr/local/share/:/usr/share/:/var/lib/snapd/desktop'), ('PYTHONPATH', '/opt/ros/humble/lib/python3.10/site-packages:/opt/ros/humble/local/lib/python3.10/dist-packages'), ('COLCON', '1'), ('VTE_VERSION', '6800'), ('CMAKE_PREFIX_PATH', '/home/manish/eiratech_ws/install/robot_bringup:/home/manish/eiratech_ws/install/robot_description:/home/manish/eiratech_ws/install/robot_control:/home/manish/eiratech_ws/install/cropmap_nav2:/opt/ros/humble')]), 'shell': False}
[15.914855] (vox_nav_msgs) StdoutLine: {'line': b'-- Install configuration: ""\n'}
[15.914978] (vox_nav_msgs) StdoutLine: {'line': b'-- Installing: /home/manish/eiratech_ws/install/vox_nav_msgs/share/ament_index/resource_index/rosidl_interfaces/vox_nav_msgs\n'}
[15.915069] (vox_nav_msgs) StdoutLine: {'line': b'-- Installing: /home/manish/eiratech_ws/install/vox_nav_msgs/include/vox_nav_msgs/vox_nav_msgs\n'}
[15.915156] (vox_nav_msgs) StdoutLine: {'line': b'-- Installing: /home/manish/eiratech_ws/install/vox_nav_msgs/include/vox_nav_msgs/vox_nav_msgs/msg\n'}
[15.915274] (vox_nav_msgs) StdoutLine: {'line': b'-- Installing: /home/manish/eiratech_ws/install/vox_nav_msgs/include/vox_nav_msgs/vox_nav_msgs/msg/object.h\n'}
[15.915377] (vox_nav_msgs) StdoutLine: {'line': b'-- Installing: /home/manish/eiratech_ws/install/vox_nav_msgs/include/vox_nav_msgs/vox_nav_msgs/msg/semantic_road_label.h\n'}
[15.915463] (vox_nav_msgs) StdoutLine: {'line': b'-- Installing: /home/manish/eiratech_ws/install/vox_nav_msgs/include/vox_nav_msgs/vox_nav_msgs/msg/oriented_nav_sat_fix.h\n'}
[15.915525] (vox_nav_msgs) StdoutLine: {'line': b'-- Installing: /home/manish/eiratech_ws/install/vox_nav_msgs/include/vox_nav_msgs/vox_nav_msgs/msg/object_array.h\n'}
[15.915609] (vox_nav_msgs) StdoutLine: {'line': b'-- Installing: /home/manish/eiratech_ws/install/vox_nav_msgs/include/vox_nav_msgs/vox_nav_msgs/msg/rosidl_generator_c__visibility_control.h\n'}
[15.915685] (vox_nav_msgs) StdoutLine: {'line': b'-- Installing: /home/manish/eiratech_ws/install/vox_nav_msgs/include/vox_nav_msgs/vox_nav_msgs/msg/detail\n'}
[15.915746] (vox_nav_msgs) StdoutLine: {'line': b'-- Installing: /home/manish/eiratech_ws/install/vox_nav_msgs/include/vox_nav_msgs/vox_nav_msgs/msg/detail/object_array__type_support.h\n'}
[15.915829] (vox_nav_msgs) StdoutLine: {'line': b'-- Installing: /home/manish/eiratech_ws/install/vox_nav_msgs/include/vox_nav_msgs/vox_nav_msgs/msg/detail/object__functions.c\n'}
[15.915891] (vox_nav_msgs) StdoutLine: {'line': b'-- Installing: /home/manish/eiratech_ws/install/vox_nav_msgs/include/vox_nav_msgs/vox_nav_msgs/msg/detail/object__functions.h\n'}
[15.915974] (vox_nav_msgs) StdoutLine: {'line': b'-- Installing: /home/manish/eiratech_ws/install/vox_nav_msgs/include/vox_nav_msgs/vox_nav_msgs/msg/detail/oriented_nav_sat_fix__type_support.h\n'}
[15.916035] (vox_nav_msgs) StdoutLine: {'line': b'-- Installing: /home/manish/eiratech_ws/install/vox_nav_msgs/include/vox_nav_msgs/vox_nav_msgs/msg/detail/object_array__functions.c\n'}
[15.916116] (vox_nav_msgs) StdoutLine: {'line': b'-- Installing: /home/manish/eiratech_ws/install/vox_nav_msgs/include/vox_nav_msgs/vox_nav_msgs/msg/detail/semantic_road_label__type_support.h\n'}
[15.916176] (vox_nav_msgs) StdoutLine: {'line': b'-- Installing: /home/manish/eiratech_ws/install/vox_nav_msgs/include/vox_nav_msgs/vox_nav_msgs/msg/detail/object_array__struct.h\n'}
[15.916292] (vox_nav_msgs) StdoutLine: {'line': b'-- Installing: /home/manish/eiratech_ws/install/vox_nav_msgs/include/vox_nav_msgs/vox_nav_msgs/msg/detail/oriented_nav_sat_fix__functions.h\n'}
[15.916407] (vox_nav_msgs) StdoutLine: {'line': b'-- Installing: /home/manish/eiratech_ws/install/vox_nav_msgs/include/vox_nav_msgs/vox_nav_msgs/msg/detail/object_array__functions.h\n'}
[15.916466] (vox_nav_msgs) StdoutLine: {'line': b'-- Installing: /home/manish/eiratech_ws/install/vox_nav_msgs/include/vox_nav_msgs/vox_nav_msgs/msg/detail/object__struct.h\n'}
[15.916548] (vox_nav_msgs) StdoutLine: {'line': b'-- Installing: /home/manish/eiratech_ws/install/vox_nav_msgs/include/vox_nav_msgs/vox_nav_msgs/msg/detail/semantic_road_label__functions.c\n'}
[15.916606] (vox_nav_msgs) StdoutLine: {'line': b'-- Installing: /home/manish/eiratech_ws/install/vox_nav_msgs/include/vox_nav_msgs/vox_nav_msgs/msg/detail/oriented_nav_sat_fix__functions.c\n'}
[15.916687] (vox_nav_msgs) StdoutLine: {'line': b'-- Installing: /home/manish/eiratech_ws/install/vox_nav_msgs/include/vox_nav_msgs/vox_nav_msgs/msg/detail/object__type_support.h\n'}
[15.916744] (vox_nav_msgs) StdoutLine: {'line': b'-- Installing: /home/manish/eiratech_ws/install/vox_nav_msgs/include/vox_nav_msgs/vox_nav_msgs/msg/detail/semantic_road_label__struct.h\n'}
[15.916823] (vox_nav_msgs) StdoutLine: {'line': b'-- Installing: /home/manish/eiratech_ws/install/vox_nav_msgs/include/vox_nav_msgs/vox_nav_msgs/msg/detail/semantic_road_label__functions.h\n'}
[15.916880] (vox_nav_msgs) StdoutLine: {'line': b'-- Installing: /home/manish/eiratech_ws/install/vox_nav_msgs/include/vox_nav_msgs/vox_nav_msgs/msg/detail/oriented_nav_sat_fix__struct.h\n'}
[15.916961] (vox_nav_msgs) StdoutLine: {'line': b'-- Installing: /home/manish/eiratech_ws/install/vox_nav_msgs/include/vox_nav_msgs/vox_nav_msgs/action\n'}
[15.917021] (vox_nav_msgs) StdoutLine: {'line': b'-- Installing: /home/manish/eiratech_ws/install/vox_nav_msgs/include/vox_nav_msgs/vox_nav_msgs/action/follow_path.h\n'}
[15.917102] (vox_nav_msgs) StdoutLine: {'line': b'-- Installing: /home/manish/eiratech_ws/install/vox_nav_msgs/include/vox_nav_msgs/vox_nav_msgs/action/compute_path_to_pose.h\n'}
[15.917163] (vox_nav_msgs) StdoutLine: {'line': b'-- Installing: /home/manish/eiratech_ws/install/vox_nav_msgs/include/vox_nav_msgs/vox_nav_msgs/action/navigate_to_pose.h\n'}
[15.917281] (vox_nav_msgs) StdoutLine: {'line': b'-- Installing: /home/manish/eiratech_ws/install/vox_nav_msgs/include/vox_nav_msgs/vox_nav_msgs/action/navigate_through_poses.h\n'}
[15.917394] (vox_nav_msgs) StdoutLine: {'line': b'-- Installing: /home/manish/eiratech_ws/install/vox_nav_msgs/include/vox_nav_msgs/vox_nav_msgs/action/navigate_through_gps_poses.h\n'}
[15.917469] (vox_nav_msgs) StdoutLine: {'line': b'-- Installing: /home/manish/eiratech_ws/install/vox_nav_msgs/include/vox_nav_msgs/vox_nav_msgs/action/detail\n'}
[15.917527] (vox_nav_msgs) StdoutLine: {'line': b'-- Installing: /home/manish/eiratech_ws/install/vox_nav_msgs/include/vox_nav_msgs/vox_nav_msgs/action/detail/navigate_through_gps_poses__struct.h\n'}
[15.917606] (vox_nav_msgs) StdoutLine: {'line': b'-- Installing: /home/manish/eiratech_ws/install/vox_nav_msgs/include/vox_nav_msgs/vox_nav_msgs/action/detail/follow_path__type_support.h\n'}
[15.917666] (vox_nav_msgs) StdoutLine: {'line': b'-- Installing: /home/manish/eiratech_ws/install/vox_nav_msgs/include/vox_nav_msgs/vox_nav_msgs/action/detail/navigate_to_pose__functions.c\n'}
[15.917746] (vox_nav_msgs) StdoutLine: {'line': b'-- Installing: /home/manish/eiratech_ws/install/vox_nav_msgs/include/vox_nav_msgs/vox_nav_msgs/action/detail/follow_path__struct.h\n'}
[15.917801] (vox_nav_msgs) StdoutLine: {'line': b'-- Installing: /home/manish/eiratech_ws/install/vox_nav_msgs/include/vox_nav_msgs/vox_nav_msgs/action/detail/navigate_through_poses__functions.c\n'}
[15.917873] (vox_nav_msgs) StdoutLine: {'line': b'-- Installing: /home/manish/eiratech_ws/install/vox_nav_msgs/include/vox_nav_msgs/vox_nav_msgs/action/detail/navigate_through_gps_poses__functions.h\n'}
[15.917948] (vox_nav_msgs) StdoutLine: {'line': b'-- Installing: /home/manish/eiratech_ws/install/vox_nav_msgs/include/vox_nav_msgs/vox_nav_msgs/action/detail/navigate_through_gps_poses__type_support.h\n'}
[15.918031] (vox_nav_msgs) StdoutLine: {'line': b'-- Installing: /home/manish/eiratech_ws/install/vox_nav_msgs/include/vox_nav_msgs/vox_nav_msgs/action/detail/navigate_to_pose__functions.h\n'}
[15.918106] (vox_nav_msgs) StdoutLine: {'line': b'-- Installing: /home/manish/eiratech_ws/install/vox_nav_msgs/include/vox_nav_msgs/vox_nav_msgs/action/detail/navigate_through_gps_poses__functions.c\n'}
[15.918215] (vox_nav_msgs) StdoutLine: {'line': b'-- Installing: /home/manish/eiratech_ws/install/vox_nav_msgs/include/vox_nav_msgs/vox_nav_msgs/action/detail/compute_path_to_pose__type_support.h\n'}
[15.918362] (vox_nav_msgs) StdoutLine: {'line': b'-- Installing: /home/manish/eiratech_ws/install/vox_nav_msgs/include/vox_nav_msgs/vox_nav_msgs/action/detail/compute_path_to_pose__functions.h\n'}
[15.918448] (vox_nav_msgs) StdoutLine: {'line': b'-- Installing: /home/manish/eiratech_ws/install/vox_nav_msgs/include/vox_nav_msgs/vox_nav_msgs/action/detail/navigate_through_poses__functions.h\n'}
[15.918550] (vox_nav_msgs) StdoutLine: {'line': b'-- Installing: /home/manish/eiratech_ws/install/vox_nav_msgs/include/vox_nav_msgs/vox_nav_msgs/action/detail/compute_path_to_pose__struct.h\n'}
[15.918622] (vox_nav_msgs) StdoutLine: {'line': b'-- Installing: /home/manish/eiratech_ws/install/vox_nav_msgs/include/vox_nav_msgs/vox_nav_msgs/action/detail/follow_path__functions.h\n'}
[15.918718] (vox_nav_msgs) StdoutLine: {'line': b'-- Installing: /home/manish/eiratech_ws/install/vox_nav_msgs/include/vox_nav_msgs/vox_nav_msgs/action/detail/navigate_to_pose__type_support.h\n'}
[15.918791] (vox_nav_msgs) StdoutLine: {'line': b'-- Installing: /home/manish/eiratech_ws/install/vox_nav_msgs/include/vox_nav_msgs/vox_nav_msgs/action/detail/navigate_to_pose__struct.h\n'}
[15.918863] (vox_nav_msgs) StdoutLine: {'line': b'-- Installing: /home/manish/eiratech_ws/install/vox_nav_msgs/include/vox_nav_msgs/vox_nav_msgs/action/detail/compute_path_to_pose__functions.c\n'}
[15.918970] (vox_nav_msgs) StdoutLine: {'line': b'-- Installing: /home/manish/eiratech_ws/install/vox_nav_msgs/include/vox_nav_msgs/vox_nav_msgs/action/detail/navigate_through_poses__struct.h\n'}
[15.919043] (vox_nav_msgs) StdoutLine: {'line': b'-- Installing: /home/manish/eiratech_ws/install/vox_nav_msgs/include/vox_nav_msgs/vox_nav_msgs/action/detail/follow_path__functions.c\n'}
[15.919147] (vox_nav_msgs) StdoutLine: {'line': b'-- Installing: /home/manish/eiratech_ws/install/vox_nav_msgs/include/vox_nav_msgs/vox_nav_msgs/action/detail/navigate_through_poses__type_support.h\n'}
[15.919224] (vox_nav_msgs) StdoutLine: {'line': b'-- Installing: /home/manish/eiratech_ws/install/vox_nav_msgs/include/vox_nav_msgs/vox_nav_msgs/srv\n'}
[15.919368] (vox_nav_msgs) StdoutLine: {'line': b'-- Installing: /home/manish/eiratech_ws/install/vox_nav_msgs/include/vox_nav_msgs/vox_nav_msgs/srv/get_octomap.h\n'}
[15.919446] (vox_nav_msgs) StdoutLine: {'line': b'-- Installing: /home/manish/eiratech_ws/install/vox_nav_msgs/include/vox_nav_msgs/vox_nav_msgs/srv/get_point_cloud.h\n'}
[15.919531] (vox_nav_msgs) StdoutLine: {'line': b'-- Installing: /home/manish/eiratech_ws/install/vox_nav_msgs/include/vox_nav_msgs/vox_nav_msgs/srv/detail\n'}
[15.919586] (vox_nav_msgs) StdoutLine: {'line': b'-- Installing: /home/manish/eiratech_ws/install/vox_nav_msgs/include/vox_nav_msgs/vox_nav_msgs/srv/detail/get_osm_road_topology_map__functions.c\n'}
[15.919663] (vox_nav_msgs) StdoutLine: {'line': b'-- Installing: /home/manish/eiratech_ws/install/vox_nav_msgs/include/vox_nav_msgs/vox_nav_msgs/srv/detail/get_traversability_map__functions.c\n'}
[15.919742] (vox_nav_msgs) StdoutLine: {'line': b'-- Installing: /home/manish/eiratech_ws/install/vox_nav_msgs/include/vox_nav_msgs/vox_nav_msgs/srv/detail/get_octomap__functions.h\n'}
[15.919818] (vox_nav_msgs) StdoutLine: {'line': b'-- Installing: /home/manish/eiratech_ws/install/vox_nav_msgs/include/vox_nav_msgs/vox_nav_msgs/srv/detail/get_point_cloud__functions.h\n'}
[15.919898] (vox_nav_msgs) StdoutLine: {'line': b'-- Installing: /home/manish/eiratech_ws/install/vox_nav_msgs/include/vox_nav_msgs/vox_nav_msgs/srv/detail/get_point_cloud__type_support.h\n'}
[15.919974] (vox_nav_msgs) StdoutLine: {'line': b'-- Installing: /home/manish/eiratech_ws/install/vox_nav_msgs/include/vox_nav_msgs/vox_nav_msgs/srv/detail/get_point_cloud__functions.c\n'}
[15.920056] (vox_nav_msgs) StdoutLine: {'line': b'-- Installing: /home/manish/eiratech_ws/install/vox_nav_msgs/include/vox_nav_msgs/vox_nav_msgs/srv/detail/get_octomap__struct.h\n'}
[15.920114] (vox_nav_msgs) StdoutLine: {'line': b'-- Installing: /home/manish/eiratech_ws/install/vox_nav_msgs/include/vox_nav_msgs/vox_nav_msgs/srv/detail/get_point_cloud__struct.h\n'}
[15.920195] (vox_nav_msgs) StdoutLine: {'line': b'-- Installing: /home/manish/eiratech_ws/install/vox_nav_msgs/include/vox_nav_msgs/vox_nav_msgs/srv/detail/get_traversability_map__type_support.h\n'}
[15.920289] (vox_nav_msgs) StdoutLine: {'line': b'-- Installing: /home/manish/eiratech_ws/install/vox_nav_msgs/include/vox_nav_msgs/vox_nav_msgs/srv/detail/get_osm_road_topology_map__struct.h\n'}
[15.920397] (vox_nav_msgs) StdoutLine: {'line': b'-- Installing: /home/manish/eiratech_ws/install/vox_nav_msgs/include/vox_nav_msgs/vox_nav_msgs/srv/detail/get_osm_road_topology_map__type_support.h\n'}
[15.920477] (vox_nav_msgs) StdoutLine: {'line': b'-- Installing: /home/manish/eiratech_ws/install/vox_nav_msgs/include/vox_nav_msgs/vox_nav_msgs/srv/detail/get_octomap__type_support.h\n'}
[15.920534] (vox_nav_msgs) StdoutLine: {'line': b'-- Installing: /home/manish/eiratech_ws/install/vox_nav_msgs/include/vox_nav_msgs/vox_nav_msgs/srv/detail/get_traversability_map__struct.h\n'}
[15.920611] (vox_nav_msgs) StdoutLine: {'line': b'-- Installing: /home/manish/eiratech_ws/install/vox_nav_msgs/include/vox_nav_msgs/vox_nav_msgs/srv/detail/get_octomap__functions.c\n'}
[15.920690] (vox_nav_msgs) StdoutLine: {'line': b'-- Installing: /home/manish/eiratech_ws/install/vox_nav_msgs/include/vox_nav_msgs/vox_nav_msgs/srv/detail/get_osm_road_topology_map__functions.h\n'}
[15.920768] (vox_nav_msgs) StdoutLine: {'line': b'-- Installing: /home/manish/eiratech_ws/install/vox_nav_msgs/include/vox_nav_msgs/vox_nav_msgs/srv/detail/get_traversability_map__functions.h\n'}
[15.920851] (vox_nav_msgs) StdoutLine: {'line': b'-- Installing: /home/manish/eiratech_ws/install/vox_nav_msgs/include/vox_nav_msgs/vox_nav_msgs/srv/get_traversability_map.h\n'}
[15.920906] (vox_nav_msgs) StdoutLine: {'line': b'-- Installing: /home/manish/eiratech_ws/install/vox_nav_msgs/include/vox_nav_msgs/vox_nav_msgs/srv/get_osm_road_topology_map.h\n'}
[15.920990] (vox_nav_msgs) StdoutLine: {'line': b'-- Installing: /home/manish/eiratech_ws/install/vox_nav_msgs/share/vox_nav_msgs/environment/library_path.sh\n'}
[15.921097] (vox_nav_msgs) StdoutLine: {'line': b'-- Installing: /home/manish/eiratech_ws/install/vox_nav_msgs/share/vox_nav_msgs/environment/library_path.dsv\n'}
[15.921272] (vox_nav_msgs) StdoutLine: {'line': b'-- Installing: /home/manish/eiratech_ws/install/vox_nav_msgs/lib/libvox_nav_msgs__rosidl_generator_c.so\n'}
[15.921798] (vox_nav_msgs) StdoutLine: {'line': b'-- Set runtime path of "/home/manish/eiratech_ws/install/vox_nav_msgs/lib/libvox_nav_msgs__rosidl_generator_c.so" to ""\n'}
[15.921890] (vox_nav_msgs) StdoutLine: {'line': b'-- Up-to-date: /home/manish/eiratech_ws/install/vox_nav_msgs/include/vox_nav_msgs/vox_nav_msgs\n'}
[15.921952] (vox_nav_msgs) StdoutLine: {'line': b'-- Up-to-date: /home/manish/eiratech_ws/install/vox_nav_msgs/include/vox_nav_msgs/vox_nav_msgs/msg\n'}
[15.922012] (vox_nav_msgs) StdoutLine: {'line': b'-- Up-to-date: /home/manish/eiratech_ws/install/vox_nav_msgs/include/vox_nav_msgs/vox_nav_msgs/msg/detail\n'}
[15.922098] (vox_nav_msgs) StdoutLine: {'line': b'-- Installing: /home/manish/eiratech_ws/install/vox_nav_msgs/include/vox_nav_msgs/vox_nav_msgs/msg/detail/oriented_nav_sat_fix__rosidl_typesupport_fastrtps_c.h\n'}
[15.922160] (vox_nav_msgs) StdoutLine: {'line': b'-- Installing: /home/manish/eiratech_ws/install/vox_nav_msgs/include/vox_nav_msgs/vox_nav_msgs/msg/detail/semantic_road_label__rosidl_typesupport_fastrtps_c.h\n'}
[15.922235] (vox_nav_msgs) StdoutLine: {'line': b'-- Installing: /home/manish/eiratech_ws/install/vox_nav_msgs/include/vox_nav_msgs/vox_nav_msgs/msg/detail/object__rosidl_typesupport_fastrtps_c.h\n'}
[15.922399] (vox_nav_msgs) StdoutLine: {'line': b'-- Installing: /home/manish/eiratech_ws/install/vox_nav_msgs/include/vox_nav_msgs/vox_nav_msgs/msg/detail/object_array__rosidl_typesupport_fastrtps_c.h\n'}
[15.922456] (vox_nav_msgs) StdoutLine: {'line': b'-- Installing: /home/manish/eiratech_ws/install/vox_nav_msgs/include/vox_nav_msgs/vox_nav_msgs/msg/rosidl_typesupport_fastrtps_c__visibility_control.h\n'}
[15.922515] (vox_nav_msgs) StdoutLine: {'line': b'-- Up-to-date: /home/manish/eiratech_ws/install/vox_nav_msgs/include/vox_nav_msgs/vox_nav_msgs/action\n'}
[15.922575] (vox_nav_msgs) StdoutLine: {'line': b'-- Up-to-date: /home/manish/eiratech_ws/install/vox_nav_msgs/include/vox_nav_msgs/vox_nav_msgs/action/detail\n'}
[15.922662] (vox_nav_msgs) StdoutLine: {'line': b'-- Installing: /home/manish/eiratech_ws/install/vox_nav_msgs/include/vox_nav_msgs/vox_nav_msgs/action/detail/follow_path__rosidl_typesupport_fastrtps_c.h\n'}
[15.922725] (vox_nav_msgs) StdoutLine: {'line': b'-- Installing: /home/manish/eiratech_ws/install/vox_nav_msgs/include/vox_nav_msgs/vox_nav_msgs/action/detail/navigate_to_pose__rosidl_typesupport_fastrtps_c.h\n'}
[15.922782] (vox_nav_msgs) StdoutLine: {'line': b'-- Installing: /home/manish/eiratech_ws/install/vox_nav_msgs/include/vox_nav_msgs/vox_nav_msgs/action/detail/navigate_through_gps_poses__rosidl_typesupport_fastrtps_c.h\n'}
[15.922843] (vox_nav_msgs) StdoutLine: {'line': b'-- Installing: /home/manish/eiratech_ws/install/vox_nav_msgs/include/vox_nav_msgs/vox_nav_msgs/action/detail/compute_path_to_pose__rosidl_typesupport_fastrtps_c.h\n'}
[15.922931] (vox_nav_msgs) StdoutLine: {'line': b'-- Installing: /home/manish/eiratech_ws/install/vox_nav_msgs/include/vox_nav_msgs/vox_nav_msgs/action/detail/navigate_through_poses__rosidl_typesupport_fastrtps_c.h\n'}
[15.923005] (vox_nav_msgs) StdoutLine: {'line': b'-- Up-to-date: /home/manish/eiratech_ws/install/vox_nav_msgs/include/vox_nav_msgs/vox_nav_msgs/srv\n'}
[15.923065] (vox_nav_msgs) StdoutLine: {'line': b'-- Up-to-date: /home/manish/eiratech_ws/install/vox_nav_msgs/include/vox_nav_msgs/vox_nav_msgs/srv/detail\n'}
[15.923120] (vox_nav_msgs) StdoutLine: {'line': b'-- Installing: /home/manish/eiratech_ws/install/vox_nav_msgs/include/vox_nav_msgs/vox_nav_msgs/srv/detail/get_point_cloud__rosidl_typesupport_fastrtps_c.h\n'}
[15.923180] (vox_nav_msgs) StdoutLine: {'line': b'-- Installing: /home/manish/eiratech_ws/install/vox_nav_msgs/include/vox_nav_msgs/vox_nav_msgs/srv/detail/get_traversability_map__rosidl_typesupport_fastrtps_c.h\n'}
[15.923235] (vox_nav_msgs) StdoutLine: {'line': b'-- Installing: /home/manish/eiratech_ws/install/vox_nav_msgs/include/vox_nav_msgs/vox_nav_msgs/srv/detail/get_octomap__rosidl_typesupport_fastrtps_c.h\n'}
[15.923379] (vox_nav_msgs) StdoutLine: {'line': b'-- Installing: /home/manish/eiratech_ws/install/vox_nav_msgs/include/vox_nav_msgs/vox_nav_msgs/srv/detail/get_osm_road_topology_map__rosidl_typesupport_fastrtps_c.h\n'}
[15.923431] (vox_nav_msgs) StdoutLine: {'line': b'-- Installing: /home/manish/eiratech_ws/install/vox_nav_msgs/lib/libvox_nav_msgs__rosidl_typesupport_fastrtps_c.so\n'}
[15.923582] (vox_nav_msgs) StdoutLine: {'line': b'-- Set runtime path of "/home/manish/eiratech_ws/install/vox_nav_msgs/lib/libvox_nav_msgs__rosidl_typesupport_fastrtps_c.so" to ""\n'}
[15.923662] (vox_nav_msgs) StdoutLine: {'line': b'-- Up-to-date: /home/manish/eiratech_ws/install/vox_nav_msgs/include/vox_nav_msgs/vox_nav_msgs\n'}
[15.923746] (vox_nav_msgs) StdoutLine: {'line': b'-- Up-to-date: /home/manish/eiratech_ws/install/vox_nav_msgs/include/vox_nav_msgs/vox_nav_msgs/msg\n'}
[15.923806] (vox_nav_msgs) StdoutLine: {'line': b'-- Installing: /home/manish/eiratech_ws/install/vox_nav_msgs/include/vox_nav_msgs/vox_nav_msgs/msg/rosidl_generator_cpp__visibility_control.hpp\n'}
[15.923894] (vox_nav_msgs) StdoutLine: {'line': b'-- Installing: /home/manish/eiratech_ws/install/vox_nav_msgs/include/vox_nav_msgs/vox_nav_msgs/msg/object.hpp\n'}
[15.923957] (vox_nav_msgs) StdoutLine: {'line': b'-- Installing: /home/manish/eiratech_ws/install/vox_nav_msgs/include/vox_nav_msgs/vox_nav_msgs/msg/object_array.hpp\n'}
[15.924016] (vox_nav_msgs) StdoutLine: {'line': b'-- Installing: /home/manish/eiratech_ws/install/vox_nav_msgs/include/vox_nav_msgs/vox_nav_msgs/msg/semantic_road_label.hpp\n'}
[15.924101] (vox_nav_msgs) StdoutLine: {'line': b'-- Installing: /home/manish/eiratech_ws/install/vox_nav_msgs/include/vox_nav_msgs/vox_nav_msgs/msg/oriented_nav_sat_fix.hpp\n'}
[15.924163] (vox_nav_msgs) StdoutLine: {'line': b'-- Up-to-date: /home/manish/eiratech_ws/install/vox_nav_msgs/include/vox_nav_msgs/vox_nav_msgs/msg/detail\n'}
[15.924222] (vox_nav_msgs) StdoutLine: {'line': b'-- Installing: /home/manish/eiratech_ws/install/vox_nav_msgs/include/vox_nav_msgs/vox_nav_msgs/msg/detail/object_array__struct.hpp\n'}
[15.924390] (vox_nav_msgs) StdoutLine: {'line': b'-- Installing: /home/manish/eiratech_ws/install/vox_nav_msgs/include/vox_nav_msgs/vox_nav_msgs/msg/detail/object_array__builder.hpp\n'}
[15.924454] (vox_nav_msgs) StdoutLine: {'line': b'-- Installing: /home/manish/eiratech_ws/install/vox_nav_msgs/include/vox_nav_msgs/vox_nav_msgs/msg/detail/object_array__traits.hpp\n'}
[15.924513] (vox_nav_msgs) StdoutLine: {'line': b'-- Installing: /home/manish/eiratech_ws/install/vox_nav_msgs/include/vox_nav_msgs/vox_nav_msgs/msg/detail/object_array__type_support.hpp\n'}
[15.924597] (vox_nav_msgs) StdoutLine: {'line': b'-- Installing: /home/manish/eiratech_ws/install/vox_nav_msgs/include/vox_nav_msgs/vox_nav_msgs/msg/detail/object__builder.hpp\n'}
[15.924657] (vox_nav_msgs) StdoutLine: {'line': b'-- Installing: /home/manish/eiratech_ws/install/vox_nav_msgs/include/vox_nav_msgs/vox_nav_msgs/msg/detail/object__traits.hpp\n'}
[15.924716] (vox_nav_msgs) StdoutLine: {'line': b'-- Installing: /home/manish/eiratech_ws/install/vox_nav_msgs/include/vox_nav_msgs/vox_nav_msgs/msg/detail/object__type_support.hpp\n'}
[15.924799] (vox_nav_msgs) StdoutLine: {'line': b'-- Installing: /home/manish/eiratech_ws/install/vox_nav_msgs/include/vox_nav_msgs/vox_nav_msgs/msg/detail/oriented_nav_sat_fix__builder.hpp\n'}
[15.924855] (vox_nav_msgs) StdoutLine: {'line': b'-- Installing: /home/manish/eiratech_ws/install/vox_nav_msgs/include/vox_nav_msgs/vox_nav_msgs/msg/detail/semantic_road_label__type_support.hpp\n'}
[15.924914] (vox_nav_msgs) StdoutLine: {'line': b'-- Installing: /home/manish/eiratech_ws/install/vox_nav_msgs/include/vox_nav_msgs/vox_nav_msgs/msg/detail/semantic_road_label__struct.hpp\n'}
[15.924994] (vox_nav_msgs) StdoutLine: {'line': b'-- Installing: /home/manish/eiratech_ws/install/vox_nav_msgs/include/vox_nav_msgs/vox_nav_msgs/msg/detail/semantic_road_label__traits.hpp\n'}
[15.925055] (vox_nav_msgs) StdoutLine: {'line': b'-- Installing: /home/manish/eiratech_ws/install/vox_nav_msgs/include/vox_nav_msgs/vox_nav_msgs/msg/detail/object__struct.hpp\n'}
[15.925137] (vox_nav_msgs) StdoutLine: {'line': b'-- Installing: /home/manish/eiratech_ws/install/vox_nav_msgs/include/vox_nav_msgs/vox_nav_msgs/msg/detail/oriented_nav_sat_fix__traits.hpp\n'}
[15.925199] (vox_nav_msgs) StdoutLine: {'line': b'-- Installing: /home/manish/eiratech_ws/install/vox_nav_msgs/include/vox_nav_msgs/vox_nav_msgs/msg/detail/oriented_nav_sat_fix__struct.hpp\n'}
[15.925361] (vox_nav_msgs) StdoutLine: {'line': b'-- Installing: /home/manish/eiratech_ws/install/vox_nav_msgs/include/vox_nav_msgs/vox_nav_msgs/msg/detail/oriented_nav_sat_fix__type_support.hpp\n'}
[15.925425] (vox_nav_msgs) StdoutLine: {'line': b'-- Installing: /home/manish/eiratech_ws/install/vox_nav_msgs/include/vox_nav_msgs/vox_nav_msgs/msg/detail/semantic_road_label__builder.hpp\n'}
[15.925506] (vox_nav_msgs) StdoutLine: {'line': b'-- Up-to-date: /home/manish/eiratech_ws/install/vox_nav_msgs/include/vox_nav_msgs/vox_nav_msgs/action\n'}
[15.925595] (vox_nav_msgs) StdoutLine: {'line': b'-- Installing: /home/manish/eiratech_ws/install/vox_nav_msgs/include/vox_nav_msgs/vox_nav_msgs/action/follow_path.hpp\n'}
[15.925669] (vox_nav_msgs) StdoutLine: {'line': b'-- Installing: /home/manish/eiratech_ws/install/vox_nav_msgs/include/vox_nav_msgs/vox_nav_msgs/action/navigate_through_gps_poses.hpp\n'}
[15.925729] (vox_nav_msgs) StdoutLine: {'line': b'-- Installing: /home/manish/eiratech_ws/install/vox_nav_msgs/include/vox_nav_msgs/vox_nav_msgs/action/navigate_through_poses.hpp\n'}
[15.925789] (vox_nav_msgs) StdoutLine: {'line': b'-- Installing: /home/manish/eiratech_ws/install/vox_nav_msgs/include/vox_nav_msgs/vox_nav_msgs/action/navigate_to_pose.hpp\n'}
[15.925875] (vox_nav_msgs) StdoutLine: {'line': b'-- Installing: /home/manish/eiratech_ws/install/vox_nav_msgs/include/vox_nav_msgs/vox_nav_msgs/action/compute_path_to_pose.hpp\n'}
[15.925934] (vox_nav_msgs) StdoutLine: {'line': b'-- Up-to-date: /home/manish/eiratech_ws/install/vox_nav_msgs/include/vox_nav_msgs/vox_nav_msgs/action/detail\n'}
[15.925992] (vox_nav_msgs) StdoutLine: {'line': b'-- Installing: /home/manish/eiratech_ws/install/vox_nav_msgs/include/vox_nav_msgs/vox_nav_msgs/action/detail/follow_path__type_support.hpp\n'}
[15.926047] (vox_nav_msgs) StdoutLine: {'line': b'-- Installing: /home/manish/eiratech_ws/install/vox_nav_msgs/include/vox_nav_msgs/vox_nav_msgs/action/detail/follow_path__builder.hpp\n'}
[15.926130] (vox_nav_msgs) StdoutLine: {'line': b'-- Installing: /home/manish/eiratech_ws/install/vox_nav_msgs/include/vox_nav_msgs/vox_nav_msgs/action/detail/navigate_through_gps_poses__type_support.hpp\n'}
[15.926190] (vox_nav_msgs) StdoutLine: {'line': b'-- Installing: /home/manish/eiratech_ws/install/vox_nav_msgs/include/vox_nav_msgs/vox_nav_msgs/action/detail/navigate_to_pose__struct.hpp\n'}
[15.926280] (vox_nav_msgs) StdoutLine: {'line': b'-- Installing: /home/manish/eiratech_ws/install/vox_nav_msgs/include/vox_nav_msgs/vox_nav_msgs/action/detail/compute_path_to_pose__builder.hpp\n'}
[15.926391] (vox_nav_msgs) StdoutLine: {'line': b'-- Installing: /home/manish/eiratech_ws/install/vox_nav_msgs/include/vox_nav_msgs/vox_nav_msgs/action/detail/navigate_through_gps_poses__struct.hpp\n'}
[15.926450] (vox_nav_msgs) StdoutLine: {'line': b'-- Installing: /home/manish/eiratech_ws/install/vox_nav_msgs/include/vox_nav_msgs/vox_nav_msgs/action/detail/follow_path__struct.hpp\n'}
[15.926531] (vox_nav_msgs) StdoutLine: {'line': b'-- Installing: /home/manish/eiratech_ws/install/vox_nav_msgs/include/vox_nav_msgs/vox_nav_msgs/action/detail/navigate_through_poses__type_support.hpp\n'}
[15.926591] (vox_nav_msgs) StdoutLine: {'line': b'-- Installing: /home/manish/eiratech_ws/install/vox_nav_msgs/include/vox_nav_msgs/vox_nav_msgs/action/detail/compute_path_to_pose__type_support.hpp\n'}
[15.926673] (vox_nav_msgs) StdoutLine: {'line': b'-- Installing: /home/manish/eiratech_ws/install/vox_nav_msgs/include/vox_nav_msgs/vox_nav_msgs/action/detail/navigate_through_gps_poses__builder.hpp\n'}
[15.926730] (vox_nav_msgs) StdoutLine: {'line': b'-- Installing: /home/manish/eiratech_ws/install/vox_nav_msgs/include/vox_nav_msgs/vox_nav_msgs/action/detail/navigate_through_poses__struct.hpp\n'}
[15.926808] (vox_nav_msgs) StdoutLine: {'line': b'-- Installing: /home/manish/eiratech_ws/install/vox_nav_msgs/include/vox_nav_msgs/vox_nav_msgs/action/detail/navigate_to_pose__builder.hpp\n'}
[15.926887] (vox_nav_msgs) StdoutLine: {'line': b'-- Installing: /home/manish/eiratech_ws/install/vox_nav_msgs/include/vox_nav_msgs/vox_nav_msgs/action/detail/navigate_through_poses__builder.hpp\n'}
[15.926963] (vox_nav_msgs) StdoutLine: {'line': b'-- Installing: /home/manish/eiratech_ws/install/vox_nav_msgs/include/vox_nav_msgs/vox_nav_msgs/action/detail/navigate_through_gps_poses__traits.hpp\n'}
[15.927039] (vox_nav_msgs) StdoutLine: {'line': b'-- Installing: /home/manish/eiratech_ws/install/vox_nav_msgs/include/vox_nav_msgs/vox_nav_msgs/action/detail/compute_path_to_pose__struct.hpp\n'}
[15.927115] (vox_nav_msgs) StdoutLine: {'line': b'-- Installing: /home/manish/eiratech_ws/install/vox_nav_msgs/include/vox_nav_msgs/vox_nav_msgs/action/detail/navigate_to_pose__type_support.hpp\n'}
[15.927198] (vox_nav_msgs) StdoutLine: {'line': b'-- Installing: /home/manish/eiratech_ws/install/vox_nav_msgs/include/vox_nav_msgs/vox_nav_msgs/action/detail/navigate_through_poses__traits.hpp\n'}
[15.927294] (vox_nav_msgs) StdoutLine: {'line': b'-- Installing: /home/manish/eiratech_ws/install/vox_nav_msgs/include/vox_nav_msgs/vox_nav_msgs/action/detail/compute_path_to_pose__traits.hpp\n'}
[15.927484] (vox_nav_msgs) StdoutLine: {'line': b'-- Installing: /home/manish/eiratech_ws/install/vox_nav_msgs/include/vox_nav_msgs/vox_nav_msgs/action/detail/follow_path__traits.hpp\n'}
[15.927573] (vox_nav_msgs) StdoutLine: {'line': b'-- Installing: /home/manish/eiratech_ws/install/vox_nav_msgs/include/vox_nav_msgs/vox_nav_msgs/action/detail/navigate_to_pose__traits.hpp\n'}
[15.927655] (vox_nav_msgs) StdoutLine: {'line': b'-- Up-to-date: /home/manish/eiratech_ws/install/vox_nav_msgs/include/vox_nav_msgs/vox_nav_msgs/srv\n'}
[15.927735] (vox_nav_msgs) StdoutLine: {'line': b'-- Installing: /home/manish/eiratech_ws/install/vox_nav_msgs/include/vox_nav_msgs/vox_nav_msgs/srv/get_point_cloud.hpp\n'}
[15.927815] (vox_nav_msgs) StdoutLine: {'line': b'-- Installing: /home/manish/eiratech_ws/install/vox_nav_msgs/include/vox_nav_msgs/vox_nav_msgs/srv/get_osm_road_topology_map.hpp\n'}
[15.927897] (vox_nav_msgs) StdoutLine: {'line': b'-- Installing: /home/manish/eiratech_ws/install/vox_nav_msgs/include/vox_nav_msgs/vox_nav_msgs/srv/get_octomap.hpp\n'}
[15.927958] (vox_nav_msgs) StdoutLine: {'line': b'-- Up-to-date: /home/manish/eiratech_ws/install/vox_nav_msgs/include/vox_nav_msgs/vox_nav_msgs/srv/detail\n'}
[15.928041] (vox_nav_msgs) StdoutLine: {'line': b'-- Installing: /home/manish/eiratech_ws/install/vox_nav_msgs/include/vox_nav_msgs/vox_nav_msgs/srv/detail/get_osm_road_topology_map__type_support.hpp\n'}
[15.928101] (vox_nav_msgs) StdoutLine: {'line': b'-- Installing: /home/manish/eiratech_ws/install/vox_nav_msgs/include/vox_nav_msgs/vox_nav_msgs/srv/detail/get_traversability_map__builder.hpp\n'}
[15.928184] (vox_nav_msgs) StdoutLine: {'line': b'-- Installing: /home/manish/eiratech_ws/install/vox_nav_msgs/include/vox_nav_msgs/vox_nav_msgs/srv/detail/get_traversability_map__traits.hpp\n'}
[15.928272] (vox_nav_msgs) StdoutLine: {'line': b'-- Installing: /home/manish/eiratech_ws/install/vox_nav_msgs/include/vox_nav_msgs/vox_nav_msgs/srv/detail/get_traversability_map__type_support.hpp\n'}
[15.928375] (vox_nav_msgs) StdoutLine: {'line': b'-- Installing: /home/manish/eiratech_ws/install/vox_nav_msgs/include/vox_nav_msgs/vox_nav_msgs/srv/detail/get_traversability_map__struct.hpp\n'}
[15.928434] (vox_nav_msgs) StdoutLine: {'line': b'-- Installing: /home/manish/eiratech_ws/install/vox_nav_msgs/include/vox_nav_msgs/vox_nav_msgs/srv/detail/get_osm_road_topology_map__traits.hpp\n'}
[15.928515] (vox_nav_msgs) StdoutLine: {'line': b'-- Installing: /home/manish/eiratech_ws/install/vox_nav_msgs/include/vox_nav_msgs/vox_nav_msgs/srv/detail/get_octomap__traits.hpp\n'}
[15.928574] (vox_nav_msgs) StdoutLine: {'line': b'-- Installing: /home/manish/eiratech_ws/install/vox_nav_msgs/include/vox_nav_msgs/vox_nav_msgs/srv/detail/get_osm_road_topology_map__struct.hpp\n'}
[15.928654] (vox_nav_msgs) StdoutLine: {'line': b'-- Installing: /home/manish/eiratech_ws/install/vox_nav_msgs/include/vox_nav_msgs/vox_nav_msgs/srv/detail/get_octomap__struct.hpp\n'}
[15.928711] (vox_nav_msgs) StdoutLine: {'line': b'-- Installing: /home/manish/eiratech_ws/install/vox_nav_msgs/include/vox_nav_msgs/vox_nav_msgs/srv/detail/get_point_cloud__traits.hpp\n'}
[15.928792] (vox_nav_msgs) StdoutLine: {'line': b'-- Installing: /home/manish/eiratech_ws/install/vox_nav_msgs/include/vox_nav_msgs/vox_nav_msgs/srv/detail/get_octomap__type_support.hpp\n'}
[15.928848] (vox_nav_msgs) StdoutLine: {'line': b'-- Installing: /home/manish/eiratech_ws/install/vox_nav_msgs/include/vox_nav_msgs/vox_nav_msgs/srv/detail/get_octomap__builder.hpp\n'}
[15.928925] (vox_nav_msgs) StdoutLine: {'line': b'-- Installing: /home/manish/eiratech_ws/install/vox_nav_msgs/include/vox_nav_msgs/vox_nav_msgs/srv/detail/get_osm_road_topology_map__builder.hpp\n'}
[15.928995] (vox_nav_msgs) StdoutLine: {'line': b'-- Installing: /home/manish/eiratech_ws/install/vox_nav_msgs/include/vox_nav_msgs/vox_nav_msgs/srv/detail/get_point_cloud__struct.hpp\n'}
[15.929060] (vox_nav_msgs) StdoutLine: {'line': b'-- Installing: /home/manish/eiratech_ws/install/vox_nav_msgs/include/vox_nav_msgs/vox_nav_msgs/srv/detail/get_point_cloud__type_support.hpp\n'}
[15.929137] (vox_nav_msgs) StdoutLine: {'line': b'-- Installing: /home/manish/eiratech_ws/install/vox_nav_msgs/include/vox_nav_msgs/vox_nav_msgs/srv/detail/get_point_cloud__builder.hpp\n'}
[15.929207] (vox_nav_msgs) StdoutLine: {'line': b'-- Installing: /home/manish/eiratech_ws/install/vox_nav_msgs/include/vox_nav_msgs/vox_nav_msgs/srv/get_traversability_map.hpp\n'}
[15.929390] (vox_nav_msgs) StdoutLine: {'line': b'-- Up-to-date: /home/manish/eiratech_ws/install/vox_nav_msgs/include/vox_nav_msgs/vox_nav_msgs\n'}
[15.929458] (vox_nav_msgs) StdoutLine: {'line': b'-- Up-to-date: /home/manish/eiratech_ws/install/vox_nav_msgs/include/vox_nav_msgs/vox_nav_msgs/msg\n'}
[15.929534] (vox_nav_msgs) StdoutLine: {'line': b'-- Up-to-date: /home/manish/eiratech_ws/install/vox_nav_msgs/include/vox_nav_msgs/vox_nav_msgs/msg/detail\n'}
[15.929623] (vox_nav_msgs) StdoutLine: {'line': b'-- Installing: /home/manish/eiratech_ws/install/vox_nav_msgs/include/vox_nav_msgs/vox_nav_msgs/msg/detail/object__rosidl_typesupport_fastrtps_cpp.hpp\n'}
[15.929684] (vox_nav_msgs) StdoutLine: {'line': b'-- Installing: /home/manish/eiratech_ws/install/vox_nav_msgs/include/vox_nav_msgs/vox_nav_msgs/msg/detail/dds_fastrtps\n'}
[15.929744] (vox_nav_msgs) StdoutLine: {'line': b'-- Installing: /home/manish/eiratech_ws/install/vox_nav_msgs/include/vox_nav_msgs/vox_nav_msgs/msg/detail/semantic_road_label__rosidl_typesupport_fastrtps_cpp.hpp\n'}
[15.929822] (vox_nav_msgs) StdoutLine: {'line': b'-- Installing: /home/manish/eiratech_ws/install/vox_nav_msgs/include/vox_nav_msgs/vox_nav_msgs/msg/detail/object_array__rosidl_typesupport_fastrtps_cpp.hpp\n'}
[15.929884] (vox_nav_msgs) StdoutLine: {'line': b'-- Installing: /home/manish/eiratech_ws/install/vox_nav_msgs/include/vox_nav_msgs/vox_nav_msgs/msg/detail/oriented_nav_sat_fix__rosidl_typesupport_fastrtps_cpp.hpp\n'}
[15.929943] (vox_nav_msgs) StdoutLine: {'line': b'-- Installing: /home/manish/eiratech_ws/install/vox_nav_msgs/include/vox_nav_msgs/vox_nav_msgs/msg/rosidl_typesupport_fastrtps_cpp__visibility_control.h\n'}
[15.930018] (vox_nav_msgs) StdoutLine: {'line': b'-- Up-to-date: /home/manish/eiratech_ws/install/vox_nav_msgs/include/vox_nav_msgs/vox_nav_msgs/action\n'}
[15.930110] (vox_nav_msgs) StdoutLine: {'line': b'-- Up-to-date: /home/manish/eiratech_ws/install/vox_nav_msgs/include/vox_nav_msgs/vox_nav_msgs/action/detail\n'}
[15.930169] (vox_nav_msgs) StdoutLine: {'line': b'-- Installing: /home/manish/eiratech_ws/install/vox_nav_msgs/include/vox_nav_msgs/vox_nav_msgs/action/detail/navigate_to_pose__rosidl_typesupport_fastrtps_cpp.hpp\n'}
[15.930228] (vox_nav_msgs) StdoutLine: {'line': b'-- Installing: /home/manish/eiratech_ws/install/vox_nav_msgs/include/vox_nav_msgs/vox_nav_msgs/action/detail/dds_fastrtps\n'}
[15.930392] (vox_nav_msgs) StdoutLine: {'line': b'-- Installing: /home/manish/eiratech_ws/install/vox_nav_msgs/include/vox_nav_msgs/vox_nav_msgs/action/detail/navigate_through_gps_poses__rosidl_typesupport_fastrtps_cpp.hpp\n'}
[15.930463] (vox_nav_msgs) StdoutLine: {'line': b'-- Installing: /home/manish/eiratech_ws/install/vox_nav_msgs/include/vox_nav_msgs/vox_nav_msgs/action/detail/follow_path__rosidl_typesupport_fastrtps_cpp.hpp\n'}
[15.930528] (vox_nav_msgs) StdoutLine: {'line': b'-- Installing: /home/manish/eiratech_ws/install/vox_nav_msgs/include/vox_nav_msgs/vox_nav_msgs/action/detail/compute_path_to_pose__rosidl_typesupport_fastrtps_cpp.hpp\n'}
[15.930584] (vox_nav_msgs) StdoutLine: {'line': b'-- Installing: /home/manish/eiratech_ws/install/vox_nav_msgs/include/vox_nav_msgs/vox_nav_msgs/action/detail/navigate_through_poses__rosidl_typesupport_fastrtps_cpp.hpp\n'}
[15.930665] (vox_nav_msgs) StdoutLine: {'line': b'-- Up-to-date: /home/manish/eiratech_ws/install/vox_nav_msgs/include/vox_nav_msgs/vox_nav_msgs/srv\n'}
[15.930723] (vox_nav_msgs) StdoutLine: {'line': b'-- Up-to-date: /home/manish/eiratech_ws/install/vox_nav_msgs/include/vox_nav_msgs/vox_nav_msgs/srv/detail\n'}
[15.930777] (vox_nav_msgs) StdoutLine: {'line': b'-- Installing: /home/manish/eiratech_ws/install/vox_nav_msgs/include/vox_nav_msgs/vox_nav_msgs/srv/detail/get_traversability_map__rosidl_typesupport_fastrtps_cpp.hpp\n'}
[15.930834] (vox_nav_msgs) StdoutLine: {'line': b'-- Installing: /home/manish/eiratech_ws/install/vox_nav_msgs/include/vox_nav_msgs/vox_nav_msgs/srv/detail/get_point_cloud__rosidl_typesupport_fastrtps_cpp.hpp\n'}
[15.930916] (vox_nav_msgs) StdoutLine: {'line': b'-- Installing: /home/manish/eiratech_ws/install/vox_nav_msgs/include/vox_nav_msgs/vox_nav_msgs/srv/detail/dds_fastrtps\n'}
[15.930974] (vox_nav_msgs) StdoutLine: {'line': b'-- Installing: /home/manish/eiratech_ws/install/vox_nav_msgs/include/vox_nav_msgs/vox_nav_msgs/srv/detail/get_osm_road_topology_map__rosidl_typesupport_fastrtps_cpp.hpp\n'}
[15.931028] (vox_nav_msgs) StdoutLine: {'line': b'-- Installing: /home/manish/eiratech_ws/install/vox_nav_msgs/include/vox_nav_msgs/vox_nav_msgs/srv/detail/get_octomap__rosidl_typesupport_fastrtps_cpp.hpp\n'}
[15.931099] (vox_nav_msgs) StdoutLine: {'line': b'-- Installing: /home/manish/eiratech_ws/install/vox_nav_msgs/lib/libvox_nav_msgs__rosidl_typesupport_fastrtps_cpp.so\n'}
[15.931460] (vox_nav_msgs) StdoutLine: {'line': b'-- Set runtime path of "/home/manish/eiratech_ws/install/vox_nav_msgs/lib/libvox_nav_msgs__rosidl_typesupport_fastrtps_cpp.so" to ""\n'}
[15.931571] (vox_nav_msgs) StdoutLine: {'line': b'-- Up-to-date: /home/manish/eiratech_ws/install/vox_nav_msgs/include/vox_nav_msgs/vox_nav_msgs\n'}
[15.931630] (vox_nav_msgs) StdoutLine: {'line': b'-- Up-to-date: /home/manish/eiratech_ws/install/vox_nav_msgs/include/vox_nav_msgs/vox_nav_msgs/msg\n'}
[15.931687] (vox_nav_msgs) StdoutLine: {'line': b'-- Up-to-date: /home/manish/eiratech_ws/install/vox_nav_msgs/include/vox_nav_msgs/vox_nav_msgs/msg/detail\n'}
[15.931772] (vox_nav_msgs) StdoutLine: {'line': b'-- Installing: /home/manish/eiratech_ws/install/vox_nav_msgs/include/vox_nav_msgs/vox_nav_msgs/msg/detail/oriented_nav_sat_fix__type_support.c\n'}
[15.931833] (vox_nav_msgs) StdoutLine: {'line': b'-- Installing: /home/manish/eiratech_ws/install/vox_nav_msgs/include/vox_nav_msgs/vox_nav_msgs/msg/detail/object_array__rosidl_typesupport_introspection_c.h\n'}
[15.931889] (vox_nav_msgs) StdoutLine: {'line': b'-- Installing: /home/manish/eiratech_ws/install/vox_nav_msgs/include/vox_nav_msgs/vox_nav_msgs/msg/detail/object_array__type_support.c\n'}
[15.931969] (vox_nav_msgs) StdoutLine: {'line': b'-- Installing: /home/manish/eiratech_ws/install/vox_nav_msgs/include/vox_nav_msgs/vox_nav_msgs/msg/detail/object__type_support.c\n'}
[15.932030] (vox_nav_msgs) StdoutLine: {'line': b'-- Installing: /home/manish/eiratech_ws/install/vox_nav_msgs/include/vox_nav_msgs/vox_nav_msgs/msg/detail/object__rosidl_typesupport_introspection_c.h\n'}
[15.932086] (vox_nav_msgs) StdoutLine: {'line': b'-- Installing: /home/manish/eiratech_ws/install/vox_nav_msgs/include/vox_nav_msgs/vox_nav_msgs/msg/detail/oriented_nav_sat_fix__rosidl_typesupport_introspection_c.h\n'}
[15.932168] (vox_nav_msgs) StdoutLine: {'line': b'-- Installing: /home/manish/eiratech_ws/install/vox_nav_msgs/include/vox_nav_msgs/vox_nav_msgs/msg/detail/semantic_road_label__rosidl_typesupport_introspection_c.h\n'}
[15.932227] (vox_nav_msgs) StdoutLine: {'line': b'-- Installing: /home/manish/eiratech_ws/install/vox_nav_msgs/include/vox_nav_msgs/vox_nav_msgs/msg/detail/semantic_road_label__type_support.c\n'}
[15.932366] (vox_nav_msgs) StdoutLine: {'line': b'-- Installing: /home/manish/eiratech_ws/install/vox_nav_msgs/include/vox_nav_msgs/vox_nav_msgs/msg/rosidl_typesupport_introspection_c__visibility_control.h\n'}
[15.932434] (vox_nav_msgs) StdoutLine: {'line': b'-- Up-to-date: /home/manish/eiratech_ws/install/vox_nav_msgs/include/vox_nav_msgs/vox_nav_msgs/action\n'}
[15.932496] (vox_nav_msgs) StdoutLine: {'line': b'-- Up-to-date: /home/manish/eiratech_ws/install/vox_nav_msgs/include/vox_nav_msgs/vox_nav_msgs/action/detail\n'}
[15.932581] (vox_nav_msgs) StdoutLine: {'line': b'-- Installing: /home/manish/eiratech_ws/install/vox_nav_msgs/include/vox_nav_msgs/vox_nav_msgs/action/detail/compute_path_to_pose__type_support.c\n'}
[15.932633] (vox_nav_msgs) StdoutLine: {'line': b'-- Installing: /home/manish/eiratech_ws/install/vox_nav_msgs/include/vox_nav_msgs/vox_nav_msgs/action/detail/navigate_to_pose__rosidl_typesupport_introspection_c.h\n'}
[15.932699] (vox_nav_msgs) StdoutLine: {'line': b'-- Installing: /home/manish/eiratech_ws/install/vox_nav_msgs/include/vox_nav_msgs/vox_nav_msgs/action/detail/follow_path__type_support.c\n'}
[15.932752] (vox_nav_msgs) StdoutLine: {'line': b'-- Installing: /home/manish/eiratech_ws/install/vox_nav_msgs/include/vox_nav_msgs/vox_nav_msgs/action/detail/navigate_through_gps_poses__type_support.c\n'}
[15.932827] (vox_nav_msgs) StdoutLine: {'line': b'-- Installing: /home/manish/eiratech_ws/install/vox_nav_msgs/include/vox_nav_msgs/vox_nav_msgs/action/detail/compute_path_to_pose__rosidl_typesupport_introspection_c.h\n'}
[15.932905] (vox_nav_msgs) StdoutLine: {'line': b'-- Installing: /home/manish/eiratech_ws/install/vox_nav_msgs/include/vox_nav_msgs/vox_nav_msgs/action/detail/follow_path__rosidl_typesupport_introspection_c.h\n'}
[15.932984] (vox_nav_msgs) StdoutLine: {'line': b'-- Installing: /home/manish/eiratech_ws/install/vox_nav_msgs/include/vox_nav_msgs/vox_nav_msgs/action/detail/navigate_through_gps_poses__rosidl_typesupport_introspection_c.h\n'}
[15.933059] (vox_nav_msgs) StdoutLine: {'line': b'-- Installing: /home/manish/eiratech_ws/install/vox_nav_msgs/include/vox_nav_msgs/vox_nav_msgs/action/detail/navigate_through_poses__type_support.c\n'}
[15.933137] (vox_nav_msgs) StdoutLine: {'line': b'-- Installing: /home/manish/eiratech_ws/install/vox_nav_msgs/include/vox_nav_msgs/vox_nav_msgs/action/detail/navigate_to_pose__type_support.c\n'}
[15.933213] (vox_nav_msgs) StdoutLine: {'line': b'-- Installing: /home/manish/eiratech_ws/install/vox_nav_msgs/include/vox_nav_msgs/vox_nav_msgs/action/detail/navigate_through_poses__rosidl_typesupport_introspection_c.h\n'}
[15.933345] (vox_nav_msgs) StdoutLine: {'line': b'-- Up-to-date: /home/manish/eiratech_ws/install/vox_nav_msgs/include/vox_nav_msgs/vox_nav_msgs/srv\n'}
[15.933408] (vox_nav_msgs) StdoutLine: {'line': b'-- Up-to-date: /home/manish/eiratech_ws/install/vox_nav_msgs/include/vox_nav_msgs/vox_nav_msgs/srv/detail\n'}
[15.933491] (vox_nav_msgs) StdoutLine: {'line': b'-- Installing: /home/manish/eiratech_ws/install/vox_nav_msgs/include/vox_nav_msgs/vox_nav_msgs/srv/detail/get_octomap__rosidl_typesupport_introspection_c.h\n'}
[15.933552] (vox_nav_msgs) StdoutLine: {'line': b'-- Installing: /home/manish/eiratech_ws/install/vox_nav_msgs/include/vox_nav_msgs/vox_nav_msgs/srv/detail/get_osm_road_topology_map__type_support.c\n'}
[15.933633] (vox_nav_msgs) StdoutLine: {'line': b'-- Installing: /home/manish/eiratech_ws/install/vox_nav_msgs/include/vox_nav_msgs/vox_nav_msgs/srv/detail/get_traversability_map__type_support.c\n'}
[15.933691] (vox_nav_msgs) StdoutLine: {'line': b'-- Installing: /home/manish/eiratech_ws/install/vox_nav_msgs/include/vox_nav_msgs/vox_nav_msgs/srv/detail/get_traversability_map__rosidl_typesupport_introspection_c.h\n'}
[15.933772] (vox_nav_msgs) StdoutLine: {'line': b'-- Installing: /home/manish/eiratech_ws/install/vox_nav_msgs/include/vox_nav_msgs/vox_nav_msgs/srv/detail/get_osm_road_topology_map__rosidl_typesupport_introspection_c.h\n'}
[15.933828] (vox_nav_msgs) StdoutLine: {'line': b'-- Installing: /home/manish/eiratech_ws/install/vox_nav_msgs/include/vox_nav_msgs/vox_nav_msgs/srv/detail/get_point_cloud__type_support.c\n'}
[15.933902] (vox_nav_msgs) StdoutLine: {'line': b'-- Installing: /home/manish/eiratech_ws/install/vox_nav_msgs/include/vox_nav_msgs/vox_nav_msgs/srv/detail/get_octomap__type_support.c\n'}
[15.933980] (vox_nav_msgs) StdoutLine: {'line': b'-- Installing: /home/manish/eiratech_ws/install/vox_nav_msgs/include/vox_nav_msgs/vox_nav_msgs/srv/detail/get_point_cloud__rosidl_typesupport_introspection_c.h\n'}
[15.934061] (vox_nav_msgs) StdoutLine: {'line': b'-- Installing: /home/manish/eiratech_ws/install/vox_nav_msgs/lib/libvox_nav_msgs__rosidl_typesupport_introspection_c.so\n'}
[15.934431] (vox_nav_msgs) StdoutLine: {'line': b'-- Set runtime path of "/home/manish/eiratech_ws/install/vox_nav_msgs/lib/libvox_nav_msgs__rosidl_typesupport_introspection_c.so" to ""\n'}
[15.934511] (vox_nav_msgs) StdoutLine: {'line': b'-- Installing: /home/manish/eiratech_ws/install/vox_nav_msgs/lib/libvox_nav_msgs__rosidl_typesupport_c.so\n'}
[15.934763] (vox_nav_msgs) StdoutLine: {'line': b'-- Set runtime path of "/home/manish/eiratech_ws/install/vox_nav_msgs/lib/libvox_nav_msgs__rosidl_typesupport_c.so" to ""\n'}
[15.934842] (vox_nav_msgs) StdoutLine: {'line': b'-- Up-to-date: /home/manish/eiratech_ws/install/vox_nav_msgs/include/vox_nav_msgs/vox_nav_msgs\n'}
[15.934930] (vox_nav_msgs) StdoutLine: {'line': b'-- Up-to-date: /home/manish/eiratech_ws/install/vox_nav_msgs/include/vox_nav_msgs/vox_nav_msgs/msg\n'}
[15.934991] (vox_nav_msgs) StdoutLine: {'line': b'-- Up-to-date: /home/manish/eiratech_ws/install/vox_nav_msgs/include/vox_nav_msgs/vox_nav_msgs/msg/detail\n'}
[15.935048] (vox_nav_msgs) StdoutLine: {'line': b'-- Installing: /home/manish/eiratech_ws/install/vox_nav_msgs/include/vox_nav_msgs/vox_nav_msgs/msg/detail/oriented_nav_sat_fix__rosidl_typesupport_introspection_cpp.hpp\n'}
[15.935135] (vox_nav_msgs) StdoutLine: {'line': b'-- Installing: /home/manish/eiratech_ws/install/vox_nav_msgs/include/vox_nav_msgs/vox_nav_msgs/msg/detail/object_array__rosidl_typesupport_introspection_cpp.hpp\n'}
[15.935215] (vox_nav_msgs) StdoutLine: {'line': b'-- Installing: /home/manish/eiratech_ws/install/vox_nav_msgs/include/vox_nav_msgs/vox_nav_msgs/msg/detail/semantic_road_label__rosidl_typesupport_introspection_cpp.hpp\n'}
[15.935321] (vox_nav_msgs) StdoutLine: {'line': b'-- Installing: /home/manish/eiratech_ws/install/vox_nav_msgs/include/vox_nav_msgs/vox_nav_msgs/msg/detail/object__type_support.cpp\n'}
[15.935396] (vox_nav_msgs) StdoutLine: {'line': b'-- Installing: /home/manish/eiratech_ws/install/vox_nav_msgs/include/vox_nav_msgs/vox_nav_msgs/msg/detail/oriented_nav_sat_fix__type_support.cpp\n'}
[15.935454] (vox_nav_msgs) StdoutLine: {'line': b'-- Installing: /home/manish/eiratech_ws/install/vox_nav_msgs/include/vox_nav_msgs/vox_nav_msgs/msg/detail/semantic_road_label__type_support.cpp\n'}
[15.935535] (vox_nav_msgs) StdoutLine: {'line': b'-- Installing: /home/manish/eiratech_ws/install/vox_nav_msgs/include/vox_nav_msgs/vox_nav_msgs/msg/detail/object_array__type_support.cpp\n'}
[15.935601] (vox_nav_msgs) StdoutLine: {'line': b'-- Installing: /home/manish/eiratech_ws/install/vox_nav_msgs/include/vox_nav_msgs/vox_nav_msgs/msg/detail/object__rosidl_typesupport_introspection_cpp.hpp\n'}
[15.935680] (vox_nav_msgs) StdoutLine: {'line': b'-- Up-to-date: /home/manish/eiratech_ws/install/vox_nav_msgs/include/vox_nav_msgs/vox_nav_msgs/action\n'}
[15.935781] (vox_nav_msgs) StdoutLine: {'line': b'-- Up-to-date: /home/manish/eiratech_ws/install/vox_nav_msgs/include/vox_nav_msgs/vox_nav_msgs/action/detail\n'}
[15.935835] (vox_nav_msgs) StdoutLine: {'line': b'-- Installing: /home/manish/eiratech_ws/install/vox_nav_msgs/include/vox_nav_msgs/vox_nav_msgs/action/detail/follow_path__rosidl_typesupport_introspection_cpp.hpp\n'}
[15.935893] (vox_nav_msgs) StdoutLine: {'line': b'-- Installing: /home/manish/eiratech_ws/install/vox_nav_msgs/include/vox_nav_msgs/vox_nav_msgs/action/detail/navigate_through_poses__rosidl_typesupport_introspection_cpp.hpp\n'}
[15.935948] (vox_nav_msgs) StdoutLine: {'line': b'-- Installing: /home/manish/eiratech_ws/install/vox_nav_msgs/include/vox_nav_msgs/vox_nav_msgs/action/detail/navigate_to_pose__type_support.cpp\n'}
[15.936024] (vox_nav_msgs) StdoutLine: {'line': b'-- Installing: /home/manish/eiratech_ws/install/vox_nav_msgs/include/vox_nav_msgs/vox_nav_msgs/action/detail/navigate_through_gps_poses__type_support.cpp\n'}
[15.936099] (vox_nav_msgs) StdoutLine: {'line': b'-- Installing: /home/manish/eiratech_ws/install/vox_nav_msgs/include/vox_nav_msgs/vox_nav_msgs/action/detail/navigate_to_pose__rosidl_typesupport_introspection_cpp.hpp\n'}
[15.936181] (vox_nav_msgs) StdoutLine: {'line': b'-- Installing: /home/manish/eiratech_ws/install/vox_nav_msgs/include/vox_nav_msgs/vox_nav_msgs/action/detail/compute_path_to_pose__rosidl_typesupport_introspection_cpp.hpp\n'}
[15.936272] (vox_nav_msgs) StdoutLine: {'line': b'-- Installing: /home/manish/eiratech_ws/install/vox_nav_msgs/include/vox_nav_msgs/vox_nav_msgs/action/detail/navigate_through_gps_poses__rosidl_typesupport_introspection_cpp.hpp\n'}
[15.936364] (vox_nav_msgs) StdoutLine: {'line': b'-- Installing: /home/manish/eiratech_ws/install/vox_nav_msgs/include/vox_nav_msgs/vox_nav_msgs/action/detail/follow_path__type_support.cpp\n'}
[15.936438] (vox_nav_msgs) StdoutLine: {'line': b'-- Installing: /home/manish/eiratech_ws/install/vox_nav_msgs/include/vox_nav_msgs/vox_nav_msgs/action/detail/navigate_through_poses__type_support.cpp\n'}
[15.936514] (vox_nav_msgs) StdoutLine: {'line': b'-- Installing: /home/manish/eiratech_ws/install/vox_nav_msgs/include/vox_nav_msgs/vox_nav_msgs/action/detail/compute_path_to_pose__type_support.cpp\n'}
[15.936587] (vox_nav_msgs) StdoutLine: {'line': b'-- Up-to-date: /home/manish/eiratech_ws/install/vox_nav_msgs/include/vox_nav_msgs/vox_nav_msgs/srv\n'}
[15.936672] (vox_nav_msgs) StdoutLine: {'line': b'-- Up-to-date: /home/manish/eiratech_ws/install/vox_nav_msgs/include/vox_nav_msgs/vox_nav_msgs/srv/detail\n'}
[15.936733] (vox_nav_msgs) StdoutLine: {'line': b'-- Installing: /home/manish/eiratech_ws/install/vox_nav_msgs/include/vox_nav_msgs/vox_nav_msgs/srv/detail/get_point_cloud__type_support.cpp\n'}
[15.936814] (vox_nav_msgs) StdoutLine: {'line': b'-- Installing: /home/manish/eiratech_ws/install/vox_nav_msgs/include/vox_nav_msgs/vox_nav_msgs/srv/detail/get_octomap__rosidl_typesupport_introspection_cpp.hpp\n'}
[15.936876] (vox_nav_msgs) StdoutLine: {'line': b'-- Installing: /home/manish/eiratech_ws/install/vox_nav_msgs/include/vox_nav_msgs/vox_nav_msgs/srv/detail/get_traversability_map__rosidl_typesupport_introspection_cpp.hpp\n'}
[15.936956] (vox_nav_msgs) StdoutLine: {'line': b'-- Installing: /home/manish/eiratech_ws/install/vox_nav_msgs/include/vox_nav_msgs/vox_nav_msgs/srv/detail/get_point_cloud__rosidl_typesupport_introspection_cpp.hpp\n'}
[15.937018] (vox_nav_msgs) StdoutLine: {'line': b'-- Installing: /home/manish/eiratech_ws/install/vox_nav_msgs/include/vox_nav_msgs/vox_nav_msgs/srv/detail/get_osm_road_topology_map__rosidl_typesupport_introspection_cpp.hpp\n'}
[15.937099] (vox_nav_msgs) StdoutLine: {'line': b'-- Installing: /home/manish/eiratech_ws/install/vox_nav_msgs/include/vox_nav_msgs/vox_nav_msgs/srv/detail/get_octomap__type_support.cpp\n'}
[15.937154] (vox_nav_msgs) StdoutLine: {'line': b'-- Installing: /home/manish/eiratech_ws/install/vox_nav_msgs/include/vox_nav_msgs/vox_nav_msgs/srv/detail/get_traversability_map__type_support.cpp\n'}
[15.937234] (vox_nav_msgs) StdoutLine: {'line': b'-- Installing: /home/manish/eiratech_ws/install/vox_nav_msgs/include/vox_nav_msgs/vox_nav_msgs/srv/detail/get_osm_road_topology_map__type_support.cpp\n'}
[15.937374] (vox_nav_msgs) StdoutLine: {'line': b'-- Installing: /home/manish/eiratech_ws/install/vox_nav_msgs/lib/libvox_nav_msgs__rosidl_typesupport_introspection_cpp.so\n'}
[15.937871] (vox_nav_msgs) StdoutLine: {'line': b'-- Set runtime path of "/home/manish/eiratech_ws/install/vox_nav_msgs/lib/libvox_nav_msgs__rosidl_typesupport_introspection_cpp.so" to ""\n'}
[15.937949] (vox_nav_msgs) StdoutLine: {'line': b'-- Installing: /home/manish/eiratech_ws/install/vox_nav_msgs/lib/libvox_nav_msgs__rosidl_typesupport_cpp.so\n'}
[15.938209] (vox_nav_msgs) StdoutLine: {'line': b'-- Set runtime path of "/home/manish/eiratech_ws/install/vox_nav_msgs/lib/libvox_nav_msgs__rosidl_typesupport_cpp.so" to ""\n'}
[15.938329] (vox_nav_msgs) StdoutLine: {'line': b'-- Installing: /home/manish/eiratech_ws/install/vox_nav_msgs/share/vox_nav_msgs/environment/pythonpath.sh\n'}
[15.938412] (vox_nav_msgs) StdoutLine: {'line': b'-- Installing: /home/manish/eiratech_ws/install/vox_nav_msgs/share/vox_nav_msgs/environment/pythonpath.dsv\n'}
[15.938505] (vox_nav_msgs) StdoutLine: {'line': b'-- Installing: /home/manish/eiratech_ws/install/vox_nav_msgs/local/lib/python3.10/dist-packages/vox_nav_msgs-0.0.0-py3.10.egg-info\n'}
[15.938608] (vox_nav_msgs) StdoutLine: {'line': b'-- Installing: /home/manish/eiratech_ws/install/vox_nav_msgs/local/lib/python3.10/dist-packages/vox_nav_msgs-0.0.0-py3.10.egg-info/SOURCES.txt\n'}
[15.938682] (vox_nav_msgs) StdoutLine: {'line': b'-- Installing: /home/manish/eiratech_ws/install/vox_nav_msgs/local/lib/python3.10/dist-packages/vox_nav_msgs-0.0.0-py3.10.egg-info/dependency_links.txt\n'}
[15.938753] (vox_nav_msgs) StdoutLine: {'line': b'-- Installing: /home/manish/eiratech_ws/install/vox_nav_msgs/local/lib/python3.10/dist-packages/vox_nav_msgs-0.0.0-py3.10.egg-info/top_level.txt\n'}
[15.938825] (vox_nav_msgs) StdoutLine: {'line': b'-- Installing: /home/manish/eiratech_ws/install/vox_nav_msgs/local/lib/python3.10/dist-packages/vox_nav_msgs-0.0.0-py3.10.egg-info/PKG-INFO\n'}
[15.938933] (vox_nav_msgs) StdoutLine: {'line': b'-- Installing: /home/manish/eiratech_ws/install/vox_nav_msgs/local/lib/python3.10/dist-packages/vox_nav_msgs\n'}
[15.939007] (vox_nav_msgs) StdoutLine: {'line': b'-- Installing: /home/manish/eiratech_ws/install/vox_nav_msgs/local/lib/python3.10/dist-packages/vox_nav_msgs/msg\n'}
[15.939085] (vox_nav_msgs) StdoutLine: {'line': b'-- Installing: /home/manish/eiratech_ws/install/vox_nav_msgs/local/lib/python3.10/dist-packages/vox_nav_msgs/msg/__init__.py\n'}
[15.939163] (vox_nav_msgs) StdoutLine: {'line': b'-- Installing: /home/manish/eiratech_ws/install/vox_nav_msgs/local/lib/python3.10/dist-packages/vox_nav_msgs/msg/_object_array_s.c\n'}
[15.939268] (vox_nav_msgs) StdoutLine: {'line': b'-- Installing: /home/manish/eiratech_ws/install/vox_nav_msgs/local/lib/python3.10/dist-packages/vox_nav_msgs/msg/_object.py\n'}
[15.939364] (vox_nav_msgs) StdoutLine: {'line': b'-- Installing: /home/manish/eiratech_ws/install/vox_nav_msgs/local/lib/python3.10/dist-packages/vox_nav_msgs/msg/_semantic_road_label.py\n'}
[15.939439] (vox_nav_msgs) StdoutLine: {'line': b'-- Installing: /home/manish/eiratech_ws/install/vox_nav_msgs/local/lib/python3.10/dist-packages/vox_nav_msgs/msg/_oriented_nav_sat_fix.py\n'}
[15.939511] (vox_nav_msgs) StdoutLine: {'line': b'-- Installing: /home/manish/eiratech_ws/install/vox_nav_msgs/local/lib/python3.10/dist-packages/vox_nav_msgs/msg/_object_array.py\n'}
[15.939589] (vox_nav_msgs) StdoutLine: {'line': b'-- Installing: /home/manish/eiratech_ws/install/vox_nav_msgs/local/lib/python3.10/dist-packages/vox_nav_msgs/msg/_object_s.c\n'}
[15.939665] (vox_nav_msgs) StdoutLine: {'line': b'-- Installing: /home/manish/eiratech_ws/install/vox_nav_msgs/local/lib/python3.10/dist-packages/vox_nav_msgs/msg/_semantic_road_label_s.c\n'}
[15.939744] (vox_nav_msgs) StdoutLine: {'line': b'-- Installing: /home/manish/eiratech_ws/install/vox_nav_msgs/local/lib/python3.10/dist-packages/vox_nav_msgs/msg/_oriented_nav_sat_fix_s.c\n'}
[15.939828] (vox_nav_msgs) StdoutLine: {'line': b'-- Installing: /home/manish/eiratech_ws/install/vox_nav_msgs/local/lib/python3.10/dist-packages/vox_nav_msgs/__init__.py\n'}
[15.939890] (vox_nav_msgs) StdoutLine: {'line': b'-- Installing: /home/manish/eiratech_ws/install/vox_nav_msgs/local/lib/python3.10/dist-packages/vox_nav_msgs/action\n'}
[15.939971] (vox_nav_msgs) StdoutLine: {'line': b'-- Installing: /home/manish/eiratech_ws/install/vox_nav_msgs/local/lib/python3.10/dist-packages/vox_nav_msgs/action/__init__.py\n'}
[15.940026] (vox_nav_msgs) StdoutLine: {'line': b'-- Installing: /home/manish/eiratech_ws/install/vox_nav_msgs/local/lib/python3.10/dist-packages/vox_nav_msgs/action/_compute_path_to_pose.py\n'}
[15.940100] (vox_nav_msgs) StdoutLine: {'line': b'-- Installing: /home/manish/eiratech_ws/install/vox_nav_msgs/local/lib/python3.10/dist-packages/vox_nav_msgs/action/_follow_path.py\n'}
[15.940174] (vox_nav_msgs) StdoutLine: {'line': b'-- Installing: /home/manish/eiratech_ws/install/vox_nav_msgs/local/lib/python3.10/dist-packages/vox_nav_msgs/action/_navigate_to_pose_s.c\n'}
[15.940275] (vox_nav_msgs) StdoutLine: {'line': b'-- Installing: /home/manish/eiratech_ws/install/vox_nav_msgs/local/lib/python3.10/dist-packages/vox_nav_msgs/action/_navigate_to_pose.py\n'}
[15.940380] (vox_nav_msgs) StdoutLine: {'line': b'-- Installing: /home/manish/eiratech_ws/install/vox_nav_msgs/local/lib/python3.10/dist-packages/vox_nav_msgs/action/_navigate_through_poses.py\n'}
[15.940475] (vox_nav_msgs) StdoutLine: {'line': b'-- Installing: /home/manish/eiratech_ws/install/vox_nav_msgs/local/lib/python3.10/dist-packages/vox_nav_msgs/action/_follow_path_s.c\n'}
[15.940565] (vox_nav_msgs) StdoutLine: {'line': b'-- Installing: /home/manish/eiratech_ws/install/vox_nav_msgs/local/lib/python3.10/dist-packages/vox_nav_msgs/action/_compute_path_to_pose_s.c\n'}
[15.940653] (vox_nav_msgs) StdoutLine: {'line': b'-- Installing: /home/manish/eiratech_ws/install/vox_nav_msgs/local/lib/python3.10/dist-packages/vox_nav_msgs/action/_navigate_through_poses_s.c\n'}
[15.940742] (vox_nav_msgs) StdoutLine: {'line': b'-- Installing: /home/manish/eiratech_ws/install/vox_nav_msgs/local/lib/python3.10/dist-packages/vox_nav_msgs/action/_navigate_through_gps_poses_s.c\n'}
[15.940831] (vox_nav_msgs) StdoutLine: {'line': b'-- Installing: /home/manish/eiratech_ws/install/vox_nav_msgs/local/lib/python3.10/dist-packages/vox_nav_msgs/action/_navigate_through_gps_poses.py\n'}
[15.940936] (vox_nav_msgs) StdoutLine: {'line': b'-- Installing: /home/manish/eiratech_ws/install/vox_nav_msgs/local/lib/python3.10/dist-packages/vox_nav_msgs/_vox_nav_msgs_s.ep.rosidl_typesupport_introspection_c.c\n'}
[15.941169] (vox_nav_msgs) StdoutLine: {'line': b'-- Installing: /home/manish/eiratech_ws/install/vox_nav_msgs/local/lib/python3.10/dist-packages/vox_nav_msgs/_vox_nav_msgs_s.ep.rosidl_typesupport_fastrtps_c.c\n'}
[15.941477] (vox_nav_msgs) StdoutLine: {'line': b'-- Installing: /home/manish/eiratech_ws/install/vox_nav_msgs/local/lib/python3.10/dist-packages/vox_nav_msgs/_vox_nav_msgs_s.ep.rosidl_typesupport_c.c\n'}
[15.941718] (vox_nav_msgs) StdoutLine: {'line': b'-- Installing: /home/manish/eiratech_ws/install/vox_nav_msgs/local/lib/python3.10/dist-packages/vox_nav_msgs/vox_nav_msgs_s__rosidl_typesupport_introspection_c.cpython-310-x86_64-linux-gnu.so\n'}
[15.941891] (vox_nav_msgs) StdoutLine: {'line': b'-- Installing: /home/manish/eiratech_ws/install/vox_nav_msgs/local/lib/python3.10/dist-packages/vox_nav_msgs/vox_nav_msgs_s__rosidl_typesupport_fastrtps_c.cpython-310-x86_64-linux-gnu.so\n'}
[15.942062] (vox_nav_msgs) StdoutLine: {'line': b'-- Installing: /home/manish/eiratech_ws/install/vox_nav_msgs/local/lib/python3.10/dist-packages/vox_nav_msgs/vox_nav_msgs_s__rosidl_typesupport_c.cpython-310-x86_64-linux-gnu.so\n'}
[15.942231] (vox_nav_msgs) StdoutLine: {'line': b'-- Installing: /home/manish/eiratech_ws/install/vox_nav_msgs/local/lib/python3.10/dist-packages/vox_nav_msgs/libvox_nav_msgs__rosidl_generator_py.so\n'}
[15.942457] (vox_nav_msgs) StdoutLine: {'line': b'-- Installing: /home/manish/eiratech_ws/install/vox_nav_msgs/local/lib/python3.10/dist-packages/vox_nav_msgs/srv\n'}
[15.942536] (vox_nav_msgs) StdoutLine: {'line': b'-- Installing: /home/manish/eiratech_ws/install/vox_nav_msgs/local/lib/python3.10/dist-packages/vox_nav_msgs/srv/_get_point_cloud.py\n'}
[15.942612] (vox_nav_msgs) StdoutLine: {'line': b'-- Installing: /home/manish/eiratech_ws/install/vox_nav_msgs/local/lib/python3.10/dist-packages/vox_nav_msgs/srv/__init__.py\n'}
[15.942686] (vox_nav_msgs) StdoutLine: {'line': b'-- Installing: /home/manish/eiratech_ws/install/vox_nav_msgs/local/lib/python3.10/dist-packages/vox_nav_msgs/srv/_get_traversability_map_s.c\n'}
[15.942760] (vox_nav_msgs) StdoutLine: {'line': b'-- Installing: /home/manish/eiratech_ws/install/vox_nav_msgs/local/lib/python3.10/dist-packages/vox_nav_msgs/srv/_get_traversability_map.py\n'}
[15.942842] (vox_nav_msgs) StdoutLine: {'line': b'-- Installing: /home/manish/eiratech_ws/install/vox_nav_msgs/local/lib/python3.10/dist-packages/vox_nav_msgs/srv/_get_point_cloud_s.c\n'}
[15.942918] (vox_nav_msgs) StdoutLine: {'line': b'-- Installing: /home/manish/eiratech_ws/install/vox_nav_msgs/local/lib/python3.10/dist-packages/vox_nav_msgs/srv/_get_octomap.py\n'}
[15.942993] (vox_nav_msgs) StdoutLine: {'line': b'-- Installing: /home/manish/eiratech_ws/install/vox_nav_msgs/local/lib/python3.10/dist-packages/vox_nav_msgs/srv/_get_osm_road_topology_map.py\n'}
[15.943070] (vox_nav_msgs) StdoutLine: {'line': b'-- Installing: /home/manish/eiratech_ws/install/vox_nav_msgs/local/lib/python3.10/dist-packages/vox_nav_msgs/srv/_get_octomap_s.c\n'}
[15.943146] (vox_nav_msgs) StdoutLine: {'line': b'-- Installing: /home/manish/eiratech_ws/install/vox_nav_msgs/local/lib/python3.10/dist-packages/vox_nav_msgs/srv/_get_osm_road_topology_map_s.c\n'}
[15.945567] (-) TimerEvent: {}
[16.009751] (vox_nav_msgs) StdoutLine: {'line': b"Listing '/home/manish/eiratech_ws/install/vox_nav_msgs/local/lib/python3.10/dist-packages/vox_nav_msgs'...\n"}
[16.009889] (vox_nav_msgs) StdoutLine: {'line': b"Compiling '/home/manish/eiratech_ws/install/vox_nav_msgs/local/lib/python3.10/dist-packages/vox_nav_msgs/__init__.py'...\n"}
[16.009950] (vox_nav_msgs) StdoutLine: {'line': b"Listing '/home/manish/eiratech_ws/install/vox_nav_msgs/local/lib/python3.10/dist-packages/vox_nav_msgs/action'...\n"}
[16.010003] (vox_nav_msgs) StdoutLine: {'line': b"Compiling '/home/manish/eiratech_ws/install/vox_nav_msgs/local/lib/python3.10/dist-packages/vox_nav_msgs/action/__init__.py'...\n"}
[16.010055] (vox_nav_msgs) StdoutLine: {'line': b"Compiling '/home/manish/eiratech_ws/install/vox_nav_msgs/local/lib/python3.10/dist-packages/vox_nav_msgs/action/_compute_path_to_pose.py'...\n"}
[16.010107] (vox_nav_msgs) StdoutLine: {'line': b"Compiling '/home/manish/eiratech_ws/install/vox_nav_msgs/local/lib/python3.10/dist-packages/vox_nav_msgs/action/_follow_path.py'...\n"}
[16.010158] (vox_nav_msgs) StdoutLine: {'line': b"Compiling '/home/manish/eiratech_ws/install/vox_nav_msgs/local/lib/python3.10/dist-packages/vox_nav_msgs/action/_navigate_through_gps_poses.py'...\n"}
[16.010209] (vox_nav_msgs) StdoutLine: {'line': b"Compiling '/home/manish/eiratech_ws/install/vox_nav_msgs/local/lib/python3.10/dist-packages/vox_nav_msgs/action/_navigate_through_poses.py'...\n"}
[16.010281] (vox_nav_msgs) StdoutLine: {'line': b"Compiling '/home/manish/eiratech_ws/install/vox_nav_msgs/local/lib/python3.10/dist-packages/vox_nav_msgs/action/_navigate_to_pose.py'...\n"}
[16.010335] (vox_nav_msgs) StdoutLine: {'line': b"Listing '/home/manish/eiratech_ws/install/vox_nav_msgs/local/lib/python3.10/dist-packages/vox_nav_msgs/msg'...\n"}
[16.010385] (vox_nav_msgs) StdoutLine: {'line': b"Compiling '/home/manish/eiratech_ws/install/vox_nav_msgs/local/lib/python3.10/dist-packages/vox_nav_msgs/msg/__init__.py'...\n"}
[16.010434] (vox_nav_msgs) StdoutLine: {'line': b"Compiling '/home/manish/eiratech_ws/install/vox_nav_msgs/local/lib/python3.10/dist-packages/vox_nav_msgs/msg/_object.py'...\n"}
[16.010484] (vox_nav_msgs) StdoutLine: {'line': b"Compiling '/home/manish/eiratech_ws/install/vox_nav_msgs/local/lib/python3.10/dist-packages/vox_nav_msgs/msg/_object_array.py'...\n"}
[16.010533] (vox_nav_msgs) StdoutLine: {'line': b"Compiling '/home/manish/eiratech_ws/install/vox_nav_msgs/local/lib/python3.10/dist-packages/vox_nav_msgs/msg/_oriented_nav_sat_fix.py'...\n"}
[16.010583] (vox_nav_msgs) StdoutLine: {'line': b"Compiling '/home/manish/eiratech_ws/install/vox_nav_msgs/local/lib/python3.10/dist-packages/vox_nav_msgs/msg/_semantic_road_label.py'...\n"}
[16.010632] (vox_nav_msgs) StdoutLine: {'line': b"Listing '/home/manish/eiratech_ws/install/vox_nav_msgs/local/lib/python3.10/dist-packages/vox_nav_msgs/srv'...\n"}
[16.010681] (vox_nav_msgs) StdoutLine: {'line': b"Compiling '/home/manish/eiratech_ws/install/vox_nav_msgs/local/lib/python3.10/dist-packages/vox_nav_msgs/srv/__init__.py'...\n"}
[16.010735] (vox_nav_msgs) StdoutLine: {'line': b"Compiling '/home/manish/eiratech_ws/install/vox_nav_msgs/local/lib/python3.10/dist-packages/vox_nav_msgs/srv/_get_octomap.py'...\n"}
[16.010785] (vox_nav_msgs) StdoutLine: {'line': b"Compiling '/home/manish/eiratech_ws/install/vox_nav_msgs/local/lib/python3.10/dist-packages/vox_nav_msgs/srv/_get_osm_road_topology_map.py'...\n"}
[16.010834] (vox_nav_msgs) StdoutLine: {'line': b"Compiling '/home/manish/eiratech_ws/install/vox_nav_msgs/local/lib/python3.10/dist-packages/vox_nav_msgs/srv/_get_point_cloud.py'...\n"}
[16.010883] (vox_nav_msgs) StdoutLine: {'line': b"Compiling '/home/manish/eiratech_ws/install/vox_nav_msgs/local/lib/python3.10/dist-packages/vox_nav_msgs/srv/_get_traversability_map.py'...\n"}
[16.014084] (vox_nav_msgs) StdoutLine: {'line': b'-- Installing: /home/manish/eiratech_ws/install/vox_nav_msgs/local/lib/python3.10/dist-packages/vox_nav_msgs/vox_nav_msgs_s__rosidl_typesupport_fastrtps_c.cpython-310-x86_64-linux-gnu.so\n'}
[16.014439] (vox_nav_msgs) StdoutLine: {'line': b'-- Set runtime path of "/home/manish/eiratech_ws/install/vox_nav_msgs/local/lib/python3.10/dist-packages/vox_nav_msgs/vox_nav_msgs_s__rosidl_typesupport_fastrtps_c.cpython-310-x86_64-linux-gnu.so" to ""\n'}
[16.014619] (vox_nav_msgs) StdoutLine: {'line': b'-- Installing: /home/manish/eiratech_ws/install/vox_nav_msgs/local/lib/python3.10/dist-packages/vox_nav_msgs/vox_nav_msgs_s__rosidl_typesupport_introspection_c.cpython-310-x86_64-linux-gnu.so\n'}
[16.014949] (vox_nav_msgs) StdoutLine: {'line': b'-- Set runtime path of "/home/manish/eiratech_ws/install/vox_nav_msgs/local/lib/python3.10/dist-packages/vox_nav_msgs/vox_nav_msgs_s__rosidl_typesupport_introspection_c.cpython-310-x86_64-linux-gnu.so" to ""\n'}
[16.015106] (vox_nav_msgs) StdoutLine: {'line': b'-- Installing: /home/manish/eiratech_ws/install/vox_nav_msgs/local/lib/python3.10/dist-packages/vox_nav_msgs/vox_nav_msgs_s__rosidl_typesupport_c.cpython-310-x86_64-linux-gnu.so\n'}
[16.015442] (vox_nav_msgs) StdoutLine: {'line': b'-- Set runtime path of "/home/manish/eiratech_ws/install/vox_nav_msgs/local/lib/python3.10/dist-packages/vox_nav_msgs/vox_nav_msgs_s__rosidl_typesupport_c.cpython-310-x86_64-linux-gnu.so" to ""\n'}
[16.015599] (vox_nav_msgs) StdoutLine: {'line': b'-- Installing: /home/manish/eiratech_ws/install/vox_nav_msgs/lib/libvox_nav_msgs__rosidl_generator_py.so\n'}
[16.015857] (vox_nav_msgs) StdoutLine: {'line': b'-- Set runtime path of "/home/manish/eiratech_ws/install/vox_nav_msgs/lib/libvox_nav_msgs__rosidl_generator_py.so" to ""\n'}
[16.015960] (vox_nav_msgs) StdoutLine: {'line': b'-- Installing: /home/manish/eiratech_ws/install/vox_nav_msgs/share/vox_nav_msgs/msg/Object.idl\n'}
[16.016096] (vox_nav_msgs) StdoutLine: {'line': b'-- Installing: /home/manish/eiratech_ws/install/vox_nav_msgs/share/vox_nav_msgs/msg/ObjectArray.idl\n'}
[16.016181] (vox_nav_msgs) StdoutLine: {'line': b'-- Installing: /home/manish/eiratech_ws/install/vox_nav_msgs/share/vox_nav_msgs/msg/OrientedNavSatFix.idl\n'}
[16.016313] (vox_nav_msgs) StdoutLine: {'line': b'-- Installing: /home/manish/eiratech_ws/install/vox_nav_msgs/share/vox_nav_msgs/msg/SemanticRoadLabel.idl\n'}
[16.016379] (vox_nav_msgs) StdoutLine: {'line': b'-- Installing: /home/manish/eiratech_ws/install/vox_nav_msgs/share/vox_nav_msgs/srv/GetOctomap.idl\n'}
[16.016460] (vox_nav_msgs) StdoutLine: {'line': b'-- Installing: /home/manish/eiratech_ws/install/vox_nav_msgs/share/vox_nav_msgs/srv/GetOSMRoadTopologyMap.idl\n'}
[16.016536] (vox_nav_msgs) StdoutLine: {'line': b'-- Installing: /home/manish/eiratech_ws/install/vox_nav_msgs/share/vox_nav_msgs/srv/GetPointCloud.idl\n'}
[16.016615] (vox_nav_msgs) StdoutLine: {'line': b'-- Installing: /home/manish/eiratech_ws/install/vox_nav_msgs/share/vox_nav_msgs/srv/GetTraversabilityMap.idl\n'}
[16.016746] (vox_nav_msgs) StdoutLine: {'line': b'-- Installing: /home/manish/eiratech_ws/install/vox_nav_msgs/share/vox_nav_msgs/action/ComputePathToPose.idl\n'}
[16.016850] (vox_nav_msgs) StdoutLine: {'line': b'-- Installing: /home/manish/eiratech_ws/install/vox_nav_msgs/share/vox_nav_msgs/action/FollowPath.idl\n'}
[16.016951] (vox_nav_msgs) StdoutLine: {'line': b'-- Installing: /home/manish/eiratech_ws/install/vox_nav_msgs/share/vox_nav_msgs/action/NavigateToPose.idl\n'}
[16.017054] (vox_nav_msgs) StdoutLine: {'line': b'-- Installing: /home/manish/eiratech_ws/install/vox_nav_msgs/share/vox_nav_msgs/action/NavigateThroughGPSPoses.idl\n'}
[16.017152] (vox_nav_msgs) StdoutLine: {'line': b'-- Installing: /home/manish/eiratech_ws/install/vox_nav_msgs/share/vox_nav_msgs/action/NavigateThroughPoses.idl\n'}
[16.017360] (vox_nav_msgs) StdoutLine: {'line': b'-- Installing: /home/manish/eiratech_ws/install/vox_nav_msgs/share/vox_nav_msgs/msg/Object.msg\n'}
[16.017454] (vox_nav_msgs) StdoutLine: {'line': b'-- Installing: /home/manish/eiratech_ws/install/vox_nav_msgs/share/vox_nav_msgs/msg/ObjectArray.msg\n'}
[16.017561] (vox_nav_msgs) StdoutLine: {'line': b'-- Installing: /home/manish/eiratech_ws/install/vox_nav_msgs/share/vox_nav_msgs/msg/OrientedNavSatFix.msg\n'}
[16.017662] (vox_nav_msgs) StdoutLine: {'line': b'-- Installing: /home/manish/eiratech_ws/install/vox_nav_msgs/share/vox_nav_msgs/msg/SemanticRoadLabel.msg\n'}
[16.017727] (vox_nav_msgs) StdoutLine: {'line': b'-- Installing: /home/manish/eiratech_ws/install/vox_nav_msgs/share/vox_nav_msgs/srv/GetOctomap.srv\n'}
[16.017816] (vox_nav_msgs) StdoutLine: {'line': b'-- Installing: /home/manish/eiratech_ws/install/vox_nav_msgs/share/vox_nav_msgs/srv/GetOctomap_Request.msg\n'}
[16.017922] (vox_nav_msgs) StdoutLine: {'line': b'-- Installing: /home/manish/eiratech_ws/install/vox_nav_msgs/share/vox_nav_msgs/srv/GetOctomap_Response.msg\n'}
[16.018021] (vox_nav_msgs) StdoutLine: {'line': b'-- Installing: /home/manish/eiratech_ws/install/vox_nav_msgs/share/vox_nav_msgs/srv/GetOSMRoadTopologyMap.srv\n'}
[16.018125] (vox_nav_msgs) StdoutLine: {'line': b'-- Installing: /home/manish/eiratech_ws/install/vox_nav_msgs/share/vox_nav_msgs/srv/GetOSMRoadTopologyMap_Request.msg\n'}
[16.018227] (vox_nav_msgs) StdoutLine: {'line': b'-- Installing: /home/manish/eiratech_ws/install/vox_nav_msgs/share/vox_nav_msgs/srv/GetOSMRoadTopologyMap_Response.msg\n'}
[16.018398] (vox_nav_msgs) StdoutLine: {'line': b'-- Installing: /home/manish/eiratech_ws/install/vox_nav_msgs/share/vox_nav_msgs/srv/GetPointCloud.srv\n'}
[16.018501] (vox_nav_msgs) StdoutLine: {'line': b'-- Installing: /home/manish/eiratech_ws/install/vox_nav_msgs/share/vox_nav_msgs/srv/GetPointCloud_Request.msg\n'}
[16.018602] (vox_nav_msgs) StdoutLine: {'line': b'-- Installing: /home/manish/eiratech_ws/install/vox_nav_msgs/share/vox_nav_msgs/srv/GetPointCloud_Response.msg\n'}
[16.018704] (vox_nav_msgs) StdoutLine: {'line': b'-- Installing: /home/manish/eiratech_ws/install/vox_nav_msgs/share/vox_nav_msgs/srv/GetTraversabilityMap.srv\n'}
[16.018812] (vox_nav_msgs) StdoutLine: {'line': b'-- Installing: /home/manish/eiratech_ws/install/vox_nav_msgs/share/vox_nav_msgs/srv/GetTraversabilityMap_Request.msg\n'}
[16.018913] (vox_nav_msgs) StdoutLine: {'line': b'-- Installing: /home/manish/eiratech_ws/install/vox_nav_msgs/share/vox_nav_msgs/srv/GetTraversabilityMap_Response.msg\n'}
[16.019020] (vox_nav_msgs) StdoutLine: {'line': b'-- Installing: /home/manish/eiratech_ws/install/vox_nav_msgs/share/vox_nav_msgs/action/ComputePathToPose.action\n'}
[16.019126] (vox_nav_msgs) StdoutLine: {'line': b'-- Installing: /home/manish/eiratech_ws/install/vox_nav_msgs/share/vox_nav_msgs/action/FollowPath.action\n'}
[16.019231] (vox_nav_msgs) StdoutLine: {'line': b'-- Installing: /home/manish/eiratech_ws/install/vox_nav_msgs/share/vox_nav_msgs/action/NavigateToPose.action\n'}
[16.019370] (vox_nav_msgs) StdoutLine: {'line': b'-- Installing: /home/manish/eiratech_ws/install/vox_nav_msgs/share/vox_nav_msgs/action/NavigateThroughGPSPoses.action\n'}
[16.019476] (vox_nav_msgs) StdoutLine: {'line': b'-- Installing: /home/manish/eiratech_ws/install/vox_nav_msgs/share/vox_nav_msgs/action/NavigateThroughPoses.action\n'}
[16.019610] (vox_nav_msgs) StdoutLine: {'line': b'-- Installing: /home/manish/eiratech_ws/install/vox_nav_msgs/share/ament_index/resource_index/package_run_dependencies/vox_nav_msgs\n'}
[16.019747] (vox_nav_msgs) StdoutLine: {'line': b'-- Installing: /home/manish/eiratech_ws/install/vox_nav_msgs/share/ament_index/resource_index/parent_prefix_path/vox_nav_msgs\n'}
[16.019853] (vox_nav_msgs) StdoutLine: {'line': b'-- Installing: /home/manish/eiratech_ws/install/vox_nav_msgs/share/vox_nav_msgs/environment/ament_prefix_path.sh\n'}
[16.019961] (vox_nav_msgs) StdoutLine: {'line': b'-- Installing: /home/manish/eiratech_ws/install/vox_nav_msgs/share/vox_nav_msgs/environment/ament_prefix_path.dsv\n'}
[16.020066] (vox_nav_msgs) StdoutLine: {'line': b'-- Installing: /home/manish/eiratech_ws/install/vox_nav_msgs/share/vox_nav_msgs/environment/path.sh\n'}
[16.020176] (vox_nav_msgs) StdoutLine: {'line': b'-- Installing: /home/manish/eiratech_ws/install/vox_nav_msgs/share/vox_nav_msgs/environment/path.dsv\n'}
[16.020317] (vox_nav_msgs) StdoutLine: {'line': b'-- Installing: /home/manish/eiratech_ws/install/vox_nav_msgs/share/vox_nav_msgs/local_setup.bash\n'}
[16.020425] (vox_nav_msgs) StdoutLine: {'line': b'-- Installing: /home/manish/eiratech_ws/install/vox_nav_msgs/share/vox_nav_msgs/local_setup.sh\n'}
[16.020533] (vox_nav_msgs) StdoutLine: {'line': b'-- Installing: /home/manish/eiratech_ws/install/vox_nav_msgs/share/vox_nav_msgs/local_setup.zsh\n'}
[16.020638] (vox_nav_msgs) StdoutLine: {'line': b'-- Installing: /home/manish/eiratech_ws/install/vox_nav_msgs/share/vox_nav_msgs/local_setup.dsv\n'}
[16.020738] (vox_nav_msgs) StdoutLine: {'line': b'-- Installing: /home/manish/eiratech_ws/install/vox_nav_msgs/share/vox_nav_msgs/package.dsv\n'}
[16.020873] (vox_nav_msgs) StdoutLine: {'line': b'-- Installing: /home/manish/eiratech_ws/install/vox_nav_msgs/share/ament_index/resource_index/packages/vox_nav_msgs\n'}
[16.021015] (vox_nav_msgs) StdoutLine: {'line': b'-- Installing: /home/manish/eiratech_ws/install/vox_nav_msgs/share/vox_nav_msgs/cmake/export_vox_nav_msgs__rosidl_generator_cExport.cmake\n'}
[16.021134] (vox_nav_msgs) StdoutLine: {'line': b'-- Installing: /home/manish/eiratech_ws/install/vox_nav_msgs/share/vox_nav_msgs/cmake/export_vox_nav_msgs__rosidl_generator_cExport-noconfig.cmake\n'}
[16.021276] (vox_nav_msgs) StdoutLine: {'line': b'-- Installing: /home/manish/eiratech_ws/install/vox_nav_msgs/share/vox_nav_msgs/cmake/export_vox_nav_msgs__rosidl_typesupport_fastrtps_cExport.cmake\n'}
[16.021408] (vox_nav_msgs) StdoutLine: {'line': b'-- Installing: /home/manish/eiratech_ws/install/vox_nav_msgs/share/vox_nav_msgs/cmake/export_vox_nav_msgs__rosidl_typesupport_fastrtps_cExport-noconfig.cmake\n'}
[16.021528] (vox_nav_msgs) StdoutLine: {'line': b'-- Installing: /home/manish/eiratech_ws/install/vox_nav_msgs/share/vox_nav_msgs/cmake/export_vox_nav_msgs__rosidl_generator_cppExport.cmake\n'}
[16.021649] (vox_nav_msgs) StdoutLine: {'line': b'-- Installing: /home/manish/eiratech_ws/install/vox_nav_msgs/share/vox_nav_msgs/cmake/export_vox_nav_msgs__rosidl_typesupport_fastrtps_cppExport.cmake\n'}
[16.021758] (vox_nav_msgs) StdoutLine: {'line': b'-- Installing: /home/manish/eiratech_ws/install/vox_nav_msgs/share/vox_nav_msgs/cmake/export_vox_nav_msgs__rosidl_typesupport_fastrtps_cppExport-noconfig.cmake\n'}
[16.021883] (vox_nav_msgs) StdoutLine: {'line': b'-- Installing: /home/manish/eiratech_ws/install/vox_nav_msgs/share/vox_nav_msgs/cmake/vox_nav_msgs__rosidl_typesupport_introspection_cExport.cmake\n'}
[16.021996] (vox_nav_msgs) StdoutLine: {'line': b'-- Installing: /home/manish/eiratech_ws/install/vox_nav_msgs/share/vox_nav_msgs/cmake/vox_nav_msgs__rosidl_typesupport_introspection_cExport-noconfig.cmake\n'}
[16.022118] (vox_nav_msgs) StdoutLine: {'line': b'-- Installing: /home/manish/eiratech_ws/install/vox_nav_msgs/share/vox_nav_msgs/cmake/vox_nav_msgs__rosidl_typesupport_cExport.cmake\n'}
[16.022223] (vox_nav_msgs) StdoutLine: {'line': b'-- Installing: /home/manish/eiratech_ws/install/vox_nav_msgs/share/vox_nav_msgs/cmake/vox_nav_msgs__rosidl_typesupport_cExport-noconfig.cmake\n'}
[16.022425] (vox_nav_msgs) StdoutLine: {'line': b'-- Installing: /home/manish/eiratech_ws/install/vox_nav_msgs/share/vox_nav_msgs/cmake/vox_nav_msgs__rosidl_typesupport_introspection_cppExport.cmake\n'}
[16.022544] (vox_nav_msgs) StdoutLine: {'line': b'-- Installing: /home/manish/eiratech_ws/install/vox_nav_msgs/share/vox_nav_msgs/cmake/vox_nav_msgs__rosidl_typesupport_introspection_cppExport-noconfig.cmake\n'}
[16.022668] (vox_nav_msgs) StdoutLine: {'line': b'-- Installing: /home/manish/eiratech_ws/install/vox_nav_msgs/share/vox_nav_msgs/cmake/vox_nav_msgs__rosidl_typesupport_cppExport.cmake\n'}
[16.022775] (vox_nav_msgs) StdoutLine: {'line': b'-- Installing: /home/manish/eiratech_ws/install/vox_nav_msgs/share/vox_nav_msgs/cmake/vox_nav_msgs__rosidl_typesupport_cppExport-noconfig.cmake\n'}
[16.022897] (vox_nav_msgs) StdoutLine: {'line': b'-- Installing: /home/manish/eiratech_ws/install/vox_nav_msgs/share/vox_nav_msgs/cmake/export_vox_nav_msgs__rosidl_generator_pyExport.cmake\n'}
[16.023012] (vox_nav_msgs) StdoutLine: {'line': b'-- Installing: /home/manish/eiratech_ws/install/vox_nav_msgs/share/vox_nav_msgs/cmake/export_vox_nav_msgs__rosidl_generator_pyExport-noconfig.cmake\n'}
[16.023124] (vox_nav_msgs) StdoutLine: {'line': b'-- Installing: /home/manish/eiratech_ws/install/vox_nav_msgs/share/vox_nav_msgs/cmake/rosidl_cmake-extras.cmake\n'}
[16.023229] (vox_nav_msgs) StdoutLine: {'line': b'-- Installing: /home/manish/eiratech_ws/install/vox_nav_msgs/share/vox_nav_msgs/cmake/ament_cmake_export_dependencies-extras.cmake\n'}
[16.023393] (vox_nav_msgs) StdoutLine: {'line': b'-- Installing: /home/manish/eiratech_ws/install/vox_nav_msgs/share/vox_nav_msgs/cmake/ament_cmake_export_include_directories-extras.cmake\n'}
[16.023505] (vox_nav_msgs) StdoutLine: {'line': b'-- Installing: /home/manish/eiratech_ws/install/vox_nav_msgs/share/vox_nav_msgs/cmake/ament_cmake_export_libraries-extras.cmake\n'}
[16.023619] (vox_nav_msgs) StdoutLine: {'line': b'-- Installing: /home/manish/eiratech_ws/install/vox_nav_msgs/share/vox_nav_msgs/cmake/ament_cmake_export_targets-extras.cmake\n'}
[16.023725] (vox_nav_msgs) StdoutLine: {'line': b'-- Installing: /home/manish/eiratech_ws/install/vox_nav_msgs/share/vox_nav_msgs/cmake/rosidl_cmake_export_typesupport_targets-extras.cmake\n'}
[16.023833] (vox_nav_msgs) StdoutLine: {'line': b'-- Installing: /home/manish/eiratech_ws/install/vox_nav_msgs/share/vox_nav_msgs/cmake/rosidl_cmake_export_typesupport_libraries-extras.cmake\n'}
[16.023944] (vox_nav_msgs) StdoutLine: {'line': b'-- Installing: /home/manish/eiratech_ws/install/vox_nav_msgs/share/vox_nav_msgs/cmake/vox_nav_msgsConfig.cmake\n'}
[16.024020] (vox_nav_msgs) StdoutLine: {'line': b'-- Installing: /home/manish/eiratech_ws/install/vox_nav_msgs/share/vox_nav_msgs/cmake/vox_nav_msgsConfig-version.cmake\n'}
[16.024133] (vox_nav_msgs) StdoutLine: {'line': b'-- Installing: /home/manish/eiratech_ws/install/vox_nav_msgs/share/vox_nav_msgs/package.xml\n'}
[16.025971] (vox_nav_msgs) CommandEnded: {'returncode': 0}
[16.043387] (vox_nav_msgs) JobEnded: {'identifier': 'vox_nav_msgs', 'rc': 0}
[16.043904] (-) EventReactorShutdown: {}
