[0.000000] (-) TimerEvent: {}
[0.000349] (-) JobUnselected: {'identifier': 'cropmap_nav2'}
[0.000373] (-) JobUnselected: {'identifier': 'robot_bringup'}
[0.000388] (-) JobUnselected: {'identifier': 'robot_control'}
[0.000400] (-) JobUnselected: {'identifier': 'robot_description'}
[0.000413] (-) JobUnselected: {'identifier': 'vox_nav_bringup'}
[0.000425] (-) JobUnselected: {'identifier': 'vox_nav_map_server'}
[0.000437] (-) JobUnselected: {'identifier': 'vox_nav_msgs'}
[0.000449] (-) JobUnselected: {'identifier': 'vox_nav_navigators'}
[0.000461] (-) JobUnselected: {'identifier': 'vox_nav_planning'}
[0.000472] (-) JobUnselected: {'identifier': 'vox_nav_utilities'}
[0.000483] (-) JobUnselected: {'identifier': 'vox_nav_waypoint_nav_clients'}
[0.000497] (vox_nav_control) JobQueued: {'identifier': 'vox_nav_control', 'dependencies': OrderedDict([('vox_nav_msgs', '/home/manish/eiratech_ws/install/vox_nav_msgs'), ('vox_nav_utilities', '/home/manish/eiratech_ws/install/vox_nav_utilities')])}
[0.000516] (vox_nav_control) JobStarted: {'identifier': 'vox_nav_control'}
[0.009438] (vox_nav_control) JobProgress: {'identifier': 'vox_nav_control', 'progress': 'cmake'}
[0.009775] (vox_nav_control) Command: {'cmd': ['/usr/bin/cmake', '/home/manish/eiratech_ws/src/vox_nav/vox_nav_control', '-DCMAKE_VERBOSE_MAKEFILE=ON', '-DCMAKE_BUILD_TYPE=Release', '-DCMAKE_INSTALL_PREFIX=/home/manish/eiratech_ws/install/vox_nav_control'], 'cwd': '/home/manish/eiratech_ws/build/vox_nav_control', 'env': OrderedDict([('GJS_DEBUG_TOPICS', 'JS ERROR;JS LOG'), ('LESSOPEN', '| /usr/bin/lesspipe %s'), ('GZ_SIM_RESOURCE_PATH', ':/home/manish/eiratech_ws/install/robot_description/share/robot_description:/home/manish/.gz/models'), ('LANGUAGE', 'en_IE:en'), ('USER', 'manish'), ('XDG_SESSION_TYPE', 'wayland'), ('SHLVL', '1'), ('LD_LIBRARY_PATH', '/home/manish/eiratech_ws/install/vox_nav_utilities/lib:/home/manish/eiratech_ws/install/vox_nav_msgs/lib:/home/manish/eiratech_ws/install/vox_nav_planning/lib:/home/manish/eiratech_ws/install/vox_nav_navigators/lib:/home/manish/eiratech_ws/install/vox_nav_control/lib:/usr/lib/x86_64-linux-gnu/gazebo-11/plugins:/opt/ros/humble/opt/rviz_ogre_vendor/lib:/opt/ros/humble/lib/x86_64-linux-gnu:/opt/ros/humble/lib'), ('HOME', '/home/manish'), ('OLDPWD', '/home/manish/eiratech_ws/install/vox_nav_control/lib'), ('DESKTOP_SESSION', 'ubuntu'), ('GIO_LAUNCHED_DESKTOP_FILE', '/usr/share/applications/terminator.desktop'), ('ROS_PYTHON_VERSION', '3'), ('GNOME_SHELL_SESSION_MODE', 'ubuntu'), ('GTK_MODULES', 'gail:atk-bridge'), ('MANAGERPID', '1211'), ('SYSTEMD_EXEC_PID', '1713'), ('DBUS_SESSION_BUS_ADDRESS', 'unix:path=/run/user/1000/bus'), ('COLORTERM', 'truecolor'), ('TERMINATOR_DBUS_NAME', 'net.tenshu.Terminator25ef4b219e3b005583550f2b0f9f990c3'), ('GIO_LAUNCHED_DESKTOP_FILE_PID', '4186'), ('IM_CONFIG_PHASE', '1'), ('WAYLAND_DISPLAY', 'wayland-0'), ('COLCON_PREFIX_PATH', '/home/manish/eiratech_ws/install'), ('ROS_DISTRO', 'humble'), ('LOGNAME', 'manish'), ('JOURNAL_STREAM', '8:7732'), ('_', '/usr/bin/colcon'), ('ROS_VERSION', '2'), ('PKG_CONFIG_PATH', '/usr/lib/x86_64-linux-gnu/pkgconfig:/usr/local/lib/pkgconfig:'), ('XDG_SESSION_CLASS', 'user'), ('USERNAME', 'manish'), ('TERM', 'xterm-256color'), ('GAZEBO_MODEL_PATH', ':/home/manish/eiratech_ws/install/robot_description/share'), ('GNOME_DESKTOP_SESSION_ID', 'this-is-deprecated'), ('ROS_LOCALHOST_ONLY', '0'), ('PATH', '/opt/ros/humble/bin:/home/manish/.local/bin:/usr/local/sbin:/usr/local/bin:/usr/sbin:/usr/bin:/sbin:/bin:/usr/games:/usr/local/games:/snap/bin:/snap/bin'), ('SESSION_MANAGER', 'local/manish-Precision-7750:@/tmp/.ICE-unix/1684,unix/manish-Precision-7750:/tmp/.ICE-unix/1684'), ('FASTRTPS_DEFAULT_PROFILES_FILE', '/home/manish/.ros/DEFAULT_FASTRTPS_PROFILES.xml'), ('INVOCATION_ID', '70e13d52e8874cd9ababfb1290a43653'), ('XDG_MENU_PREFIX', 'gnome-'), ('GNOME_SETUP_DISPLAY', ':1'), ('XDG_RUNTIME_DIR', '/run/user/1000'), ('DISPLAY', ':0'), ('TERMINATOR_DBUS_PATH', '/net/tenshu/Terminator2'), ('LANG', 'en_IE.UTF-8'), ('XDG_CURRENT_DESKTOP', 'ubuntu:GNOME'), ('IBUS_DISABLE_SNOOPER', '1'), ('XMODIFIERS', '@im=ibus'), ('XDG_SESSION_DESKTOP', 'ubuntu'), ('XAUTHORITY', '/run/user/1000/.mutter-Xwaylandauth.5K43A3'), ('LS_COLORS', 'rs=0:di=01;34:ln=01;36:mh=00:pi=40;33:so=01;35:do=01;35:bd=40;33;01:cd=40;33;01:or=40;31;01:mi=00:su=37;41:sg=30;43:ca=30;41:tw=30;42:ow=34;42:st=37;44:ex=01;32:*.tar=01;31:*.tgz=01;31:*.arc=01;31:*.arj=01;31:*.taz=01;31:*.lha=01;31:*.lz4=01;31:*.lzh=01;31:*.lzma=01;31:*.tlz=01;31:*.txz=01;31:*.tzo=01;31:*.t7z=01;31:*.zip=01;31:*.z=01;31:*.dz=01;31:*.gz=01;31:*.lrz=01;31:*.lz=01;31:*.lzo=01;31:*.xz=01;31:*.zst=01;31:*.tzst=01;31:*.bz2=01;31:*.bz=01;31:*.tbz=01;31:*.tbz2=01;31:*.tz=01;31:*.deb=01;31:*.rpm=01;31:*.jar=01;31:*.war=01;31:*.ear=01;31:*.sar=01;31:*.rar=01;31:*.alz=01;31:*.ace=01;31:*.zoo=01;31:*.cpio=01;31:*.7z=01;31:*.rz=01;31:*.cab=01;31:*.wim=01;31:*.swm=01;31:*.dwm=01;31:*.esd=01;31:*.jpg=01;35:*.jpeg=01;35:*.mjpg=01;35:*.mjpeg=01;35:*.gif=01;35:*.bmp=01;35:*.pbm=01;35:*.pgm=01;35:*.ppm=01;35:*.tga=01;35:*.xbm=01;35:*.xpm=01;35:*.tif=01;35:*.tiff=01;35:*.png=01;35:*.svg=01;35:*.svgz=01;35:*.mng=01;35:*.pcx=01;35:*.mov=01;35:*.mpg=01;35:*.mpeg=01;35:*.m2v=01;35:*.mkv=01;35:*.webm=01;35:*.webp=01;35:*.ogm=01;35:*.mp4=01;35:*.m4v=01;35:*.mp4v=01;35:*.vob=01;35:*.qt=01;35:*.nuv=01;35:*.wmv=01;35:*.asf=01;35:*.rm=01;35:*.rmvb=01;35:*.flc=01;35:*.avi=01;35:*.fli=01;35:*.flv=01;35:*.gl=01;35:*.dl=01;35:*.xcf=01;35:*.xwd=01;35:*.yuv=01;35:*.cgm=01;35:*.emf=01;35:*.ogv=01;35:*.ogx=01;35:*.aac=00;36:*.au=00;36:*.flac=00;36:*.m4a=00;36:*.mid=00;36:*.midi=00;36:*.mka=00;36:*.mp3=00;36:*.mpc=00;36:*.ogg=00;36:*.ra=00;36:*.wav=00;36:*.oga=00;36:*.opus=00;36:*.spx=00;36:*.xspf=00;36:'), ('SSH_AGENT_LAUNCHER', 'gnome-keyring'), ('SSH_AUTH_SOCK', '/run/user/1000/keyring/ssh'), ('AMENT_PREFIX_PATH', '/home/manish/eiratech_ws/install/vox_nav_waypoint_nav_clients:/home/manish/eiratech_ws/install/vox_nav_bringup:/home/manish/eiratech_ws/install/vox_nav_planning:/home/manish/eiratech_ws/install/vox_nav_navigators:/home/manish/eiratech_ws/install/vox_nav_map_server:/home/manish/eiratech_ws/install/vox_nav_control:/home/manish/eiratech_ws/install/vox_nav_utilities:/home/manish/eiratech_ws/install/vox_nav_msgs:/home/manish/eiratech_ws/install/robot_bringup:/home/manish/eiratech_ws/install/robot_description:/home/manish/eiratech_ws/install/robot_control:/home/manish/eiratech_ws/install/cropmap_nav2:/opt/ros/humble'), ('SHELL', '/bin/bash'), ('TERMINATOR_UUID', 'urn:uuid:c870f54c-8fbc-44a7-9a81-f8570fbdd0ca'), ('QT_ACCESSIBILITY', '1'), ('GDMSESSION', 'ubuntu'), ('LESSCLOSE', '/usr/bin/lesspipe %s %s'), ('IGN_GAZEBO_RESOURCE_PATH', ':/home/manish/eiratech_ws/install/robot_description/share/robot_description:/home/manish/.gz/models'), ('GJS_DEBUG_OUTPUT', 'stderr'), ('QT_IM_MODULE', 'ibus'), ('PWD', '/home/manish/eiratech_ws/build/vox_nav_control'), ('XDG_CONFIG_DIRS', '/etc/xdg/xdg-ubuntu:/etc/xdg'), ('GAZEBO_PLUGIN_PATH', ':/path/to/your_ws/install/gazebo_ros2_control/lib:/opt/ros/humble/lib'), ('XDG_DATA_DIRS', '/usr/share/ubuntu:/usr/local/share/:/usr/share/:/var/lib/snapd/desktop'), ('PYTHONPATH', '/home/manish/eiratech_ws/install/vox_nav_msgs/local/lib/python3.10/dist-packages:/opt/ros/humble/lib/python3.10/site-packages:/opt/ros/humble/local/lib/python3.10/dist-packages'), ('COLCON', '1'), ('VTE_VERSION', '6800'), ('CMAKE_PREFIX_PATH', '/home/manish/eiratech_ws/install/vox_nav_utilities:/home/manish/eiratech_ws/install/vox_nav_msgs:/usr:/home/manish/eiratech_ws/install/vox_nav_waypoint_nav_clients:/home/manish/eiratech_ws/install/vox_nav_bringup:/home/manish/eiratech_ws/install/vox_nav_planning:/home/manish/eiratech_ws/install/vox_nav_navigators:/home/manish/eiratech_ws/install/vox_nav_map_server:/home/manish/eiratech_ws/install/vox_nav_control:/home/manish/eiratech_ws/install/robot_bringup:/home/manish/eiratech_ws/install/robot_description:/home/manish/eiratech_ws/install/robot_control:/home/manish/eiratech_ws/install/cropmap_nav2:/opt/ros/humble')]), 'shell': False}
[0.046205] (vox_nav_control) StdoutLine: {'line': b'-- The C compiler identification is GNU 11.4.0\n'}
[0.086122] (vox_nav_control) StdoutLine: {'line': b'-- The CXX compiler identification is GNU 11.4.0\n'}
[0.091678] (vox_nav_control) StdoutLine: {'line': b'-- Detecting C compiler ABI info\n'}
[0.099823] (-) TimerEvent: {}
[0.139416] (vox_nav_control) StdoutLine: {'line': b'-- Detecting C compiler ABI info - done\n'}
[0.145104] (vox_nav_control) StdoutLine: {'line': b'-- Check for working C compiler: /usr/bin/cc - skipped\n'}
[0.145211] (vox_nav_control) StdoutLine: {'line': b'-- Detecting C compile features\n'}
[0.145607] (vox_nav_control) StdoutLine: {'line': b'-- Detecting C compile features - done\n'}
[0.147850] (vox_nav_control) StdoutLine: {'line': b'-- Detecting CXX compiler ABI info\n'}
[0.199956] (-) TimerEvent: {}
[0.207554] (vox_nav_control) StdoutLine: {'line': b'-- Detecting CXX compiler ABI info - done\n'}
[0.215528] (vox_nav_control) StdoutLine: {'line': b'-- Check for working CXX compiler: /usr/bin/c++ - skipped\n'}
[0.215822] (vox_nav_control) StdoutLine: {'line': b'-- Detecting CXX compile features\n'}
[0.216202] (vox_nav_control) StdoutLine: {'line': b'-- Detecting CXX compile features - done\n'}
[0.224013] (vox_nav_control) StdoutLine: {'line': b'-- Found ament_cmake: 1.3.12 (/opt/ros/humble/share/ament_cmake/cmake)\n'}
[0.300063] (-) TimerEvent: {}
[0.342853] (vox_nav_control) StdoutLine: {'line': b'-- Found Python3: /usr/bin/python3 (found version "3.10.12") found components: Interpreter \n'}
[0.400171] (-) TimerEvent: {}
[0.454526] (vox_nav_control) StdoutLine: {'line': b'-- Found rclcpp: 16.0.14 (/opt/ros/humble/share/rclcpp/cmake)\n'}
[0.500272] (-) TimerEvent: {}
[0.524680] (vox_nav_control) StdoutLine: {'line': b'-- Found rosidl_generator_c: 3.1.7 (/opt/ros/humble/share/rosidl_generator_c/cmake)\n'}
[0.536279] (vox_nav_control) StdoutLine: {'line': b'-- Found rosidl_adapter: 3.1.7 (/opt/ros/humble/share/rosidl_adapter/cmake)\n'}
[0.550410] (vox_nav_control) StdoutLine: {'line': b'-- Found rosidl_generator_cpp: 3.1.7 (/opt/ros/humble/share/rosidl_generator_cpp/cmake)\n'}
[0.567532] (vox_nav_control) StdoutLine: {'line': b'-- Using all available rosidl_typesupport_c: rosidl_typesupport_fastrtps_c;rosidl_typesupport_introspection_c\n'}
[0.591511] (vox_nav_control) StdoutLine: {'line': b'-- Using all available rosidl_typesupport_cpp: rosidl_typesupport_fastrtps_cpp;rosidl_typesupport_introspection_cpp\n'}
[0.600368] (-) TimerEvent: {}
[0.683725] (vox_nav_control) StdoutLine: {'line': b'-- Found rmw_implementation_cmake: 6.1.2 (/opt/ros/humble/share/rmw_implementation_cmake/cmake)\n'}
[0.690548] (vox_nav_control) StdoutLine: {'line': b'-- Found rmw_fastrtps_cpp: 6.2.8 (/opt/ros/humble/share/rmw_fastrtps_cpp/cmake)\n'}
[0.700460] (-) TimerEvent: {}
[0.766375] (vox_nav_control) StdoutLine: {'line': b'-- Found OpenSSL: /usr/lib/x86_64-linux-gnu/libcrypto.so (found version "3.0.2")  \n'}
[0.789475] (vox_nav_control) StdoutLine: {'line': b'-- Found FastRTPS: /opt/ros/humble/include  \n'}
[0.800564] (-) TimerEvent: {}
[0.821114] (vox_nav_control) StdoutLine: {'line': b"-- Using RMW implementation 'rmw_fastrtps_cpp' as default\n"}
[0.834038] (vox_nav_control) StdoutLine: {'line': b'-- Looking for pthread.h\n'}
[0.880401] (vox_nav_control) StdoutLine: {'line': b'-- Looking for pthread.h - found\n'}
[0.880700] (vox_nav_control) StdoutLine: {'line': b'-- Performing Test CMAKE_HAVE_LIBC_PTHREAD\n'}
[0.900657] (-) TimerEvent: {}
[0.929479] (vox_nav_control) StdoutLine: {'line': b'-- Performing Test CMAKE_HAVE_LIBC_PTHREAD - Success\n'}
[0.930298] (vox_nav_control) StdoutLine: {'line': b'-- Found Threads: TRUE  \n'}
[0.986578] (vox_nav_control) StdoutLine: {'line': b'-- Found rclcpp_action: 16.0.14 (/opt/ros/humble/share/rclcpp_action/cmake)\n'}
[1.000753] (-) TimerEvent: {}
[1.028303] (vox_nav_control) StdoutLine: {'line': b'-- Found geometry_msgs: 4.9.0 (/opt/ros/humble/share/geometry_msgs/cmake)\n'}
[1.043139] (vox_nav_control) StdoutLine: {'line': b'-- Found nav_msgs: 4.9.0 (/opt/ros/humble/share/nav_msgs/cmake)\n'}
[1.061294] (vox_nav_control) StdoutLine: {'line': b'-- Found sensor_msgs: 4.9.0 (/opt/ros/humble/share/sensor_msgs/cmake)\n'}
[1.079083] (vox_nav_control) StdoutLine: {'line': b'-- Found visualization_msgs: 4.9.0 (/opt/ros/humble/share/visualization_msgs/cmake)\n'}
[1.099326] (vox_nav_control) StdoutLine: {'line': b'-- Found pluginlib: 5.1.0 (/opt/ros/humble/share/pluginlib/cmake)\n'}
[1.100819] (-) TimerEvent: {}
[1.128955] (vox_nav_control) StdoutLine: {'line': b'-- Found tf2: 0.25.15 (/opt/ros/humble/share/tf2/cmake)\n'}
[1.136296] (vox_nav_control) StdoutLine: {'line': b'-- Found tf2_ros: 0.25.15 (/opt/ros/humble/share/tf2_ros/cmake)\n'}
[1.196209] (vox_nav_control) StdoutLine: {'line': b'-- Found tf2_geometry_msgs: 0.25.15 (/opt/ros/humble/share/tf2_geometry_msgs/cmake)\n'}
[1.200921] (-) TimerEvent: {}
[1.211886] (vox_nav_control) StdoutLine: {'line': b'-- Found eigen3_cmake_module: 0.1.1 (/opt/ros/humble/share/eigen3_cmake_module/cmake)\n'}
[1.212863] (vox_nav_control) StdoutLine: {'line': b'-- Found Eigen3: TRUE (found version "3.4.0") \n'}
[1.212958] (vox_nav_control) StdoutLine: {'line': b'-- Ensuring Eigen3 include directory is part of orocos-kdl CMake target\n'}
[1.219751] (vox_nav_control) StdoutLine: {'line': b'-- Found pcl_ros: 2.4.5 (/opt/ros/humble/share/pcl_ros/cmake)\n'}
[1.255512] (vox_nav_control) StdoutLine: {'line': b"-- Checking for module 'eigen3'\n"}
[1.263169] (vox_nav_control) StdoutLine: {'line': b'--   Found eigen3, version 3.4.0\n'}
[1.282803] (vox_nav_control) StdoutLine: {'line': b'-- Found Eigen: /usr/include/eigen3 (Required is at least version "3.1") \n'}
[1.282949] (vox_nav_control) StdoutLine: {'line': b'-- Eigen found (include: /usr/include/eigen3, version: 3.4.0)\n'}
[1.301031] (-) TimerEvent: {}
[1.303835] (vox_nav_control) StdoutLine: {'line': b"-- Checking for module 'flann'\n"}
[1.311698] (vox_nav_control) StdoutLine: {'line': b'--   Found flann, version 1.9.1\n'}
[1.335396] (vox_nav_control) StdoutLine: {'line': b'-- Found FLANN: /usr/lib/x86_64-linux-gnu/libflann_cpp.so  \n'}
[1.335518] (vox_nav_control) StdoutLine: {'line': b'-- FLANN found (include: /usr/include, lib: /usr/lib/x86_64-linux-gnu/libflann_cpp.so)\n'}
[1.401271] (-) TimerEvent: {}
[1.501691] (-) TimerEvent: {}
[1.601932] (-) TimerEvent: {}
[1.702181] (-) TimerEvent: {}
[1.802443] (-) TimerEvent: {}
[1.902701] (-) TimerEvent: {}
[2.002997] (-) TimerEvent: {}
[2.088336] (vox_nav_control) StdoutLine: {'line': b"-- Checking for module 'libusb-1.0'\n"}
[2.096523] (vox_nav_control) StdoutLine: {'line': b'--   Found libusb-1.0, version 1.0.25\n'}
[2.103097] (-) TimerEvent: {}
[2.116711] (vox_nav_control) StdoutLine: {'line': b'-- Found libusb: /usr/lib/x86_64-linux-gnu/libusb-1.0.so  \n'}
[2.117460] (vox_nav_control) StdoutLine: {'line': b'-- OpenNI found (version: 1.5.4.0, include: /usr/include/ni, lib: /usr/lib/libOpenNI.so;libusb::libusb)\n'}
[2.149564] (vox_nav_control) StdoutLine: {'line': b'-- OpenNI2 found (version: 2.2.0.33, include: /usr/include/openni2, lib: /usr/lib/x86_64-linux-gnu/libOpenNI2.so;libusb::libusb)\n'}
[2.203222] (-) TimerEvent: {}
[2.264356] (vox_nav_control) StdoutLine: {'line': b'-- Eigen found (include: /usr/include/eigen3, version: 3.4.0)\n'}
[2.268201] (vox_nav_control) StdoutLine: {'line': b'-- OpenNI found (version: 1.5.4.0, include: /usr/include/ni, lib: /usr/lib/libOpenNI.so;libusb::libusb)\n'}
[2.272400] (vox_nav_control) StdoutLine: {'line': b'-- OpenNI2 found (version: 2.2.0.33, include: /usr/include/openni2, lib: /usr/lib/x86_64-linux-gnu/libOpenNI2.so;libusb::libusb)\n'}
[2.303312] (-) TimerEvent: {}
[2.388605] (vox_nav_control) StdoutLine: {'line': b'-- Found Qhull version 8.0.2\n'}
[2.403410] (-) TimerEvent: {}
[2.503617] (-) TimerEvent: {}
[2.505166] (vox_nav_control) StdoutLine: {'line': b'-- OpenNI found (version: 1.5.4.0, include: /usr/include/ni, lib: /usr/lib/libOpenNI.so;libusb::libusb)\n'}
[2.603736] (-) TimerEvent: {}
[2.614821] (vox_nav_control) StdoutLine: {'line': b'-- Found PCL_COMMON: /usr/lib/x86_64-linux-gnu/libpcl_common.so  \n'}
[2.615520] (vox_nav_control) StdoutLine: {'line': b'-- Found PCL_KDTREE: /usr/lib/x86_64-linux-gnu/libpcl_kdtree.so  \n'}
[2.616223] (vox_nav_control) StdoutLine: {'line': b'-- Found PCL_OCTREE: /usr/lib/x86_64-linux-gnu/libpcl_octree.so  \n'}
[2.616921] (vox_nav_control) StdoutLine: {'line': b'-- Found PCL_SEARCH: /usr/lib/x86_64-linux-gnu/libpcl_search.so  \n'}
[2.617671] (vox_nav_control) StdoutLine: {'line': b'-- Found PCL_SAMPLE_CONSENSUS: /usr/lib/x86_64-linux-gnu/libpcl_sample_consensus.so  \n'}
[2.618419] (vox_nav_control) StdoutLine: {'line': b'-- Found PCL_FILTERS: /usr/lib/x86_64-linux-gnu/libpcl_filters.so  \n'}
[2.618746] (vox_nav_control) StdoutLine: {'line': b'-- Found PCL_2D: /usr/include/pcl-1.12  \n'}
[2.619001] (vox_nav_control) StdoutLine: {'line': b'-- Found PCL_GEOMETRY: /usr/include/pcl-1.12  \n'}
[2.619752] (vox_nav_control) StdoutLine: {'line': b'-- Found PCL_IO: /usr/lib/x86_64-linux-gnu/libpcl_io.so  \n'}
[2.620567] (vox_nav_control) StdoutLine: {'line': b'-- Found PCL_FEATURES: /usr/lib/x86_64-linux-gnu/libpcl_features.so  \n'}
[2.621388] (vox_nav_control) StdoutLine: {'line': b'-- Found PCL_ML: /usr/lib/x86_64-linux-gnu/libpcl_ml.so  \n'}
[2.622097] (vox_nav_control) StdoutLine: {'line': b'-- Found PCL_SEGMENTATION: /usr/lib/x86_64-linux-gnu/libpcl_segmentation.so  \n'}
[2.622955] (vox_nav_control) StdoutLine: {'line': b'-- Found PCL_VISUALIZATION: /usr/lib/x86_64-linux-gnu/libpcl_visualization.so  \n'}
[2.623785] (vox_nav_control) StdoutLine: {'line': b'-- Found PCL_SURFACE: /usr/lib/x86_64-linux-gnu/libpcl_surface.so  \n'}
[2.624555] (vox_nav_control) StdoutLine: {'line': b'-- Found PCL_REGISTRATION: /usr/lib/x86_64-linux-gnu/libpcl_registration.so  \n'}
[2.625383] (vox_nav_control) StdoutLine: {'line': b'-- Found PCL_KEYPOINTS: /usr/lib/x86_64-linux-gnu/libpcl_keypoints.so  \n'}
[2.626158] (vox_nav_control) StdoutLine: {'line': b'-- Found PCL_TRACKING: /usr/lib/x86_64-linux-gnu/libpcl_tracking.so  \n'}
[2.626943] (vox_nav_control) StdoutLine: {'line': b'-- Found PCL_RECOGNITION: /usr/lib/x86_64-linux-gnu/libpcl_recognition.so  \n'}
[2.627812] (vox_nav_control) StdoutLine: {'line': b'-- Found PCL_STEREO: /usr/lib/x86_64-linux-gnu/libpcl_stereo.so  \n'}
[2.628570] (vox_nav_control) StdoutLine: {'line': b'-- Found PCL_APPS: /usr/lib/x86_64-linux-gnu/libpcl_apps.so  \n'}
[2.629198] (vox_nav_control) StdoutLine: {'line': b'-- Found PCL_IN_HAND_SCANNER: /usr/include/pcl-1.12  \n'}
[2.629490] (vox_nav_control) StdoutLine: {'line': b'-- Found PCL_MODELER: /usr/include/pcl-1.12  \n'}
[2.629774] (vox_nav_control) StdoutLine: {'line': b'-- Found PCL_POINT_CLOUD_EDITOR: /usr/include/pcl-1.12  \n'}
[2.630525] (vox_nav_control) StdoutLine: {'line': b'-- Found PCL_OUTOFCORE: /usr/lib/x86_64-linux-gnu/libpcl_outofcore.so  \n'}
[2.631372] (vox_nav_control) StdoutLine: {'line': b'-- Found PCL_PEOPLE: /usr/lib/x86_64-linux-gnu/libpcl_people.so  \n'}
[2.659300] (vox_nav_control) StdoutLine: {'line': b'-- Found ompl: /usr/include/ompl-1.5;/usr/include;/usr/include/eigen3  \n'}
[2.659913] (vox_nav_control) StdoutLine: {'line': b'-- Found vox_nav_utilities: 0.0.0 (/home/manish/eiratech_ws/install/vox_nav_utilities/share/vox_nav_utilities/cmake)\n'}
[2.703837] (-) TimerEvent: {}
[2.804118] (-) TimerEvent: {}
[2.904349] (-) TimerEvent: {}
[2.908186] (vox_nav_control) StdoutLine: {'line': b'-- Configuring done\n'}
[3.004431] (-) TimerEvent: {}
[3.042110] (vox_nav_control) StdoutLine: {'line': b'-- Generating done\n'}
[3.061760] (vox_nav_control) StdoutLine: {'line': b'-- Build files have been written to: /home/manish/eiratech_ws/build/vox_nav_control\n'}
[3.075658] (vox_nav_control) CommandEnded: {'returncode': 0}
[3.076639] (vox_nav_control) JobProgress: {'identifier': 'vox_nav_control', 'progress': 'build'}
[3.076899] (vox_nav_control) Command: {'cmd': ['/usr/bin/cmake', '--build', '/home/manish/eiratech_ws/build/vox_nav_control', '--', '-j12', '-l12'], 'cwd': '/home/manish/eiratech_ws/build/vox_nav_control', 'env': OrderedDict([('GJS_DEBUG_TOPICS', 'JS ERROR;JS LOG'), ('LESSOPEN', '| /usr/bin/lesspipe %s'), ('GZ_SIM_RESOURCE_PATH', ':/home/manish/eiratech_ws/install/robot_description/share/robot_description:/home/manish/.gz/models'), ('LANGUAGE', 'en_IE:en'), ('USER', 'manish'), ('XDG_SESSION_TYPE', 'wayland'), ('SHLVL', '1'), ('LD_LIBRARY_PATH', '/home/manish/eiratech_ws/install/vox_nav_utilities/lib:/home/manish/eiratech_ws/install/vox_nav_msgs/lib:/home/manish/eiratech_ws/install/vox_nav_planning/lib:/home/manish/eiratech_ws/install/vox_nav_navigators/lib:/home/manish/eiratech_ws/install/vox_nav_control/lib:/usr/lib/x86_64-linux-gnu/gazebo-11/plugins:/opt/ros/humble/opt/rviz_ogre_vendor/lib:/opt/ros/humble/lib/x86_64-linux-gnu:/opt/ros/humble/lib'), ('HOME', '/home/manish'), ('OLDPWD', '/home/manish/eiratech_ws/install/vox_nav_control/lib'), ('DESKTOP_SESSION', 'ubuntu'), ('GIO_LAUNCHED_DESKTOP_FILE', '/usr/share/applications/terminator.desktop'), ('ROS_PYTHON_VERSION', '3'), ('GNOME_SHELL_SESSION_MODE', 'ubuntu'), ('GTK_MODULES', 'gail:atk-bridge'), ('MANAGERPID', '1211'), ('SYSTEMD_EXEC_PID', '1713'), ('DBUS_SESSION_BUS_ADDRESS', 'unix:path=/run/user/1000/bus'), ('COLORTERM', 'truecolor'), ('TERMINATOR_DBUS_NAME', 'net.tenshu.Terminator25ef4b219e3b005583550f2b0f9f990c3'), ('GIO_LAUNCHED_DESKTOP_FILE_PID', '4186'), ('IM_CONFIG_PHASE', '1'), ('WAYLAND_DISPLAY', 'wayland-0'), ('COLCON_PREFIX_PATH', '/home/manish/eiratech_ws/install'), ('ROS_DISTRO', 'humble'), ('LOGNAME', 'manish'), ('JOURNAL_STREAM', '8:7732'), ('_', '/usr/bin/colcon'), ('ROS_VERSION', '2'), ('PKG_CONFIG_PATH', '/usr/lib/x86_64-linux-gnu/pkgconfig:/usr/local/lib/pkgconfig:'), ('XDG_SESSION_CLASS', 'user'), ('USERNAME', 'manish'), ('TERM', 'xterm-256color'), ('GAZEBO_MODEL_PATH', ':/home/manish/eiratech_ws/install/robot_description/share'), ('GNOME_DESKTOP_SESSION_ID', 'this-is-deprecated'), ('ROS_LOCALHOST_ONLY', '0'), ('PATH', '/opt/ros/humble/bin:/home/manish/.local/bin:/usr/local/sbin:/usr/local/bin:/usr/sbin:/usr/bin:/sbin:/bin:/usr/games:/usr/local/games:/snap/bin:/snap/bin'), ('SESSION_MANAGER', 'local/manish-Precision-7750:@/tmp/.ICE-unix/1684,unix/manish-Precision-7750:/tmp/.ICE-unix/1684'), ('FASTRTPS_DEFAULT_PROFILES_FILE', '/home/manish/.ros/DEFAULT_FASTRTPS_PROFILES.xml'), ('INVOCATION_ID', '70e13d52e8874cd9ababfb1290a43653'), ('XDG_MENU_PREFIX', 'gnome-'), ('GNOME_SETUP_DISPLAY', ':1'), ('XDG_RUNTIME_DIR', '/run/user/1000'), ('DISPLAY', ':0'), ('TERMINATOR_DBUS_PATH', '/net/tenshu/Terminator2'), ('LANG', 'en_IE.UTF-8'), ('XDG_CURRENT_DESKTOP', 'ubuntu:GNOME'), ('IBUS_DISABLE_SNOOPER', '1'), ('XMODIFIERS', '@im=ibus'), ('XDG_SESSION_DESKTOP', 'ubuntu'), ('XAUTHORITY', '/run/user/1000/.mutter-Xwaylandauth.5K43A3'), ('LS_COLORS', 'rs=0:di=01;34:ln=01;36:mh=00:pi=40;33:so=01;35:do=01;35:bd=40;33;01:cd=40;33;01:or=40;31;01:mi=00:su=37;41:sg=30;43:ca=30;41:tw=30;42:ow=34;42:st=37;44:ex=01;32:*.tar=01;31:*.tgz=01;31:*.arc=01;31:*.arj=01;31:*.taz=01;31:*.lha=01;31:*.lz4=01;31:*.lzh=01;31:*.lzma=01;31:*.tlz=01;31:*.txz=01;31:*.tzo=01;31:*.t7z=01;31:*.zip=01;31:*.z=01;31:*.dz=01;31:*.gz=01;31:*.lrz=01;31:*.lz=01;31:*.lzo=01;31:*.xz=01;31:*.zst=01;31:*.tzst=01;31:*.bz2=01;31:*.bz=01;31:*.tbz=01;31:*.tbz2=01;31:*.tz=01;31:*.deb=01;31:*.rpm=01;31:*.jar=01;31:*.war=01;31:*.ear=01;31:*.sar=01;31:*.rar=01;31:*.alz=01;31:*.ace=01;31:*.zoo=01;31:*.cpio=01;31:*.7z=01;31:*.rz=01;31:*.cab=01;31:*.wim=01;31:*.swm=01;31:*.dwm=01;31:*.esd=01;31:*.jpg=01;35:*.jpeg=01;35:*.mjpg=01;35:*.mjpeg=01;35:*.gif=01;35:*.bmp=01;35:*.pbm=01;35:*.pgm=01;35:*.ppm=01;35:*.tga=01;35:*.xbm=01;35:*.xpm=01;35:*.tif=01;35:*.tiff=01;35:*.png=01;35:*.svg=01;35:*.svgz=01;35:*.mng=01;35:*.pcx=01;35:*.mov=01;35:*.mpg=01;35:*.mpeg=01;35:*.m2v=01;35:*.mkv=01;35:*.webm=01;35:*.webp=01;35:*.ogm=01;35:*.mp4=01;35:*.m4v=01;35:*.mp4v=01;35:*.vob=01;35:*.qt=01;35:*.nuv=01;35:*.wmv=01;35:*.asf=01;35:*.rm=01;35:*.rmvb=01;35:*.flc=01;35:*.avi=01;35:*.fli=01;35:*.flv=01;35:*.gl=01;35:*.dl=01;35:*.xcf=01;35:*.xwd=01;35:*.yuv=01;35:*.cgm=01;35:*.emf=01;35:*.ogv=01;35:*.ogx=01;35:*.aac=00;36:*.au=00;36:*.flac=00;36:*.m4a=00;36:*.mid=00;36:*.midi=00;36:*.mka=00;36:*.mp3=00;36:*.mpc=00;36:*.ogg=00;36:*.ra=00;36:*.wav=00;36:*.oga=00;36:*.opus=00;36:*.spx=00;36:*.xspf=00;36:'), ('SSH_AGENT_LAUNCHER', 'gnome-keyring'), ('SSH_AUTH_SOCK', '/run/user/1000/keyring/ssh'), ('AMENT_PREFIX_PATH', '/home/manish/eiratech_ws/install/vox_nav_waypoint_nav_clients:/home/manish/eiratech_ws/install/vox_nav_bringup:/home/manish/eiratech_ws/install/vox_nav_planning:/home/manish/eiratech_ws/install/vox_nav_navigators:/home/manish/eiratech_ws/install/vox_nav_map_server:/home/manish/eiratech_ws/install/vox_nav_control:/home/manish/eiratech_ws/install/vox_nav_utilities:/home/manish/eiratech_ws/install/vox_nav_msgs:/home/manish/eiratech_ws/install/robot_bringup:/home/manish/eiratech_ws/install/robot_description:/home/manish/eiratech_ws/install/robot_control:/home/manish/eiratech_ws/install/cropmap_nav2:/opt/ros/humble'), ('SHELL', '/bin/bash'), ('TERMINATOR_UUID', 'urn:uuid:c870f54c-8fbc-44a7-9a81-f8570fbdd0ca'), ('QT_ACCESSIBILITY', '1'), ('GDMSESSION', 'ubuntu'), ('LESSCLOSE', '/usr/bin/lesspipe %s %s'), ('IGN_GAZEBO_RESOURCE_PATH', ':/home/manish/eiratech_ws/install/robot_description/share/robot_description:/home/manish/.gz/models'), ('GJS_DEBUG_OUTPUT', 'stderr'), ('QT_IM_MODULE', 'ibus'), ('PWD', '/home/manish/eiratech_ws/build/vox_nav_control'), ('XDG_CONFIG_DIRS', '/etc/xdg/xdg-ubuntu:/etc/xdg'), ('GAZEBO_PLUGIN_PATH', ':/path/to/your_ws/install/gazebo_ros2_control/lib:/opt/ros/humble/lib'), ('XDG_DATA_DIRS', '/usr/share/ubuntu:/usr/local/share/:/usr/share/:/var/lib/snapd/desktop'), ('PYTHONPATH', '/home/manish/eiratech_ws/install/vox_nav_msgs/local/lib/python3.10/dist-packages:/opt/ros/humble/lib/python3.10/site-packages:/opt/ros/humble/local/lib/python3.10/dist-packages'), ('COLCON', '1'), ('VTE_VERSION', '6800'), ('CMAKE_PREFIX_PATH', '/home/manish/eiratech_ws/install/vox_nav_utilities:/home/manish/eiratech_ws/install/vox_nav_msgs:/usr:/home/manish/eiratech_ws/install/vox_nav_waypoint_nav_clients:/home/manish/eiratech_ws/install/vox_nav_bringup:/home/manish/eiratech_ws/install/vox_nav_planning:/home/manish/eiratech_ws/install/vox_nav_navigators:/home/manish/eiratech_ws/install/vox_nav_map_server:/home/manish/eiratech_ws/install/vox_nav_control:/home/manish/eiratech_ws/install/robot_bringup:/home/manish/eiratech_ws/install/robot_description:/home/manish/eiratech_ws/install/robot_control:/home/manish/eiratech_ws/install/cropmap_nav2:/opt/ros/humble')]), 'shell': False}
[3.088554] (vox_nav_control) StdoutLine: {'line': b'/usr/bin/cmake -S/home/manish/eiratech_ws/src/vox_nav/vox_nav_control -B/home/manish/eiratech_ws/build/vox_nav_control --check-build-system CMakeFiles/Makefile.cmake 0\n'}
[3.098011] (vox_nav_control) StdoutLine: {'line': b'/usr/bin/cmake -E cmake_progress_start /home/manish/eiratech_ws/build/vox_nav_control/CMakeFiles /home/manish/eiratech_ws/build/vox_nav_control//CMakeFiles/progress.marks\n'}
[3.103001] (vox_nav_control) StdoutLine: {'line': b'/usr/bin/gmake  -f CMakeFiles/Makefile2 all\n'}
[3.103797] (vox_nav_control) StdoutLine: {'line': b"gmake[1]: Entering directory '/home/manish/eiratech_ws/build/vox_nav_control'\n"}
[3.103877] (vox_nav_control) StdoutLine: {'line': b'/usr/bin/gmake  -f CMakeFiles/vox_nav_controller_server.dir/build.make CMakeFiles/vox_nav_controller_server.dir/depend\n'}
[3.103963] (vox_nav_control) StdoutLine: {'line': b'/usr/bin/gmake  -f CMakeFiles/mpc_controller_casadi.dir/build.make CMakeFiles/mpc_controller_casadi.dir/depend\n'}
[3.104057] (vox_nav_control) StdoutLine: {'line': b'/usr/bin/gmake  -f CMakeFiles/lyapunov_controller.dir/build.make CMakeFiles/lyapunov_controller.dir/depend\n'}
[3.104128] (vox_nav_control) StdoutLine: {'line': b'/usr/bin/gmake  -f CMakeFiles/traversability_based_plan_refiner.dir/build.make CMakeFiles/traversability_based_plan_refiner.dir/depend\n'}
[3.104483] (-) TimerEvent: {}
[3.105246] (vox_nav_control) StdoutLine: {'line': b"gmake[2]: Entering directory '/home/manish/eiratech_ws/build/vox_nav_control'\n"}
[3.105358] (vox_nav_control) StdoutLine: {'line': b'cd /home/manish/eiratech_ws/build/vox_nav_control && /usr/bin/cmake -E cmake_depends "Unix Makefiles" /home/manish/eiratech_ws/src/vox_nav/vox_nav_control /home/manish/eiratech_ws/src/vox_nav/vox_nav_control /home/manish/eiratech_ws/build/vox_nav_control /home/manish/eiratech_ws/build/vox_nav_control /home/manish/eiratech_ws/build/vox_nav_control/CMakeFiles/vox_nav_controller_server.dir/DependInfo.cmake --color=\n'}
[3.105499] (vox_nav_control) StdoutLine: {'line': b"gmake[2]: Entering directory '/home/manish/eiratech_ws/build/vox_nav_control'\n"}
[3.105597] (vox_nav_control) StdoutLine: {'line': b'cd /home/manish/eiratech_ws/build/vox_nav_control && /usr/bin/cmake -E cmake_depends "Unix Makefiles" /home/manish/eiratech_ws/src/vox_nav/vox_nav_control /home/manish/eiratech_ws/src/vox_nav/vox_nav_control /home/manish/eiratech_ws/build/vox_nav_control /home/manish/eiratech_ws/build/vox_nav_control /home/manish/eiratech_ws/build/vox_nav_control/CMakeFiles/mpc_controller_casadi.dir/DependInfo.cmake --color=\n'}
[3.105710] (vox_nav_control) StdoutLine: {'line': b"gmake[2]: Entering directory '/home/manish/eiratech_ws/build/vox_nav_control'\n"}
[3.105783] (vox_nav_control) StdoutLine: {'line': b'cd /home/manish/eiratech_ws/build/vox_nav_control && /usr/bin/cmake -E cmake_depends "Unix Makefiles" /home/manish/eiratech_ws/src/vox_nav/vox_nav_control /home/manish/eiratech_ws/src/vox_nav/vox_nav_control /home/manish/eiratech_ws/build/vox_nav_control /home/manish/eiratech_ws/build/vox_nav_control /home/manish/eiratech_ws/build/vox_nav_control/CMakeFiles/lyapunov_controller.dir/DependInfo.cmake --color=\n'}
[3.105838] (vox_nav_control) StdoutLine: {'line': b"gmake[2]: Entering directory '/home/manish/eiratech_ws/build/vox_nav_control'\n"}
[3.105884] (vox_nav_control) StdoutLine: {'line': b'cd /home/manish/eiratech_ws/build/vox_nav_control && /usr/bin/cmake -E cmake_depends "Unix Makefiles" /home/manish/eiratech_ws/src/vox_nav/vox_nav_control /home/manish/eiratech_ws/src/vox_nav/vox_nav_control /home/manish/eiratech_ws/build/vox_nav_control /home/manish/eiratech_ws/build/vox_nav_control /home/manish/eiratech_ws/build/vox_nav_control/CMakeFiles/traversability_based_plan_refiner.dir/DependInfo.cmake --color=\n'}
[3.111733] (vox_nav_control) StdoutLine: {'line': b"gmake[2]: Leaving directory '/home/manish/eiratech_ws/build/vox_nav_control'\n"}
[3.111890] (vox_nav_control) StdoutLine: {'line': b"gmake[2]: Leaving directory '/home/manish/eiratech_ws/build/vox_nav_control'\n"}
[3.111961] (vox_nav_control) StdoutLine: {'line': b"gmake[2]: Leaving directory '/home/manish/eiratech_ws/build/vox_nav_control'\n"}
[3.112024] (vox_nav_control) StdoutLine: {'line': b"gmake[2]: Leaving directory '/home/manish/eiratech_ws/build/vox_nav_control'\n"}
[3.112084] (vox_nav_control) StdoutLine: {'line': b'/usr/bin/gmake  -f CMakeFiles/traversability_based_plan_refiner.dir/build.make CMakeFiles/traversability_based_plan_refiner.dir/build\n'}
[3.112175] (vox_nav_control) StdoutLine: {'line': b'/usr/bin/gmake  -f CMakeFiles/vox_nav_controller_server.dir/build.make CMakeFiles/vox_nav_controller_server.dir/build\n'}
[3.112270] (vox_nav_control) StdoutLine: {'line': b'/usr/bin/gmake  -f CMakeFiles/mpc_controller_casadi.dir/build.make CMakeFiles/mpc_controller_casadi.dir/build\n'}
[3.112325] (vox_nav_control) StdoutLine: {'line': b'/usr/bin/gmake  -f CMakeFiles/lyapunov_controller.dir/build.make CMakeFiles/lyapunov_controller.dir/build\n'}
[3.113258] (vox_nav_control) StdoutLine: {'line': b"gmake[2]: Entering directory '/home/manish/eiratech_ws/build/vox_nav_control'\n"}
[3.113346] (vox_nav_control) StdoutLine: {'line': b"gmake[2]: Entering directory '/home/manish/eiratech_ws/build/vox_nav_control'\n"}
[3.113438] (vox_nav_control) StdoutLine: {'line': b"gmake[2]: Entering directory '/home/manish/eiratech_ws/build/vox_nav_control'\n"}
[3.113516] (vox_nav_control) StdoutLine: {'line': b"gmake[2]: Entering directory '/home/manish/eiratech_ws/build/vox_nav_control'\n"}
[3.118791] (vox_nav_control) StdoutLine: {'line': b'[ 55%] \x1b[32mBuilding CXX object CMakeFiles/mpc_controller_casadi.dir/src/mpc_controller_casadi/mpc_controller_casadi_ros.cpp.o\x1b[0m\n'}
[3.118935] (vox_nav_control) StdoutLine: {'line': b'[ 55%] \x1b[32mBuilding CXX object CMakeFiles/vox_nav_controller_server.dir/src/controller_server.cpp.o\x1b[0m\n'}
[3.119014] (vox_nav_control) StdoutLine: {'line': b'[ 55%] \x1b[32mBuilding CXX object CMakeFiles/lyapunov_controller.dir/src/lyapunov_controller/lyapunov_controller_ros.cpp.o\x1b[0m\n'}
[3.119065] (vox_nav_control) StdoutLine: {'line': b'[ 55%] \x1b[32mBuilding CXX object CMakeFiles/mpc_controller_casadi.dir/src/mpc_controller_casadi/mpc_controller_casadi_core.cpp.o\x1b[0m\n'}
[3.119112] (vox_nav_control) StdoutLine: {'line': b'[ 55%] \x1b[32mBuilding CXX object CMakeFiles/traversability_based_plan_refiner.dir/src/plan_refiner_plugins/traversability_based_plan_refiner.cpp.o\x1b[0m\n'}
[3.119490] (vox_nav_control) StdoutLine: {'line': b'/usr/bin/c++ -DBOOST_ALL_NO_LIB -DBOOST_DATE_TIME_DYN_LINK -DBOOST_FILESYSTEM_DYN_LINK -DBOOST_IOSTREAMS_DYN_LINK -DBOOST_SERIALIZATION_DYN_LINK -DBOOST_SYSTEM_DYN_LINK -DDEFAULT_RMW_IMPLEMENTATION=rmw_fastrtps_cpp -DDISABLE_PCAP -DQT_CORE_LIB -DQT_GUI_LIB -DQT_NO_DEBUG -DQT_OPENGL_LIB -DQT_WIDGETS_LIB -DRCUTILS_ENABLE_FAULT_INJECTION -Dkiss_fft_scalar=double -Dmpc_controller_casadi_EXPORTS -I/home/manish/eiratech_ws/src/vox_nav/vox_nav_control/include -I/usr/include/ompl-1.5 -I/home/manish/eiratech_ws/install/vox_nav_utilities/include -I/opt/ros/humble/include/tf2_eigen -I/opt/ros/humble/include/pcl_ros -I/opt/ros/humble/include/pcl_conversions -isystem /usr/include/eigen3 -isystem /home/manish/eiratech_ws/install/vox_nav_msgs/include/vox_nav_msgs -isystem /opt/ros/humble/include/rclcpp -isystem /opt/ros/humble/include/geometry_msgs -isystem /opt/ros/humble/include/nav_msgs -isystem /opt/ros/humble/include/pluginlib -isystem /opt/ros/humble/include/tf2 -isystem /opt/ros/humble/include/tf2_ros -isystem /opt/ros/humble/include/tf2_geometry_msgs -isystem /opt/ros/humble/include/sensor_msgs -isystem /opt/ros/humble/include/vision_msgs -isystem /opt/ros/humble/include/message_filters -isystem /opt/ros/humble/include/pcl_msgs -isystem /opt/ros/humble/include/std_msgs -isystem /opt/ros/humble/include/octomap_msgs -isystem /opt/ros/humble/include/visualization_msgs -isystem /usr/include/pcl-1.12 -isystem /usr/include/ni -isystem /usr/include/openni2 -isystem /opt/ros/humble/include/ament_index_cpp -isystem /opt/ros/humble/include/libstatistics_collector -isystem /opt/ros/humble/include/builtin_interfaces -isystem /opt/ros/humble/include/rosidl_runtime_c -isystem /opt/ros/humble/include/rcutils -isystem /opt/ros/humble/include/rosidl_typesupport_interface -isystem /opt/ros/humble/include/fastcdr -isystem /opt/ros/humble/include/rosidl_runtime_cpp -isystem /opt/ros/humble/include/rosidl_typesupport_fastrtps_cpp -isystem /opt/ros/humble/include/rmw -isystem /opt/ros/humble/include/rosidl_typesupport_fastrtps_c -isystem /opt/ros/humble/include/rosidl_typesupport_introspection_c -isystem /opt/ros/humble/include/rosidl_typesupport_introspection_cpp -isystem /opt/ros/humble/include/rcl -isystem /opt/ros/humble/include/rcl_interfaces -isystem /opt/ros/humble/include/rcl_logging_interface -isystem /opt/ros/humble/include/rcl_yaml_param_parser -isystem /opt/ros/humble/include/libyaml_vendor -isystem /opt/ros/humble/include/tracetools -isystem /opt/ros/humble/include/rcpputils -isystem /opt/ros/humble/include/statistics_msgs -isystem /opt/ros/humble/include/rosgraph_msgs -isystem /opt/ros/humble/include/rosidl_typesupport_cpp -isystem /opt/ros/humble/include/rosidl_typesupport_c -isystem /opt/ros/humble/include/class_loader -isystem /opt/ros/humble/include/rclcpp_action -isystem /opt/ros/humble/include/action_msgs -isystem /opt/ros/humble/include/unique_identifier_msgs -isystem /opt/ros/humble/include/rcl_action -isystem /opt/ros/humble/include/tf2_msgs -isystem /opt/ros/humble/include/shape_msgs -isystem /opt/ros/humble/include/rclcpp_components -isystem /opt/ros/humble/include/composition_interfaces -isystem /usr/include/vtk-9.1 -isystem /usr/include/jsoncpp -isystem /usr/include/freetype2 -isystem /usr/include/x86_64-linux-gnu/qt5 -isystem /usr/include/x86_64-linux-gnu/qt5/QtOpenGL -isystem /usr/include/x86_64-linux-gnu/qt5/QtWidgets -isystem /usr/include/x86_64-linux-gnu/qt5/QtGui -isystem /usr/include/x86_64-linux-gnu/qt5/QtCore -isystem /usr/lib/x86_64-linux-gnu/qt5/mkspecs/linux-g++ -O3 -DNDEBUG -fPIC -fPIC -MD -MT CMakeFiles/mpc_controller_casadi.dir/src/mpc_controller_casadi/mpc_controller_casadi_core.cpp.o -MF CMakeFiles/mpc_controller_casadi.dir/src/mpc_controller_casadi/mpc_controller_casadi_core.cpp.o.d -o CMakeFiles/mpc_controller_casadi.dir/src/mpc_controller_casadi/mpc_controller_casadi_core.cpp.o -c /home/manish/eiratech_ws/src/vox_nav/vox_nav_control/src/mpc_controller_casadi/mpc_controller_casadi_core.cpp\n'}
[3.119695] (vox_nav_control) StdoutLine: {'line': b'/usr/bin/c++ -DBOOST_ALL_NO_LIB -DBOOST_DATE_TIME_DYN_LINK -DBOOST_FILESYSTEM_DYN_LINK -DBOOST_IOSTREAMS_DYN_LINK -DBOOST_SERIALIZATION_DYN_LINK -DBOOST_SYSTEM_DYN_LINK -DDEFAULT_RMW_IMPLEMENTATION=rmw_fastrtps_cpp -DDISABLE_PCAP -DQT_CORE_LIB -DQT_GUI_LIB -DQT_NO_DEBUG -DQT_OPENGL_LIB -DQT_WIDGETS_LIB -DRCUTILS_ENABLE_FAULT_INJECTION -Dkiss_fft_scalar=double -Dlyapunov_controller_EXPORTS -I/home/manish/eiratech_ws/src/vox_nav/vox_nav_control/include -I/usr/include/ompl-1.5 -I/home/manish/eiratech_ws/install/vox_nav_utilities/include -I/opt/ros/humble/include/tf2_eigen -I/opt/ros/humble/include/pcl_ros -I/opt/ros/humble/include/pcl_conversions -isystem /usr/include/eigen3 -isystem /home/manish/eiratech_ws/install/vox_nav_msgs/include/vox_nav_msgs -isystem /opt/ros/humble/include/rclcpp -isystem /opt/ros/humble/include/geometry_msgs -isystem /opt/ros/humble/include/nav_msgs -isystem /opt/ros/humble/include/pluginlib -isystem /opt/ros/humble/include/tf2 -isystem /opt/ros/humble/include/tf2_ros -isystem /opt/ros/usr/bin/c++ -DBOOST_ALL_NO_LIB -DBOOST_DATE_TIME_DYN_LINK -DBOOST_FILESYSTEM_DYN_LINK -DBOOST_IOSTREAMS_DYN_LINK -DBOOST_SERIALIZATION_DYN_LINK -DBOOST_SYSTEM_DYN_LINK -DDEFAULT_RMW_IMPLEMENTATION=rmw_fastrtps_cpp -DDISABLE_PCAP -DQT_CORE_LIB -DQT_GUI_LIB -DQT_NO_DEBUG -DQT_OPENGL_LIB -DQT_WIDGETS_LIB -DRCUTILS_ENABLE_FAULT_INJECTION -Dkiss_fft_scalar=double -I/home/manish/eiratech_ws/src/vox_nav/vox_nav_control/include -I/usr/include/ompl-1.5 -I/home/manish/eiratech_ws/install/vox_nav_utilities/include -I/opt/ros/humble/include/tf2_eigen -isystem /usr/include/eigen3 -isystem /home/manish/eiratech_ws/install/vox_nav_msgs/include/vox_nav_msgs -isystem /opt/ros/humble/include/rclcpp -isystem /opt/ros/humble/include/rclcpp_action -isystem /opt/ros/humble/include/geometry_msgs -isystem /opt/ros/humble/include/nav_msgs -isystem /opt/ros/humble/include/sensor_msgs -isystem /opt/ros/humble/include/visualization_msgs -isystem /opt/ros/humble/include/pluginlib -isystem /opt/ros/humble/include/tf2 -isystem /opt/ros/hu/usr/bin/c++ -DBOOST_ALL_NO_LIB -DBOOST_DATE_TIME_DYN_LINK -DBOOST_FILESYSTEM_DYN_LINK -DBOOST_IOSTREAMS_DYN_LINK -DBOOST_SERIALIZATION_DYN_LINK -DBOOST_SYSTEM_DYN_LINK -DDEFAULT_RMW_IMPLEMENTATION=rmw_fastrtps_cpp -DDISABLE_PCAP -DQT_CORE_LIB -DQT_GUI_LIB -DQT_NO_DEBUG -DQT_OPENGL_LIB -DQT_WIDGETS_LIB -DRCUTILS_ENABLE_FAULT_INJECTION -Dkiss_fft_scalar=double -Dtraversability_based_plan_refiner_EXPORTS -I/home/manish/eiratech_ws/src/vox_nav/vox_nav_control/include -I/usr/include/ompl-1.5 -I/home/manish/eiratech_ws/install/vox_nav_utilities/include -I/opt/ros/humble/include/tf2_eigen -I/opt/ros/humble/include/pcl_ros -I/opt/ros/humble/include/pcl_conversions -isystem /usr/include/eigen3 -isystem /home/manish/eiratech_ws/install/vox_nav_msgs/include/vox_nav_msgs -isystem /opt/ros/humble/include/rclcpp -isystem /opt/ros/humble/include/geometry_msgs -isystem /opt/ros/humble/include/nav_msgs -isystem /opt/ros/humble/include/pluginlib -isystem /opt/ros/humble/include/sensor_msgs -isystem /opt/ros/humble/include/vis/humble/include/tf2_geometry_msgs -isystem /opt/ros/humble/include/sensor_msgs -isystem /opt/ros/humble/include/vision_msgs -isystem /opt/ros/humble/include/message_filters -isystem /opt/ros/humble/include/pcl_msgs -isystem /opt/ros/humble/include/std_msgs -isystem /opt/ros/humble/include/octomap_msgs -isystem /opt/ros/humble/include/visualization_msgs -isystem /usr/include/pcl-1.12 -isystem /usr/include/ni -isystem /usr/include/openni2 -isystem /opt/ros/humble/include/ament_index_cpp -isystem /opt/ros/humble/include/libstatistics_collector -isystem /opt/ros/humble/include/builtin_interfaces -isystem /opt/ros/humble/include/rosidl_runtime_c -isystem /opt/ros/humble/include/rcutils -isystem /opt/ros/humble/include/rosidl_typesupport_interface -isystem /opt/ros/humble/include/fastcdr -isystem /opt/ros/humble/include/rosidl_runtime_cpp -isystem /opt/ros/humble/include/rosidl_typesupport_fastrtps_cpp -isystem /opt/ros/humble/include/rmw -isystem /opt/ros/humble/include/rosidl_typesupport_fastrtps_c -isystem /opt/ros/humble/include/rosidl_typesupport_introspection_c -isystem /opt/ros/humble/include/rosidl_typesupport_introspection_cpp -isystem /opt/ros/humble/include/rcl -isystem /opt/ros/humble/include/rcl_interfaces -isystem /opt/ros/humble/include/rcl_logging_interface -isystem /opt/ros/humble/include/rcl_yaml_param_parser -isystem /opt/ros/humble/include/libyaml_vendor -isystem /opt/ros/humble/include/tracetools -isystem /opt/ros/humble/include/rcpputils -isystem /opt/ros/humble/include/statistics_msgs -isystem /opt/ros/humble/include/rosgraph_msgs -isystem /opt/ros/humble/include/rosidl_typesupport_cpp -isystem /opt/ros/humble/include/rosidl_typesupport_c -isystem /opt/ros/humble/include/class_loader -isystem /opt/ros/humble/include/rclcpp_action -isystem /opt/ros/humble/include/action_msgs -isystem /opt/ros/humble/include/unique_identifier_msgs -isystem /opt/ros/humble/include/rcl_action -isystem /opt/ros/humble/include/tf2_msgs -isystem /opt/ros/humble/include/shape_msgs -isystem /opt/ros/humble/include/rclcpp_mble/include/tf2_ros -isystem /opt/ros/humble/include/tf2_geometry_msgs -isystem /opt/ros/humble/include/pcl_ros -isystem /opt/ros/humble/include/pcl_conversions -isystem /opt/ros/humble/include/message_filters -isystem /opt/ros/humble/include/pcl_msgs -isystem /opt/ros/humble/include/std_msgs -isystem /usr/include/pcl-1.12 -isystem /usr/include/ni -isystem /usr/include/openni2 -isystem /opt/ros/humble/include/vision_msgs -isystem /opt/ros/humble/include/octomap_msgs -isystem /opt/ros/humble/include/ament_index_cpp -isystem /opt/ros/humble/include/libstatistics_collector -isystem /opt/ros/humble/include/builtin_interfaces -isystem /opt/ros/humble/include/rosidl_runtime_c -isystem /opt/ros/humble/include/rcutils -isystem /opt/ros/humble/include/rosidl_typesupport_interface -isystem /opt/ros/humble/include/fastcdr -isystem /opt/ros/humble/include/rosidl_runtime_cpp -isystem /opt/ros/humble/include/rosidl_typesupport_fastrtps_cpp -isystem /opt/ros/humble/include/rmw -isystem /opt/ros/humble/include/rosidl_typesupport_fastrtps_c -isystem /opt/ros/humble/include/rosidl_typesupport_introspection_c -isystem /opt/ros/humble/include/rosidl_typesupport_introspection_cpp -isystem /opt/ros/humble/include/rcl -isystem /opt/ros/humble/include/rcl_interfaces -isystem /opt/ros/humble/include/rcl_logging_interface -isystem /opt/ros/humble/include/rcl_yaml_param_parser -isystem /opt/ros/humble/include/libyaml_vendor -isystem /opt/ros/humble/include/tracetools -isystem /opt/ros/humble/include/rcpputils -isystem /opt/ros/humble/include/statistics_msgs -isystem /opt/ros/humble/include/rosgraph_msgs -isystem /opt/ros/humble/include/rosidl_typesupport_cpp -isystem /opt/ros/humble/include/rosidl_typesupport_c -isystem /opt/ros/humble/include/action_msgs -isystem /opt/ros/humble/include/unique_identifier_msgs -isystem /opt/ros/humble/include/rcl_action -isystem /opt/ros/humble/include/class_loader -isystem /opt/ros/humble/include/tf2_msgs -isystem /usr/include/vtk-9.1 -isystem /usr/include/jsoncpp -isystem /usr/include/freetype2 -isystemion_msgs -isystem /opt/ros/humble/include/tf2 -isystem /opt/ros/humble/include/tf2_ros -isystem /opt/ros/humble/include/tf2_geometry_msgs -isystem /opt/ros/humble/include/message_filters -isystem /opt/ros/humble/include/pcl_msgs -isystem /opt/ros/humble/include/std_msgs -isystem /opt/ros/humble/include/octomap_msgs -isystem /opt/ros/humble/include/visualization_msgs -isystem /usr/include/pcl-1.12 -isystem /usr/include/ni -isystem /usr/include/openni2 -isystem /opt/ros/humble/include/ament_index_cpp -isystem /opt/ros/humble/include/libstatistics_collector -isystem /opt/ros/humble/include/builtin_interfaces -isystem /opt/ros/humble/include/rosidl_runtime_c -isystem /opt/ros/humble/include/rcutils -isystem /opt/ros/humble/include/rosidl_typesupport_interface -isystem /opt/ros/humble/include/fastcdr -isystem /opt/ros/humble/include/rosidl_runtime_cpp -isystem /opt/ros/humble/include/rosidl_typesupport_fastrtps_cpp -isystem /opt/ros/humble/include/rmw -isystem /opt/ros/humble/include/rosidl_typesupport_fastrtps_c -isystem /opt/ros/humble/include/rosidl_typesupport_introspection_c -isystem /opt/ros/humble/include/rosidl_typesupport_introspection_cpp -isystem /opt/ros/humble/include/rcl -isystem /opt/ros/humble/include/rcl_interfaces -isystem /opt/ros/humble/include/rcl_logging_interface -isystem /opt/ros/humble/include/rcl_yaml_param_parser -isystem /opt/ros/humble/include/libyaml_vendor -isystem /opt/ros/humble/include/tracetools -isystem /opt/ros/humble/include/rcpputils -isystem /opt/ros/humble/include/statistics_msgs -isystem /opt/ros/humble/include/rosgraph_msgs -isystem /opt/ros/humble/include/rosidl_typesupport_cpp -isystem /opt/ros/humble/include/rosidl_typesupport_c -isystem /opt/ros/humble/include/class_loader -isystem /opt/ros/humble/include/shape_msgs -isystem /opt/ros/humble/include/action_msgs -isystem /opt/ros/humble/include/unique_identifier_msgs -isystem /opt/ros/humble/include/rclcpp_action -isystem /opt/ros/humble/include/rcl_action -isystem /opt/ros/humble/include/tf2_msgs -isystem /opt/ros/humble/icomponents -isystem /opt/ros/humble/include/composition_interfaces -isystem /usr/include/vtk-9.1 -isystem /usr/include/jsoncpp -isystem /usr/include/freetype2 -isystem /usr/include/x86_64-linux-gnu/qt5 -isystem /usr/include/x86_64-linux-gnu/qt5/QtOpenGL -isystem /usr/include/x86_64-linux-gnu/qt5/QtWidgets -isystem /usr/include/x86_64-linux-gnu/qt5/QtGui -isystem /usr/include/x86_64-linux-gnu/qt5/QtCore -isystem /usr/lib/x86_64-linux-gnu/qt5/mkspecs/linux-g++ -O3 -DNDEBUG -fPIC -fPIC -MD -MT CMakeFiles/lyapunov_controller.dir/src/lyapunov_controller/lyapunov_controller_ros.cpp.o -MF CMakeFiles/lyapunov_controller.dir/src/lyapunov_controller/lyapunov_controller_ros.cpp.o.d -o CMakeFiles/lyapunov_controller.dir/src/lyapunov_controller/lyapunov_controller_ros.cpp.o -c /home/manish/eiratech_ws/src/vox_nav/vox_nav_control/src/lyapunov_controller/lyapunov_controller_ros.cpp\n'}
[3.119811] (vox_nav_control) StdoutLine: {'line': b' /usr/include/x86_64-linux-gnu/qt5 -isystem /usr/include/x86_64-linux-gnu/qt5/QtOpenGL -isystem /usr/include/x86_64-linux-gnu/qt5/QtWidgets -isystem /usr/include/x86_64-linux-gnu/qt5/QtGui -isystem /usr/include/x86_64-linux-gnu/qt5/QtCore -isystem /usr/lib/x86_64-linux-gnu/qt5/mkspecs/linux-g++ -isystem /opt/ros/humble/include/rclcpp_components -isystem /opt/ros/humble/include/composition_interfaces -isystem /opt/ros/humble/include/shape_msgs -O3 -DNDEBUG -fPIC -MD -MT CMakeFiles/vox_nav_controller_server.dir/src/controller_server.cpp.o -MF CMakeFiles/vox_nav_controller_server.dir/src/controller_server.cpp.o.d -o CMakeFiles/vox_nav_controller_server.dir/src/controller_server.cpp.o -c /home/manish/eiratech_ws/src/vox_nav/vox_nav_control/src/controller_server.cpp\n'}
[3.119868] (vox_nav_control) StdoutLine: {'line': b'nclude/rclcpp_components -isystem /opt/ros/humble/include/composition_interfaces -isystem /usr/include/vtk-9.1 -isystem /usr/include/jsoncpp -isystem /usr/include/freetype2 -isystem /usr/include/x86_64-linux-gnu/qt5 -isystem /usr/include/x86_64-linux-gnu/qt5/QtOpenGL -isystem /usr/include/x86_64-linux-gnu/qt5/QtWidgets -isystem /usr/include/x86_64-linux-gnu/qt5/QtGui -isystem /usr/include/x86_64-linux-gnu/qt5/QtCore -isystem /usr/lib/x86_64-linux-gnu/qt5/mkspecs/linux-g++ -O3 -DNDEBUG -fPIC -fPIC -MD -MT CMakeFiles/traversability_based_plan_refiner.dir/src/plan_refiner_plugins/traversability_based_plan_refiner.cpp.o -MF CMakeFiles/traversability_based_plan_refiner.dir/src/plan_refiner_plugins/traversability_based_plan_refiner.cpp.o.d -o CMakeFiles/traversability_based_plan_refiner.dir/src/plan_refiner_plugins/traversability_based_plan_refiner.cpp.o -c /home/manish/eiratech_ws/src/vox_nav/vox_nav_control/src/plan_refiner_plugins/traversability_based_plan_refiner.cpp\n'}
[3.119920] (vox_nav_control) StdoutLine: {'line': b'/usr/bin/c++ -DBOOST_ALL_NO_LIB -DBOOST_DATE_TIME_DYN_LINK -DBOOST_FILESYSTEM_DYN_LINK -DBOOST_IOSTREAMS_DYN_LINK -DBOOST_SERIALIZATION_DYN_LINK -DBOOST_SYSTEM_DYN_LINK -DDEFAULT_RMW_IMPLEMENTATION=rmw_fastrtps_cpp -DDISABLE_PCAP -DQT_CORE_LIB -DQT_GUI_LIB -DQT_NO_DEBUG -DQT_OPENGL_LIB -DQT_WIDGETS_LIB -DRCUTILS_ENABLE_FAULT_INJECTION -Dkiss_fft_scalar=double -Dmpc_controller_casadi_EXPORTS -I/home/manish/eiratech_ws/src/vox_nav/vox_nav_control/include -I/usr/include/ompl-1.5 -I/home/manish/eiratech_ws/install/vox_nav_utilities/include -I/opt/ros/humble/include/tf2_eigen -I/opt/ros/humble/include/pcl_ros -I/opt/ros/humble/include/pcl_conversions -isystem /usr/include/eigen3 -isystem /home/manish/eiratech_ws/install/vox_nav_msgs/include/vox_nav_msgs -isystem /opt/ros/humble/include/rclcpp -isystem /opt/ros/humble/include/geometry_msgs -isystem /opt/ros/humble/include/nav_msgs -isystem /opt/ros/humble/include/pluginlib -isystem /opt/ros/humble/include/tf2 -isystem /opt/ros/humble/include/tf2_ros -isystem /opt/ros/humble/include/tf2_geometry_msgs -isystem /opt/ros/humble/include/sensor_msgs -isystem /opt/ros/humble/include/vision_msgs -isystem /opt/ros/humble/include/message_filters -isystem /opt/ros/humble/include/pcl_msgs -isystem /opt/ros/humble/include/std_msgs -isystem /opt/ros/humble/include/octomap_msgs -isystem /opt/ros/humble/include/visualization_msgs -isystem /usr/include/pcl-1.12 -isystem /usr/include/ni -isystem /usr/include/openni2 -isystem /opt/ros/humble/include/ament_index_cpp -isystem /opt/ros/humble/include/libstatistics_collector -isystem /opt/ros/humble/include/builtin_interfaces -isystem /opt/ros/humble/include/rosidl_runtime_c -isystem /opt/ros/humble/include/rcutils -isystem /opt/ros/humble/include/rosidl_typesupport_interface -isystem /opt/ros/humble/include/fastcdr -isystem /opt/ros/humble/include/rosidl_runtime_cpp -isystem /opt/ros/humble/include/rosidl_typesupport_fastrtps_cpp -isystem /opt/ros/humble/include/rmw -isystem /opt/ros/humble/include/rosidl_typesupport_fastrtps_c -isystem /opt/ros/humble/include/rosidl_typesupport_introspection_c -isystem /opt/ros/humble/include/rosidl_typesupport_introspection_cpp -isystem /opt/ros/humble/include/rcl -isystem /opt/ros/humble/include/rcl_interfaces -isystem /opt/ros/humble/include/rcl_logging_interface -isystem /opt/ros/humble/include/rcl_yaml_param_parser -isystem /opt/ros/humble/include/libyaml_vendor -isystem /opt/ros/humble/include/tracetools -isystem /opt/ros/humble/include/rcpputils -isystem /opt/ros/humble/include/statistics_msgs -isystem /opt/ros/humble/include/rosgraph_msgs -isystem /opt/ros/humble/include/rosidl_typesupport_cpp -isystem /opt/ros/humble/include/rosidl_typesupport_c -isystem /opt/ros/humble/include/class_loader -isystem /opt/ros/humble/include/rclcpp_action -isystem /opt/ros/humble/include/action_msgs -isystem /opt/ros/humble/include/unique_identifier_msgs -isystem /opt/ros/humble/include/rcl_action -isystem /opt/ros/humble/include/tf2_msgs -isystem /opt/ros/humble/include/shape_msgs -isystem /opt/ros/humble/include/rclcpp_components -isystem /opt/ros/humble/include/composition_interfaces -isystem /usr/include/vtk-9.1 -isystem /usr/include/jsoncpp -isystem /usr/include/freetype2 -isystem /usr/include/x86_64-linux-gnu/qt5 -isystem /usr/include/x86_64-linux-gnu/qt5/QtOpenGL -isystem /usr/include/x86_64-linux-gnu/qt5/QtWidgets -isystem /usr/include/x86_64-linux-gnu/qt5/QtGui -isystem /usr/include/x86_64-linux-gnu/qt5/QtCore -isystem /usr/lib/x86_64-linux-gnu/qt5/mkspecs/linux-g++ -O3 -DNDEBUG -fPIC -fPIC -MD -MT CMakeFiles/mpc_controller_casadi.dir/src/mpc_controller_casadi/mpc_controller_casadi_ros.cpp.o -MF CMakeFiles/mpc_controller_casadi.dir/src/mpc_controller_casadi/mpc_controller_casadi_ros.cpp.o.d -o CMakeFiles/mpc_controller_casadi.dir/src/mpc_controller_casadi/mpc_controller_casadi_ros.cpp.o -c /home/manish/eiratech_ws/src/vox_nav/vox_nav_control/src/mpc_controller_casadi/mpc_controller_casadi_ros.cpp\n'}
[3.204616] (-) TimerEvent: {}
[3.304889] (-) TimerEvent: {}
[3.405155] (-) TimerEvent: {}
[3.505446] (-) TimerEvent: {}
[3.605735] (-) TimerEvent: {}
[3.605990] (vox_nav_control) StderrLine: {'line': b'In file included from \x1b[01m\x1b[K/home/manish/eiratech_ws/src/vox_nav/vox_nav_control/include/vox_nav_control/plan_refiner_plugins/traversability_based_plan_refiner.hpp:31\x1b[m\x1b[K,\n'}
[3.606161] (vox_nav_control) StderrLine: {'line': b'                 from \x1b[01m\x1b[K/home/manish/eiratech_ws/src/vox_nav/vox_nav_control/src/plan_refiner_plugins/traversability_based_plan_refiner.cpp:15\x1b[m\x1b[K:\n'}
[3.606265] (vox_nav_control) StderrLine: {'line': b'\x1b[01m\x1b[K/opt/ros/humble/include/tf2_geometry_msgs/tf2_geometry_msgs/tf2_geometry_msgs.h:35:2:\x1b[m\x1b[K \x1b[01;35m\x1b[Kwarning: \x1b[m\x1b[K#warning This header is obsolete, please include tf2_geometry_msgs/tf2_geometry_msgs.hpp instead [\x1b[01;35m\x1b[K\x1b]8;;https://gcc.gnu.org/onlinedocs/gcc/Warning-Options.html#index-Wcpp\x07-Wcpp\x1b]8;;\x07\x1b[m\x1b[K]\n'}
[3.606359] (vox_nav_control) StderrLine: {'line': b'   35 | #\x1b[01;35m\x1b[Kwarning\x1b[m\x1b[K This header is obsolete, please include tf2_geometry_msgs/tf2_geometry_msgs.hpp instead\n'}
[3.606442] (vox_nav_control) StderrLine: {'line': b'      |  \x1b[01;35m\x1b[K^~~~~~~\x1b[m\x1b[K\n'}
[3.705845] (-) TimerEvent: {}
[3.806135] (-) TimerEvent: {}
[3.906436] (-) TimerEvent: {}
[4.006744] (-) TimerEvent: {}
[4.107042] (-) TimerEvent: {}
[4.207332] (-) TimerEvent: {}
[4.307614] (-) TimerEvent: {}
[4.407896] (-) TimerEvent: {}
[4.508181] (-) TimerEvent: {}
[4.608468] (-) TimerEvent: {}
[4.708764] (-) TimerEvent: {}
[4.809060] (-) TimerEvent: {}
[4.909345] (-) TimerEvent: {}
[5.009671] (-) TimerEvent: {}
[5.109957] (-) TimerEvent: {}
[5.210271] (-) TimerEvent: {}
[5.274987] (vox_nav_control) StderrLine: {'line': b'In file included from \x1b[01m\x1b[K/home/manish/eiratech_ws/src/vox_nav/vox_nav_control/include/vox_nav_control/lyapunov_controller/lyapunov_controller_ros.hpp:21\x1b[m\x1b[K,\n'}
[5.275190] (vox_nav_control) StderrLine: {'line': b'                 from \x1b[01m\x1b[K/home/manish/eiratech_ws/src/vox_nav/vox_nav_control/src/lyapunov_controller/lyapunov_controller_ros.cpp:16\x1b[m\x1b[K:\n'}
[5.275291] (vox_nav_control) StderrLine: {'line': b'\x1b[01m\x1b[K/opt/ros/humble/include/tf2_geometry_msgs/tf2_geometry_msgs/tf2_geometry_msgs.h:35:2:\x1b[m\x1b[K \x1b[01;35m\x1b[Kwarning: \x1b[m\x1b[K#warning This header is obsolete, please include tf2_geometry_msgs/tf2_geometry_msgs.hpp instead [\x1b[01;35m\x1b[K\x1b]8;;https://gcc.gnu.org/onlinedocs/gcc/Warning-Options.html#index-Wcpp\x07-Wcpp\x1b]8;;\x07\x1b[m\x1b[K]\n'}
[5.275382] (vox_nav_control) StderrLine: {'line': b'   35 | #\x1b[01;35m\x1b[Kwarning\x1b[m\x1b[K This header is obsolete, please include tf2_geometry_msgs/tf2_geometry_msgs.hpp instead\n'}
[5.275479] (vox_nav_control) StderrLine: {'line': b'      |  \x1b[01;35m\x1b[K^~~~~~~\x1b[m\x1b[K\n'}
[5.295858] (vox_nav_control) StderrLine: {'line': b'In file included from \x1b[01m\x1b[K/home/manish/eiratech_ws/src/vox_nav/vox_nav_control/include/vox_nav_control/mpc_controller_casadi/mpc_controller_casadi_ros.hpp:21\x1b[m\x1b[K,\n'}
[5.296055] (vox_nav_control) StderrLine: {'line': b'                 from \x1b[01m\x1b[K/home/manish/eiratech_ws/src/vox_nav/vox_nav_control/src/mpc_controller_casadi/mpc_controller_casadi_ros.cpp:16\x1b[m\x1b[K:\n'}
[5.296146] (vox_nav_control) StderrLine: {'line': b'\x1b[01m\x1b[K/opt/ros/humble/include/tf2_geometry_msgs/tf2_geometry_msgs/tf2_geometry_msgs.h:35:2:\x1b[m\x1b[K \x1b[01;35m\x1b[Kwarning: \x1b[m\x1b[K#warning This header is obsolete, please include tf2_geometry_msgs/tf2_geometry_msgs.hpp instead [\x1b[01;35m\x1b[K\x1b]8;;https://gcc.gnu.org/onlinedocs/gcc/Warning-Options.html#index-Wcpp\x07-Wcpp\x1b]8;;\x07\x1b[m\x1b[K]\n'}
[5.296236] (vox_nav_control) StderrLine: {'line': b'   35 | #\x1b[01;35m\x1b[Kwarning\x1b[m\x1b[K This header is obsolete, please include tf2_geometry_msgs/tf2_geometry_msgs.hpp instead\n'}
[5.296337] (vox_nav_control) StderrLine: {'line': b'      |  \x1b[01;35m\x1b[K^~~~~~~\x1b[m\x1b[K\n'}
[5.310388] (-) TimerEvent: {}
[5.410730] (-) TimerEvent: {}
[5.511051] (-) TimerEvent: {}
[5.611321] (-) TimerEvent: {}
[5.711586] (-) TimerEvent: {}
[5.811865] (-) TimerEvent: {}
[5.912149] (-) TimerEvent: {}
[6.012439] (-) TimerEvent: {}
[6.112699] (-) TimerEvent: {}
[6.212976] (-) TimerEvent: {}
[6.313258] (-) TimerEvent: {}
[6.413535] (-) TimerEvent: {}
[6.513796] (-) TimerEvent: {}
[6.614078] (-) TimerEvent: {}
[6.714331] (-) TimerEvent: {}
[6.814587] (-) TimerEvent: {}
[6.914829] (-) TimerEvent: {}
[7.015112] (-) TimerEvent: {}
[7.115367] (-) TimerEvent: {}
[7.215640] (-) TimerEvent: {}
[7.315933] (-) TimerEvent: {}
[7.416227] (-) TimerEvent: {}
[7.516478] (-) TimerEvent: {}
[7.616759] (-) TimerEvent: {}
[7.717039] (-) TimerEvent: {}
[7.817316] (-) TimerEvent: {}
[7.917600] (-) TimerEvent: {}
[8.017877] (-) TimerEvent: {}
[8.118156] (-) TimerEvent: {}
[8.218451] (-) TimerEvent: {}
[8.318740] (-) TimerEvent: {}
[8.418986] (-) TimerEvent: {}
[8.519310] (-) TimerEvent: {}
[8.619600] (-) TimerEvent: {}
[8.719877] (-) TimerEvent: {}
[8.820156] (-) TimerEvent: {}
[8.920433] (-) TimerEvent: {}
[9.020693] (-) TimerEvent: {}
[9.120955] (-) TimerEvent: {}
[9.221240] (-) TimerEvent: {}
[9.321498] (-) TimerEvent: {}
[9.421738] (-) TimerEvent: {}
[9.522011] (-) TimerEvent: {}
[9.622293] (-) TimerEvent: {}
[9.722540] (-) TimerEvent: {}
[9.822799] (-) TimerEvent: {}
[9.923060] (-) TimerEvent: {}
[10.023427] (-) TimerEvent: {}
[10.123717] (-) TimerEvent: {}
[10.223993] (-) TimerEvent: {}
[10.295331] (vox_nav_control) StderrLine: {'line': b'In file included from \x1b[01m\x1b[K/opt/ros/humble/include/rclcpp/rclcpp/logging.hpp:24\x1b[m\x1b[K,\n'}
[10.295545] (vox_nav_control) StderrLine: {'line': b'                 from \x1b[01m\x1b[K/opt/ros/humble/include/rclcpp/rclcpp/client.hpp:40\x1b[m\x1b[K,\n'}
[10.295635] (vox_nav_control) StderrLine: {'line': b'                 from \x1b[01m\x1b[K/opt/ros/humble/include/rclcpp/rclcpp/callback_group.hpp:24\x1b[m\x1b[K,\n'}
[10.295701] (vox_nav_control) StderrLine: {'line': b'                 from \x1b[01m\x1b[K/opt/ros/humble/include/rclcpp/rclcpp/any_executable.hpp:20\x1b[m\x1b[K,\n'}
[10.295764] (vox_nav_control) StderrLine: {'line': b'                 from \x1b[01m\x1b[K/opt/ros/humble/include/rclcpp/rclcpp/memory_strategy.hpp:25\x1b[m\x1b[K,\n'}
[10.295826] (vox_nav_control) StderrLine: {'line': b'                 from \x1b[01m\x1b[K/opt/ros/humble/include/rclcpp/rclcpp/memory_strategies.hpp:18\x1b[m\x1b[K,\n'}
[10.295889] (vox_nav_control) StderrLine: {'line': b'                 from \x1b[01m\x1b[K/opt/ros/humble/include/rclcpp/rclcpp/executor_options.hpp:20\x1b[m\x1b[K,\n'}
[10.295957] (vox_nav_control) StderrLine: {'line': b'                 from \x1b[01m\x1b[K/opt/ros/humble/include/rclcpp/rclcpp/executor.hpp:37\x1b[m\x1b[K,\n'}
[10.296024] (vox_nav_control) StderrLine: {'line': b'                 from \x1b[01m\x1b[K/opt/ros/humble/include/rclcpp/rclcpp/executors/multi_threaded_executor.hpp:25\x1b[m\x1b[K,\n'}
[10.296093] (vox_nav_control) StderrLine: {'line': b'                 from \x1b[01m\x1b[K/opt/ros/humble/include/rclcpp/rclcpp/executors.hpp:21\x1b[m\x1b[K,\n'}
[10.296160] (vox_nav_control) StderrLine: {'line': b'                 from \x1b[01m\x1b[K/opt/ros/humble/include/rclcpp/rclcpp/rclcpp.hpp:155\x1b[m\x1b[K,\n'}
[10.296234] (vox_nav_control) StderrLine: {'line': b'                 from \x1b[01m\x1b[K/home/manish/eiratech_ws/src/vox_nav/vox_nav_control/include/vox_nav_control/lyapunov_controller/lyapunov_controller_ros.hpp:15\x1b[m\x1b[K,\n'}
[10.296325] (vox_nav_control) StderrLine: {'line': b'                 from \x1b[01m\x1b[K/home/manish/eiratech_ws/src/vox_nav/vox_nav_control/src/lyapunov_controller/lyapunov_controller_ros.cpp:16\x1b[m\x1b[K:\n'}
[10.296395] (vox_nav_control) StderrLine: {'line': b'\x1b[01m\x1b[K/home/manish/eiratech_ws/src/vox_nav/vox_nav_control/include/vox_nav_control/common.hpp:\x1b[m\x1b[K In function \xe2\x80\x98\x1b[01m\x1b[Kvoid vox_nav_control::common::readjustGlobalPlanLocally(const PoseStamped&, pcl::PointCloud<pcl::PointXYZ>::Ptr, rclcpp::Publisher<visualization_msgs::msg::MarkerArray_<std::allocator<void> > >::SharedPtr, rclcpp::Publisher<sensor_msgs::msg::PointCloud2_<std::allocator<void> > >::SharedPtr, const rclcpp::Node*, nav_msgs::msg::Path&, double, double, int)\x1b[m\x1b[K\xe2\x80\x99:\n'}
[10.296486] (vox_nav_control) StderrLine: {'line': b'\x1b[01m\x1b[K/home/manish/eiratech_ws/src/vox_nav/vox_nav_control/include/vox_nav_control/common.hpp:525:29:\x1b[m\x1b[K \x1b[01;35m\x1b[Kwarning: \x1b[m\x1b[Kformat \xe2\x80\x98\x1b[01m\x1b[K%d\x1b[m\x1b[K\xe2\x80\x99 expects argument of type \xe2\x80\x98\x1b[01m\x1b[Kint\x1b[m\x1b[K\xe2\x80\x99, but argument 5 has type \xe2\x80\x98\x1b[01m\x1b[Kstd::vector<vox_nav_control::common::States>::size_type\x1b[m\x1b[K\xe2\x80\x99 {aka \xe2\x80\x98\x1b[01m\x1b[Klong unsigned int\x1b[m\x1b[K\xe2\x80\x99} [\x1b[01;35m\x1b[K\x1b]8;;https://gcc.gnu.org/onlinedocs/gcc/Warning-Options.html#index-Wformat=\x07-Wformat=\x1b]8;;\x07\x1b[m\x1b[K]\n'}
[10.296563] (vox_nav_control) StderrLine: {'line': b'  525 |         node->get_logger(), \x1b[01;35m\x1b[K"publishTrajStates should publish %d states"\x1b[m\x1b[K, \x1b[32m\x1b[Kreadjusted_states.size()\x1b[m\x1b[K);\n'}
[10.296636] (vox_nav_control) StderrLine: {'line': b'      |                             \x1b[01;35m\x1b[K^~~~~~~~~~~~~~~~~~~~~~~~~~~~~~~~~~~~~~~~~~~~\x1b[m\x1b[K  \x1b[32m\x1b[K~~~~~~~~~~~~~~~~~~~~~~~~\x1b[m\x1b[K\n'}
[10.296705] (vox_nav_control) StderrLine: {'line': b'      |                                                                                                 \x1b[32m\x1b[K|\x1b[m\x1b[K\n'}
[10.296774] (vox_nav_control) StderrLine: {'line': b'      |                                                                                                 \x1b[32m\x1b[Kstd::vector<vox_nav_control::common::States>::size_type {aka long unsigned int}\x1b[m\x1b[K\n'}
[10.296847] (vox_nav_control) StderrLine: {'line': b'In file included from \x1b[01m\x1b[K/home/manish/eiratech_ws/src/vox_nav/vox_nav_control/include/vox_nav_control/lyapunov_controller/lyapunov_controller_ros.hpp:17\x1b[m\x1b[K,\n'}
[10.296917] (vox_nav_control) StderrLine: {'line': b'                 from \x1b[01m\x1b[K/home/manish/eiratech_ws/src/vox_nav/vox_nav_control/src/lyapunov_controller/lyapunov_controller_ros.cpp:16\x1b[m\x1b[K:\n'}
[10.296983] (vox_nav_control) StderrLine: {'line': b'\x1b[01m\x1b[K/home/manish/eiratech_ws/src/vox_nav/vox_nav_control/include/vox_nav_control/common.hpp:525:64:\x1b[m\x1b[K \x1b[01;36m\x1b[Knote: \x1b[m\x1b[Kformat string is defined here\n'}
[10.297052] (vox_nav_control) StderrLine: {'line': b'  525 |         node->get_logger(), "publishTrajStates should publish \x1b[01;36m\x1b[K%d\x1b[m\x1b[K states", readjusted_states.size());\n'}
[10.297121] (vox_nav_control) StderrLine: {'line': b'      |                                                               \x1b[01;36m\x1b[K~^\x1b[m\x1b[K\n'}
[10.297189] (vox_nav_control) StderrLine: {'line': b'      |                                                                \x1b[01;36m\x1b[K|\x1b[m\x1b[K\n'}
[10.297267] (vox_nav_control) StderrLine: {'line': b'      |                                                                \x1b[01;36m\x1b[Kint\x1b[m\x1b[K\n'}
[10.297337] (vox_nav_control) StderrLine: {'line': b'      |                                                               \x1b[32m\x1b[K%ld\x1b[m\x1b[K\n'}
[10.324126] (-) TimerEvent: {}
[10.424371] (-) TimerEvent: {}
[10.524610] (-) TimerEvent: {}
[10.588512] (vox_nav_control) StderrLine: {'line': b'In file included from \x1b[01m\x1b[K/opt/ros/humble/include/rclcpp/rclcpp/logging.hpp:24\x1b[m\x1b[K,\n'}
[10.588660] (vox_nav_control) StderrLine: {'line': b'                 from \x1b[01m\x1b[K/opt/ros/humble/include/rclcpp/rclcpp/client.hpp:40\x1b[m\x1b[K,\n'}
[10.588713] (vox_nav_control) StderrLine: {'line': b'                 from \x1b[01m\x1b[K/opt/ros/humble/include/rclcpp/rclcpp/callback_group.hpp:24\x1b[m\x1b[K,\n'}
[10.588773] (vox_nav_control) StderrLine: {'line': b'                 from \x1b[01m\x1b[K/opt/ros/humble/include/rclcpp/rclcpp/any_executable.hpp:20\x1b[m\x1b[K,\n'}
[10.588821] (vox_nav_control) StderrLine: {'line': b'                 from \x1b[01m\x1b[K/opt/ros/humble/include/rclcpp/rclcpp/memory_strategy.hpp:25\x1b[m\x1b[K,\n'}
[10.588865] (vox_nav_control) StderrLine: {'line': b'                 from \x1b[01m\x1b[K/opt/ros/humble/include/rclcpp/rclcpp/memory_strategies.hpp:18\x1b[m\x1b[K,\n'}
[10.588909] (vox_nav_control) StderrLine: {'line': b'                 from \x1b[01m\x1b[K/opt/ros/humble/include/rclcpp/rclcpp/executor_options.hpp:20\x1b[m\x1b[K,\n'}
[10.588952] (vox_nav_control) StderrLine: {'line': b'                 from \x1b[01m\x1b[K/opt/ros/humble/include/rclcpp/rclcpp/executor.hpp:37\x1b[m\x1b[K,\n'}
[10.588995] (vox_nav_control) StderrLine: {'line': b'                 from \x1b[01m\x1b[K/opt/ros/humble/include/rclcpp/rclcpp/executors/multi_threaded_executor.hpp:25\x1b[m\x1b[K,\n'}
[10.589039] (vox_nav_control) StderrLine: {'line': b'                 from \x1b[01m\x1b[K/opt/ros/humble/include/rclcpp/rclcpp/executors.hpp:21\x1b[m\x1b[K,\n'}
[10.589082] (vox_nav_control) StderrLine: {'line': b'                 from \x1b[01m\x1b[K/opt/ros/humble/include/rclcpp/rclcpp/rclcpp.hpp:155\x1b[m\x1b[K,\n'}
[10.589125] (vox_nav_control) StderrLine: {'line': b'                 from \x1b[01m\x1b[K/home/manish/eiratech_ws/src/vox_nav/vox_nav_control/include/vox_nav_control/mpc_controller_casadi/mpc_controller_casadi_ros.hpp:15\x1b[m\x1b[K,\n'}
[10.589169] (vox_nav_control) StderrLine: {'line': b'                 from \x1b[01m\x1b[K/home/manish/eiratech_ws/src/vox_nav/vox_nav_control/src/mpc_controller_casadi/mpc_controller_casadi_ros.cpp:16\x1b[m\x1b[K:\n'}
[10.589239] (vox_nav_control) StderrLine: {'line': b'\x1b[01m\x1b[K/home/manish/eiratech_ws/src/vox_nav/vox_nav_control/include/vox_nav_control/common.hpp:\x1b[m\x1b[K In function \xe2\x80\x98\x1b[01m\x1b[Kvoid vox_nav_control::common::readjustGlobalPlanLocally(const PoseStamped&, pcl::PointCloud<pcl::PointXYZ>::Ptr, rclcpp::Publisher<visualization_msgs::msg::MarkerArray_<std::allocator<void> > >::SharedPtr, rclcpp::Publisher<sensor_msgs::msg::PointCloud2_<std::allocator<void> > >::SharedPtr, const rclcpp::Node*, nav_msgs::msg::Path&, double, double, int)\x1b[m\x1b[K\xe2\x80\x99:\n'}
[10.589291] (vox_nav_control) StderrLine: {'line': b'\x1b[01m\x1b[K/home/manish/eiratech_ws/src/vox_nav/vox_nav_control/include/vox_nav_control/common.hpp:525:29:\x1b[m\x1b[K \x1b[01;35m\x1b[Kwarning: \x1b[m\x1b[Kformat \xe2\x80\x98\x1b[01m\x1b[K%d\x1b[m\x1b[K\xe2\x80\x99 expects argument of type \xe2\x80\x98\x1b[01m\x1b[Kint\x1b[m\x1b[K\xe2\x80\x99, but argument 5 has type \xe2\x80\x98\x1b[01m\x1b[Kstd::vector<vox_nav_control::common::States>::size_type\x1b[m\x1b[K\xe2\x80\x99 {aka \xe2\x80\x98\x1b[01m\x1b[Klong unsigned int\x1b[m\x1b[K\xe2\x80\x99} [\x1b[01;35m\x1b[K\x1b]8;;https://gcc.gnu.org/onlinedocs/gcc/Warning-Options.html#index-Wformat=\x07-Wformat=\x1b]8;;\x07\x1b[m\x1b[K]\n'}
[10.589340] (vox_nav_control) StderrLine: {'line': b'  525 |         node->get_logger(), \x1b[01;35m\x1b[K"publishTrajStates should publish %d states"\x1b[m\x1b[K, \x1b[32m\x1b[Kreadjusted_states.size()\x1b[m\x1b[K);\n'}
[10.589383] (vox_nav_control) StderrLine: {'line': b'      |                             \x1b[01;35m\x1b[K^~~~~~~~~~~~~~~~~~~~~~~~~~~~~~~~~~~~~~~~~~~~\x1b[m\x1b[K  \x1b[32m\x1b[K~~~~~~~~~~~~~~~~~~~~~~~~\x1b[m\x1b[K\n'}
[10.589425] (vox_nav_control) StderrLine: {'line': b'      |                                                                                                 \x1b[32m\x1b[K|\x1b[m\x1b[K\n'}
[10.589467] (vox_nav_control) StderrLine: {'line': b'      |                                                                                                 \x1b[32m\x1b[Kstd::vector<vox_nav_control::common::States>::size_type {aka long unsigned int}\x1b[m\x1b[K\n'}
[10.589516] (vox_nav_control) StderrLine: {'line': b'In file included from \x1b[01m\x1b[K/home/manish/eiratech_ws/src/vox_nav/vox_nav_control/include/vox_nav_control/mpc_controller_casadi/mpc_controller_casadi_core.hpp:29\x1b[m\x1b[K,\n'}
[10.589559] (vox_nav_control) StderrLine: {'line': b'                 from \x1b[01m\x1b[K/home/manish/eiratech_ws/src/vox_nav/vox_nav_control/include/vox_nav_control/mpc_controller_casadi/mpc_controller_casadi_ros.hpp:17\x1b[m\x1b[K,\n'}
[10.589601] (vox_nav_control) StderrLine: {'line': b'                 from \x1b[01m\x1b[K/home/manish/eiratech_ws/src/vox_nav/vox_nav_control/src/mpc_controller_casadi/mpc_controller_casadi_ros.cpp:16\x1b[m\x1b[K:\n'}
[10.589642] (vox_nav_control) StderrLine: {'line': b'\x1b[01m\x1b[K/home/manish/eiratech_ws/src/vox_nav/vox_nav_control/include/vox_nav_control/common.hpp:525:64:\x1b[m\x1b[K \x1b[01;36m\x1b[Knote: \x1b[m\x1b[Kformat string is defined here\n'}
[10.589686] (vox_nav_control) StderrLine: {'line': b'  525 |         node->get_logger(), "publishTrajStates should publish \x1b[01;36m\x1b[K%d\x1b[m\x1b[K states", readjusted_states.size());\n'}
[10.589729] (vox_nav_control) StderrLine: {'line': b'      |                                                               \x1b[01;36m\x1b[K~^\x1b[m\x1b[K\n'}
[10.589771] (vox_nav_control) StderrLine: {'line': b'      |                                                                \x1b[01;36m\x1b[K|\x1b[m\x1b[K\n'}
[10.589812] (vox_nav_control) StderrLine: {'line': b'      |                                                                \x1b[01;36m\x1b[Kint\x1b[m\x1b[K\n'}
[10.589854] (vox_nav_control) StderrLine: {'line': b'      |                                                               \x1b[32m\x1b[K%ld\x1b[m\x1b[K\n'}
[10.624745] (-) TimerEvent: {}
[10.648826] (vox_nav_control) StderrLine: {'line': b'In file included from \x1b[01m\x1b[K/opt/ros/humble/include/rclcpp/rclcpp/logging.hpp:24\x1b[m\x1b[K,\n'}
[10.648973] (vox_nav_control) StderrLine: {'line': b'                 from \x1b[01m\x1b[K/opt/ros/humble/include/rclcpp/rclcpp/client.hpp:40\x1b[m\x1b[K,\n'}
[10.649031] (vox_nav_control) StderrLine: {'line': b'                 from \x1b[01m\x1b[K/opt/ros/humble/include/rclcpp/rclcpp/callback_group.hpp:24\x1b[m\x1b[K,\n'}
[10.649077] (vox_nav_control) StderrLine: {'line': b'                 from \x1b[01m\x1b[K/opt/ros/humble/include/rclcpp/rclcpp/node_interfaces/node_base_interface.hpp:25\x1b[m\x1b[K,\n'}
[10.649144] (vox_nav_control) StderrLine: {'line': b'                 from \x1b[01m\x1b[K/opt/ros/humble/include/rclcpp_action/rclcpp_action/client.hpp:33\x1b[m\x1b[K,\n'}
[10.649189] (vox_nav_control) StderrLine: {'line': b'                 from \x1b[01m\x1b[K/opt/ros/humble/include/rclcpp_action/rclcpp_action/rclcpp_action.hpp:36\x1b[m\x1b[K,\n'}
[10.649240] (vox_nav_control) StderrLine: {'line': b'                 from \x1b[01m\x1b[K/home/manish/eiratech_ws/src/vox_nav/vox_nav_control/include/vox_nav_control/controller_server.hpp:19\x1b[m\x1b[K,\n'}
[10.649288] (vox_nav_control) StderrLine: {'line': b'                 from \x1b[01m\x1b[K/home/manish/eiratech_ws/src/vox_nav/vox_nav_control/src/controller_server.cpp:18\x1b[m\x1b[K:\n'}
[10.649331] (vox_nav_control) StderrLine: {'line': b'\x1b[01m\x1b[K/home/manish/eiratech_ws/src/vox_nav/vox_nav_control/include/vox_nav_control/common.hpp:\x1b[m\x1b[K In function \xe2\x80\x98\x1b[01m\x1b[Kvoid vox_nav_control::common::readjustGlobalPlanLocally(const PoseStamped&, pcl::PointCloud<pcl::PointXYZ>::Ptr, rclcpp::Publisher<visualization_msgs::msg::MarkerArray_<std::allocator<void> > >::SharedPtr, rclcpp::Publisher<sensor_msgs::msg::PointCloud2_<std::allocator<void> > >::SharedPtr, const rclcpp::Node*, nav_msgs::msg::Path&, double, double, int)\x1b[m\x1b[K\xe2\x80\x99:\n'}
[10.649379] (vox_nav_control) StderrLine: {'line': b'\x1b[01m\x1b[K/home/manish/eiratech_ws/src/vox_nav/vox_nav_control/include/vox_nav_control/common.hpp:525:29:\x1b[m\x1b[K \x1b[01;35m\x1b[Kwarning: \x1b[m\x1b[Kformat \xe2\x80\x98\x1b[01m\x1b[K%d\x1b[m\x1b[K\xe2\x80\x99 expects argument of type \xe2\x80\x98\x1b[01m\x1b[Kint\x1b[m\x1b[K\xe2\x80\x99, but argument 5 has type \xe2\x80\x98\x1b[01m\x1b[Kstd::vector<vox_nav_control::common::States>::size_type\x1b[m\x1b[K\xe2\x80\x99 {aka \xe2\x80\x98\x1b[01m\x1b[Klong unsigned int\x1b[m\x1b[K\xe2\x80\x99} [\x1b[01;35m\x1b[K\x1b]8;;https://gcc.gnu.org/onlinedocs/gcc/Warning-Options.html#index-Wformat=\x07-Wformat=\x1b]8;;\x07\x1b[m\x1b[K]\n'}
[10.649432] (vox_nav_control) StderrLine: {'line': b'  525 |         node->get_logger(), \x1b[01;35m\x1b[K"publishTrajStates should publish %d states"\x1b[m\x1b[K, \x1b[32m\x1b[Kreadjusted_states.size()\x1b[m\x1b[K);\n'}
[10.649480] (vox_nav_control) StderrLine: {'line': b'      |                             \x1b[01;35m\x1b[K^~~~~~~~~~~~~~~~~~~~~~~~~~~~~~~~~~~~~~~~~~~~\x1b[m\x1b[K  \x1b[32m\x1b[K~~~~~~~~~~~~~~~~~~~~~~~~\x1b[m\x1b[K\n'}
[10.649524] (vox_nav_control) StderrLine: {'line': b'      |                                                                                                 \x1b[32m\x1b[K|\x1b[m\x1b[K\n'}
[10.649566] (vox_nav_control) StderrLine: {'line': b'      |                                                                                                 \x1b[32m\x1b[Kstd::vector<vox_nav_control::common::States>::size_type {aka long unsigned int}\x1b[m\x1b[K\n'}
[10.649610] (vox_nav_control) StderrLine: {'line': b'In file included from \x1b[01m\x1b[K/home/manish/eiratech_ws/src/vox_nav/vox_nav_control/include/vox_nav_control/controller_server.hpp:36\x1b[m\x1b[K,\n'}
[10.649653] (vox_nav_control) StderrLine: {'line': b'                 from \x1b[01m\x1b[K/home/manish/eiratech_ws/src/vox_nav/vox_nav_control/src/controller_server.cpp:18\x1b[m\x1b[K:\n'}
[10.649698] (vox_nav_control) StderrLine: {'line': b'\x1b[01m\x1b[K/home/manish/eiratech_ws/src/vox_nav/vox_nav_control/include/vox_nav_control/common.hpp:525:64:\x1b[m\x1b[K \x1b[01;36m\x1b[Knote: \x1b[m\x1b[Kformat string is defined here\n'}
[10.649742] (vox_nav_control) StderrLine: {'line': b'  525 |         node->get_logger(), "publishTrajStates should publish \x1b[01;36m\x1b[K%d\x1b[m\x1b[K states", readjusted_states.size());\n'}
[10.649785] (vox_nav_control) StderrLine: {'line': b'      |                                                               \x1b[01;36m\x1b[K~^\x1b[m\x1b[K\n'}
[10.649827] (vox_nav_control) StderrLine: {'line': b'      |                                                                \x1b[01;36m\x1b[K|\x1b[m\x1b[K\n'}
[10.649870] (vox_nav_control) StderrLine: {'line': b'      |                                                                \x1b[01;36m\x1b[Kint\x1b[m\x1b[K\n'}
[10.649913] (vox_nav_control) StderrLine: {'line': b'      |                                                               \x1b[32m\x1b[K%ld\x1b[m\x1b[K\n'}
[10.724843] (-) TimerEvent: {}
[10.825124] (-) TimerEvent: {}
[10.925401] (-) TimerEvent: {}
[11.025678] (-) TimerEvent: {}
[11.044180] (vox_nav_control) StderrLine: {'line': b'In file included from \x1b[01m\x1b[K/opt/ros/humble/include/rclcpp/rclcpp/logging.hpp:24\x1b[m\x1b[K,\n'}
[11.044403] (vox_nav_control) StderrLine: {'line': b'                 from \x1b[01m\x1b[K/opt/ros/humble/include/rclcpp/rclcpp/client.hpp:40\x1b[m\x1b[K,\n'}
[11.044459] (vox_nav_control) StderrLine: {'line': b'                 from \x1b[01m\x1b[K/opt/ros/humble/include/rclcpp/rclcpp/callback_group.hpp:24\x1b[m\x1b[K,\n'}
[11.044505] (vox_nav_control) StderrLine: {'line': b'                 from \x1b[01m\x1b[K/opt/ros/humble/include/rclcpp/rclcpp/any_executable.hpp:20\x1b[m\x1b[K,\n'}
[11.044549] (vox_nav_control) StderrLine: {'line': b'                 from \x1b[01m\x1b[K/opt/ros/humble/include/rclcpp/rclcpp/memory_strategy.hpp:25\x1b[m\x1b[K,\n'}
[11.044592] (vox_nav_control) StderrLine: {'line': b'                 from \x1b[01m\x1b[K/opt/ros/humble/include/rclcpp/rclcpp/memory_strategies.hpp:18\x1b[m\x1b[K,\n'}
[11.044634] (vox_nav_control) StderrLine: {'line': b'                 from \x1b[01m\x1b[K/opt/ros/humble/include/rclcpp/rclcpp/executor_options.hpp:20\x1b[m\x1b[K,\n'}
[11.044676] (vox_nav_control) StderrLine: {'line': b'                 from \x1b[01m\x1b[K/opt/ros/humble/include/rclcpp/rclcpp/executor.hpp:37\x1b[m\x1b[K,\n'}
[11.044729] (vox_nav_control) StderrLine: {'line': b'                 from \x1b[01m\x1b[K/opt/ros/humble/include/rclcpp/rclcpp/executors/multi_threaded_executor.hpp:25\x1b[m\x1b[K,\n'}
[11.044772] (vox_nav_control) StderrLine: {'line': b'                 from \x1b[01m\x1b[K/opt/ros/humble/include/rclcpp/rclcpp/executors.hpp:21\x1b[m\x1b[K,\n'}
[11.044814] (vox_nav_control) StderrLine: {'line': b'                 from \x1b[01m\x1b[K/opt/ros/humble/include/rclcpp/rclcpp/rclcpp.hpp:155\x1b[m\x1b[K,\n'}
[11.044856] (vox_nav_control) StderrLine: {'line': b'                 from \x1b[01m\x1b[K/home/manish/eiratech_ws/src/vox_nav/vox_nav_control/include/vox_nav_control/common.hpp:18\x1b[m\x1b[K,\n'}
[11.044904] (vox_nav_control) StderrLine: {'line': b'                 from \x1b[01m\x1b[K/home/manish/eiratech_ws/src/vox_nav/vox_nav_control/include/vox_nav_control/mpc_controller_casadi/mpc_controller_casadi_core.hpp:29\x1b[m\x1b[K,\n'}
[11.044947] (vox_nav_control) StderrLine: {'line': b'                 from \x1b[01m\x1b[K/home/manish/eiratech_ws/src/vox_nav/vox_nav_control/src/mpc_controller_casadi/mpc_controller_casadi_core.cpp:19\x1b[m\x1b[K:\n'}
[11.044989] (vox_nav_control) StderrLine: {'line': b'\x1b[01m\x1b[K/home/manish/eiratech_ws/src/vox_nav/vox_nav_control/include/vox_nav_control/common.hpp:\x1b[m\x1b[K In function \xe2\x80\x98\x1b[01m\x1b[Kvoid vox_nav_control::common::readjustGlobalPlanLocally(const PoseStamped&, pcl::PointCloud<pcl::PointXYZ>::Ptr, rclcpp::Publisher<visualization_msgs::msg::MarkerArray_<std::allocator<void> > >::SharedPtr, rclcpp::Publisher<sensor_msgs::msg::PointCloud2_<std::allocator<void> > >::SharedPtr, const rclcpp::Node*, nav_msgs::msg::Path&, double, double, int)\x1b[m\x1b[K\xe2\x80\x99:\n'}
[11.045034] (vox_nav_control) StderrLine: {'line': b'\x1b[01m\x1b[K/home/manish/eiratech_ws/src/vox_nav/vox_nav_control/include/vox_nav_control/common.hpp:525:29:\x1b[m\x1b[K \x1b[01;35m\x1b[Kwarning: \x1b[m\x1b[Kformat \xe2\x80\x98\x1b[01m\x1b[K%d\x1b[m\x1b[K\xe2\x80\x99 expects argument of type \xe2\x80\x98\x1b[01m\x1b[Kint\x1b[m\x1b[K\xe2\x80\x99, but argument 5 has type \xe2\x80\x98\x1b[01m\x1b[Kstd::vector<vox_nav_control::common::States>::size_type\x1b[m\x1b[K\xe2\x80\x99 {aka \xe2\x80\x98\x1b[01m\x1b[Klong unsigned int\x1b[m\x1b[K\xe2\x80\x99} [\x1b[01;35m\x1b[K\x1b]8;;https://gcc.gnu.org/onlinedocs/gcc/Warning-Options.html#index-Wformat=\x07-Wformat=\x1b]8;;\x07\x1b[m\x1b[K]\n'}
[11.045080] (vox_nav_control) StderrLine: {'line': b'  525 |         node->get_logger(), \x1b[01;35m\x1b[K"publishTrajStates should publish %d states"\x1b[m\x1b[K, \x1b[32m\x1b[Kreadjusted_states.size()\x1b[m\x1b[K);\n'}
[11.045125] (vox_nav_control) StderrLine: {'line': b'      |                             \x1b[01;35m\x1b[K^~~~~~~~~~~~~~~~~~~~~~~~~~~~~~~~~~~~~~~~~~~~\x1b[m\x1b[K  \x1b[32m\x1b[K~~~~~~~~~~~~~~~~~~~~~~~~\x1b[m\x1b[K\n'}
[11.045170] (vox_nav_control) StderrLine: {'line': b'      |                                                                                                 \x1b[32m\x1b[K|\x1b[m\x1b[K\n'}
[11.045213] (vox_nav_control) StderrLine: {'line': b'      |                                                                                                 \x1b[32m\x1b[Kstd::vector<vox_nav_control::common::States>::size_type {aka long unsigned int}\x1b[m\x1b[K\n'}
[11.045266] (vox_nav_control) StderrLine: {'line': b'In file included from \x1b[01m\x1b[K/home/manish/eiratech_ws/src/vox_nav/vox_nav_control/include/vox_nav_control/mpc_controller_casadi/mpc_controller_casadi_core.hpp:29\x1b[m\x1b[K,\n'}
[11.045312] (vox_nav_control) StderrLine: {'line': b'                 from \x1b[01m\x1b[K/home/manish/eiratech_ws/src/vox_nav/vox_nav_control/src/mpc_controller_casadi/mpc_controller_casadi_core.cpp:19\x1b[m\x1b[K:\n'}
[11.045353] (vox_nav_control) StderrLine: {'line': b'\x1b[01m\x1b[K/home/manish/eiratech_ws/src/vox_nav/vox_nav_control/include/vox_nav_control/common.hpp:525:64:\x1b[m\x1b[K \x1b[01;36m\x1b[Knote: \x1b[m\x1b[Kformat string is defined here\n'}
[11.045398] (vox_nav_control) StderrLine: {'line': b'  525 |         node->get_logger(), "publishTrajStates should publish \x1b[01;36m\x1b[K%d\x1b[m\x1b[K states", readjusted_states.size());\n'}
[11.045440] (vox_nav_control) StderrLine: {'line': b'      |                                                               \x1b[01;36m\x1b[K~^\x1b[m\x1b[K\n'}
[11.045481] (vox_nav_control) StderrLine: {'line': b'      |                                                                \x1b[01;36m\x1b[K|\x1b[m\x1b[K\n'}
[11.045522] (vox_nav_control) StderrLine: {'line': b'      |                                                                \x1b[01;36m\x1b[Kint\x1b[m\x1b[K\n'}
[11.045563] (vox_nav_control) StderrLine: {'line': b'      |                                                               \x1b[32m\x1b[K%ld\x1b[m\x1b[K\n'}
[11.125787] (-) TimerEvent: {}
[11.226108] (-) TimerEvent: {}
[11.326410] (-) TimerEvent: {}
[11.353580] (vox_nav_control) StderrLine: {'line': b'In file included from \x1b[01m\x1b[K/opt/ros/humble/include/rclcpp/rclcpp/logging.hpp:24\x1b[m\x1b[K,\n'}
[11.353717] (vox_nav_control) StderrLine: {'line': b'                 from \x1b[01m\x1b[K/opt/ros/humble/include/rclcpp/rclcpp/client.hpp:40\x1b[m\x1b[K,\n'}
[11.353770] (vox_nav_control) StderrLine: {'line': b'                 from \x1b[01m\x1b[K/opt/ros/humble/include/rclcpp/rclcpp/callback_group.hpp:24\x1b[m\x1b[K,\n'}
[11.353815] (vox_nav_control) StderrLine: {'line': b'                 from \x1b[01m\x1b[K/opt/ros/humble/include/rclcpp/rclcpp/any_executable.hpp:20\x1b[m\x1b[K,\n'}
[11.353858] (vox_nav_control) StderrLine: {'line': b'                 from \x1b[01m\x1b[K/opt/ros/humble/include/rclcpp/rclcpp/memory_strategy.hpp:25\x1b[m\x1b[K,\n'}
[11.353900] (vox_nav_control) StderrLine: {'line': b'                 from \x1b[01m\x1b[K/opt/ros/humble/include/rclcpp/rclcpp/memory_strategies.hpp:18\x1b[m\x1b[K,\n'}
[11.353943] (vox_nav_control) StderrLine: {'line': b'                 from \x1b[01m\x1b[K/opt/ros/humble/include/rclcpp/rclcpp/executor_options.hpp:20\x1b[m\x1b[K,\n'}
[11.353985] (vox_nav_control) StderrLine: {'line': b'                 from \x1b[01m\x1b[K/opt/ros/humble/include/rclcpp/rclcpp/executor.hpp:37\x1b[m\x1b[K,\n'}
[11.354027] (vox_nav_control) StderrLine: {'line': b'                 from \x1b[01m\x1b[K/opt/ros/humble/include/rclcpp/rclcpp/executors/multi_threaded_executor.hpp:25\x1b[m\x1b[K,\n'}
[11.354069] (vox_nav_control) StderrLine: {'line': b'                 from \x1b[01m\x1b[K/opt/ros/humble/include/rclcpp/rclcpp/executors.hpp:21\x1b[m\x1b[K,\n'}
[11.354119] (vox_nav_control) StderrLine: {'line': b'                 from \x1b[01m\x1b[K/opt/ros/humble/include/rclcpp/rclcpp/rclcpp.hpp:155\x1b[m\x1b[K,\n'}
[11.354161] (vox_nav_control) StderrLine: {'line': b'                 from \x1b[01m\x1b[K/opt/ros/humble/include/tf2_ros/tf2_ros/transform_listener.h:45\x1b[m\x1b[K,\n'}
[11.354227] (vox_nav_control) StderrLine: {'line': b'                 from \x1b[01m\x1b[K/home/manish/eiratech_ws/src/vox_nav/vox_nav_control/include/vox_nav_control/plan_refiner_plugins/traversability_based_plan_refiner.hpp:30\x1b[m\x1b[K,\n'}
[11.354289] (vox_nav_control) StderrLine: {'line': b'                 from \x1b[01m\x1b[K/home/manish/eiratech_ws/src/vox_nav/vox_nav_control/src/plan_refiner_plugins/traversability_based_plan_refiner.cpp:15\x1b[m\x1b[K:\n'}
[11.354333] (vox_nav_control) StderrLine: {'line': b'\x1b[01m\x1b[K/home/manish/eiratech_ws/src/vox_nav/vox_nav_control/include/vox_nav_control/common.hpp:\x1b[m\x1b[K In function \xe2\x80\x98\x1b[01m\x1b[Kvoid vox_nav_control::common::readjustGlobalPlanLocally(const PoseStamped&, pcl::PointCloud<pcl::PointXYZ>::Ptr, rclcpp::Publisher<visualization_msgs::msg::MarkerArray_<std::allocator<void> > >::SharedPtr, rclcpp::Publisher<sensor_msgs::msg::PointCloud2_<std::allocator<void> > >::SharedPtr, const rclcpp::Node*, nav_msgs::msg::Path&, double, double, int)\x1b[m\x1b[K\xe2\x80\x99:\n'}
[11.354380] (vox_nav_control) StderrLine: {'line': b'\x1b[01m\x1b[K/home/manish/eiratech_ws/src/vox_nav/vox_nav_control/include/vox_nav_control/common.hpp:525:29:\x1b[m\x1b[K \x1b[01;35m\x1b[Kwarning: \x1b[m\x1b[Kformat \xe2\x80\x98\x1b[01m\x1b[K%d\x1b[m\x1b[K\xe2\x80\x99 expects argument of type \xe2\x80\x98\x1b[01m\x1b[Kint\x1b[m\x1b[K\xe2\x80\x99, but argument 5 has type \xe2\x80\x98\x1b[01m\x1b[Kstd::vector<vox_nav_control::common::States>::size_type\x1b[m\x1b[K\xe2\x80\x99 {aka \xe2\x80\x98\x1b[01m\x1b[Klong unsigned int\x1b[m\x1b[K\xe2\x80\x99} [\x1b[01;35m\x1b[K\x1b]8;;https://gcc.gnu.org/onlinedocs/gcc/Warning-Options.html#index-Wformat=\x07-Wformat=\x1b]8;;\x07\x1b[m\x1b[K]\n'}
[11.354430] (vox_nav_control) StderrLine: {'line': b'  525 |         node->get_logger(), \x1b[01;35m\x1b[K"publishTrajStates should publish %d states"\x1b[m\x1b[K, \x1b[32m\x1b[Kreadjusted_states.size()\x1b[m\x1b[K);\n'}
[11.354474] (vox_nav_control) StderrLine: {'line': b'      |                             \x1b[01;35m\x1b[K^~~~~~~~~~~~~~~~~~~~~~~~~~~~~~~~~~~~~~~~~~~~\x1b[m\x1b[K  \x1b[32m\x1b[K~~~~~~~~~~~~~~~~~~~~~~~~\x1b[m\x1b[K\n'}
[11.354515] (vox_nav_control) StderrLine: {'line': b'      |                                                                                                 \x1b[32m\x1b[K|\x1b[m\x1b[K\n'}
[11.354563] (vox_nav_control) StderrLine: {'line': b'      |                                                                                                 \x1b[32m\x1b[Kstd::vector<vox_nav_control::common::States>::size_type {aka long unsigned int}\x1b[m\x1b[K\n'}
[11.354609] (vox_nav_control) StderrLine: {'line': b'In file included from \x1b[01m\x1b[K/home/manish/eiratech_ws/src/vox_nav/vox_nav_control/include/vox_nav_control/plan_refiner_plugins/traversability_based_plan_refiner.hpp:40\x1b[m\x1b[K,\n'}
[11.354652] (vox_nav_control) StderrLine: {'line': b'                 from \x1b[01m\x1b[K/home/manish/eiratech_ws/src/vox_nav/vox_nav_control/src/plan_refiner_plugins/traversability_based_plan_refiner.cpp:15\x1b[m\x1b[K:\n'}
[11.354695] (vox_nav_control) StderrLine: {'line': b'\x1b[01m\x1b[K/home/manish/eiratech_ws/src/vox_nav/vox_nav_control/include/vox_nav_control/common.hpp:525:64:\x1b[m\x1b[K \x1b[01;36m\x1b[Knote: \x1b[m\x1b[Kformat string is defined here\n'}
[11.354737] (vox_nav_control) StderrLine: {'line': b'  525 |         node->get_logger(), "publishTrajStates should publish \x1b[01;36m\x1b[K%d\x1b[m\x1b[K states", readjusted_states.size());\n'}
[11.354779] (vox_nav_control) StderrLine: {'line': b'      |                                                               \x1b[01;36m\x1b[K~^\x1b[m\x1b[K\n'}
[11.354822] (vox_nav_control) StderrLine: {'line': b'      |                                                                \x1b[01;36m\x1b[K|\x1b[m\x1b[K\n'}
[11.354864] (vox_nav_control) StderrLine: {'line': b'      |                                                                \x1b[01;36m\x1b[Kint\x1b[m\x1b[K\n'}
[11.354906] (vox_nav_control) StderrLine: {'line': b'      |                                                               \x1b[32m\x1b[K%ld\x1b[m\x1b[K\n'}
[11.426507] (-) TimerEvent: {}
[11.526786] (-) TimerEvent: {}
[11.627066] (-) TimerEvent: {}
[11.727318] (-) TimerEvent: {}
[11.827601] (-) TimerEvent: {}
[11.927881] (-) TimerEvent: {}
[12.028155] (-) TimerEvent: {}
[12.128439] (-) TimerEvent: {}
[12.228725] (-) TimerEvent: {}
[12.329017] (-) TimerEvent: {}
[12.429306] (-) TimerEvent: {}
[12.529560] (-) TimerEvent: {}
[12.629841] (-) TimerEvent: {}
[12.691435] (vox_nav_control) StderrLine: {'line': b'In file included from \x1b[01m\x1b[K/opt/ros/humble/include/rclcpp/rclcpp/logging.hpp:24\x1b[m\x1b[K,\n'}
[12.691582] (vox_nav_control) StderrLine: {'line': b'                 from \x1b[01m\x1b[K/opt/ros/humble/include/rclcpp/rclcpp/client.hpp:40\x1b[m\x1b[K,\n'}
[12.691636] (vox_nav_control) StderrLine: {'line': b'                 from \x1b[01m\x1b[K/opt/ros/humble/include/rclcpp/rclcpp/callback_group.hpp:24\x1b[m\x1b[K,\n'}
[12.691681] (vox_nav_control) StderrLine: {'line': b'                 from \x1b[01m\x1b[K/opt/ros/humble/include/rclcpp/rclcpp/any_executable.hpp:20\x1b[m\x1b[K,\n'}
[12.691735] (vox_nav_control) StderrLine: {'line': b'                 from \x1b[01m\x1b[K/opt/ros/humble/include/rclcpp/rclcpp/memory_strategy.hpp:25\x1b[m\x1b[K,\n'}
[12.691777] (vox_nav_control) StderrLine: {'line': b'                 from \x1b[01m\x1b[K/opt/ros/humble/include/rclcpp/rclcpp/memory_strategies.hpp:18\x1b[m\x1b[K,\n'}
[12.691820] (vox_nav_control) StderrLine: {'line': b'                 from \x1b[01m\x1b[K/opt/ros/humble/include/rclcpp/rclcpp/executor_options.hpp:20\x1b[m\x1b[K,\n'}
[12.691862] (vox_nav_control) StderrLine: {'line': b'                 from \x1b[01m\x1b[K/opt/ros/humble/include/rclcpp/rclcpp/executor.hpp:37\x1b[m\x1b[K,\n'}
[12.691903] (vox_nav_control) StderrLine: {'line': b'                 from \x1b[01m\x1b[K/opt/ros/humble/include/rclcpp/rclcpp/executors/multi_threaded_executor.hpp:25\x1b[m\x1b[K,\n'}
[12.691945] (vox_nav_control) StderrLine: {'line': b'                 from \x1b[01m\x1b[K/opt/ros/humble/include/rclcpp/rclcpp/executors.hpp:21\x1b[m\x1b[K,\n'}
[12.691986] (vox_nav_control) StderrLine: {'line': b'                 from \x1b[01m\x1b[K/opt/ros/humble/include/rclcpp/rclcpp/rclcpp.hpp:155\x1b[m\x1b[K,\n'}
[12.692028] (vox_nav_control) StderrLine: {'line': b'                 from \x1b[01m\x1b[K/opt/ros/humble/include/tf2_ros/tf2_ros/transform_listener.h:45\x1b[m\x1b[K,\n'}
[12.692069] (vox_nav_control) StderrLine: {'line': b'                 from \x1b[01m\x1b[K/home/manish/eiratech_ws/src/vox_nav/vox_nav_control/include/vox_nav_control/plan_refiner_plugins/traversability_based_plan_refiner.hpp:30\x1b[m\x1b[K,\n'}
[12.692115] (vox_nav_control) StderrLine: {'line': b'                 from \x1b[01m\x1b[K/home/manish/eiratech_ws/src/vox_nav/vox_nav_control/src/plan_refiner_plugins/traversability_based_plan_refiner.cpp:15\x1b[m\x1b[K:\n'}
[12.692157] (vox_nav_control) StderrLine: {'line': b'\x1b[01m\x1b[K/home/manish/eiratech_ws/src/vox_nav/vox_nav_control/src/plan_refiner_plugins/traversability_based_plan_refiner.cpp:\x1b[m\x1b[K In member function \xe2\x80\x98\x1b[01m\x1b[Kvoid vox_nav_control::TraversabilityBasedPlanRefiner::traversabilityMapCallback(sensor_msgs::msg::PointCloud2_<std::allocator<void> >::SharedPtr)\x1b[m\x1b[K\xe2\x80\x99:\n'}
[12.692201] (vox_nav_control) StderrLine: {'line': b'\x1b[01m\x1b[K/home/manish/eiratech_ws/src/vox_nav/vox_nav_control/src/plan_refiner_plugins/traversability_based_plan_refiner.cpp:343:36:\x1b[m\x1b[K \x1b[01;35m\x1b[Kwarning: \x1b[m\x1b[Kformat \xe2\x80\x98\x1b[01m\x1b[K%d\x1b[m\x1b[K\xe2\x80\x99 expects argument of type \xe2\x80\x98\x1b[01m\x1b[Kint\x1b[m\x1b[K\xe2\x80\x99, but argument 5 has type \xe2\x80\x98\x1b[01m\x1b[Kstd::map<unsigned int, std::shared_ptr<pcl::Supervoxel<pcl::PointXYZRGBA> > >::size_type\x1b[m\x1b[K\xe2\x80\x99 {aka \xe2\x80\x98\x1b[01m\x1b[Klong unsigned int\x1b[m\x1b[K\xe2\x80\x99} [\x1b[01;35m\x1b[K\x1b]8;;https://gcc.gnu.org/onlinedocs/gcc/Warning-Options.html#index-Wformat=\x07-Wformat=\x1b]8;;\x07\x1b[m\x1b[K]\n'}
[12.692265] (vox_nav_control) StderrLine: {'line': b'  343 |   RCLCPP_INFO(node_->get_logger(), \x1b[01;35m\x1b[K"Found %d supervoxels"\x1b[m\x1b[K, \x1b[32m\x1b[Ksupervoxel_clusters_.size()\x1b[m\x1b[K);\n'}
[12.692310] (vox_nav_control) StderrLine: {'line': b'      |                                    \x1b[01;35m\x1b[K^~~~~~~~~~~~~~~~~~~~~~\x1b[m\x1b[K  \x1b[32m\x1b[K~~~~~~~~~~~~~~~~~~~~~~~~~~~\x1b[m\x1b[K\n'}
[12.692351] (vox_nav_control) StderrLine: {'line': b'      |                                                                                     \x1b[32m\x1b[K|\x1b[m\x1b[K\n'}
[12.692395] (vox_nav_control) StderrLine: {'line': b'      |                                                                                     \x1b[32m\x1b[Kstd::map<unsigned int, std::shared_ptr<pcl::Supervoxel<pcl::PointXYZRGBA> > >::size_type {aka long unsigned int}\x1b[m\x1b[K\n'}
[12.692440] (vox_nav_control) StderrLine: {'line': b'\x1b[01m\x1b[K/home/manish/eiratech_ws/src/vox_nav/vox_nav_control/src/plan_refiner_plugins/traversability_based_plan_refiner.cpp:343:44:\x1b[m\x1b[K \x1b[01;36m\x1b[Knote: \x1b[m\x1b[Kformat string is defined here\n'}
[12.692485] (vox_nav_control) StderrLine: {'line': b'  343 |   RCLCPP_INFO(node_->get_logger(), "Found \x1b[01;36m\x1b[K%d\x1b[m\x1b[K supervoxels", supervoxel_clusters_.size());\n'}
[12.692527] (vox_nav_control) StderrLine: {'line': b'      |                                           \x1b[01;36m\x1b[K~^\x1b[m\x1b[K\n'}
[12.692568] (vox_nav_control) StderrLine: {'line': b'      |                                            \x1b[01;36m\x1b[K|\x1b[m\x1b[K\n'}
[12.692609] (vox_nav_control) StderrLine: {'line': b'      |                                            \x1b[01;36m\x1b[Kint\x1b[m\x1b[K\n'}
[12.692651] (vox_nav_control) StderrLine: {'line': b'      |                                           \x1b[32m\x1b[K%ld\x1b[m\x1b[K\n'}
[12.729977] (-) TimerEvent: {}
[12.830271] (-) TimerEvent: {}
[12.930513] (-) TimerEvent: {}
[13.030796] (-) TimerEvent: {}
[13.131042] (-) TimerEvent: {}
[13.231296] (-) TimerEvent: {}
[13.331584] (-) TimerEvent: {}
[13.431870] (-) TimerEvent: {}
[13.532124] (-) TimerEvent: {}
[13.632422] (-) TimerEvent: {}
[13.732684] (-) TimerEvent: {}
[13.833005] (-) TimerEvent: {}
[13.933293] (-) TimerEvent: {}
[14.033572] (-) TimerEvent: {}
[14.133816] (-) TimerEvent: {}
[14.234084] (-) TimerEvent: {}
[14.334376] (-) TimerEvent: {}
[14.434633] (-) TimerEvent: {}
[14.534916] (-) TimerEvent: {}
[14.635159] (-) TimerEvent: {}
[14.735448] (-) TimerEvent: {}
[14.835728] (-) TimerEvent: {}
[14.936004] (-) TimerEvent: {}
[15.036282] (-) TimerEvent: {}
[15.136525] (-) TimerEvent: {}
[15.236800] (-) TimerEvent: {}
[15.337045] (-) TimerEvent: {}
[15.437322] (-) TimerEvent: {}
[15.537574] (-) TimerEvent: {}
[15.637809] (-) TimerEvent: {}
[15.738038] (-) TimerEvent: {}
[15.838297] (-) TimerEvent: {}
[15.938532] (-) TimerEvent: {}
[16.038770] (-) TimerEvent: {}
[16.139030] (-) TimerEvent: {}
[16.239291] (-) TimerEvent: {}
[16.339527] (-) TimerEvent: {}
[16.439751] (-) TimerEvent: {}
[16.540032] (-) TimerEvent: {}
[16.640262] (-) TimerEvent: {}
[16.740496] (-) TimerEvent: {}
[16.840735] (-) TimerEvent: {}
[16.941001] (-) TimerEvent: {}
[17.041249] (-) TimerEvent: {}
[17.141494] (-) TimerEvent: {}
[17.241734] (-) TimerEvent: {}
[17.342000] (-) TimerEvent: {}
[17.442230] (-) TimerEvent: {}
[17.542454] (-) TimerEvent: {}
[17.642678] (-) TimerEvent: {}
[17.742943] (-) TimerEvent: {}
[17.843205] (-) TimerEvent: {}
[17.943476] (-) TimerEvent: {}
[18.043740] (-) TimerEvent: {}
[18.144000] (-) TimerEvent: {}
[18.244269] (-) TimerEvent: {}
[18.344527] (-) TimerEvent: {}
[18.444753] (-) TimerEvent: {}
[18.545009] (-) TimerEvent: {}
[18.645260] (-) TimerEvent: {}
[18.745562] (-) TimerEvent: {}
[18.845823] (-) TimerEvent: {}
[18.946096] (-) TimerEvent: {}
[19.046392] (-) TimerEvent: {}
[19.146657] (-) TimerEvent: {}
[19.246885] (-) TimerEvent: {}
[19.347161] (-) TimerEvent: {}
[19.447430] (-) TimerEvent: {}
[19.547696] (-) TimerEvent: {}
[19.647967] (-) TimerEvent: {}
[19.748240] (-) TimerEvent: {}
[19.848503] (-) TimerEvent: {}
[19.948767] (-) TimerEvent: {}
[20.049028] (-) TimerEvent: {}
[20.149293] (-) TimerEvent: {}
[20.249555] (-) TimerEvent: {}
[20.349836] (-) TimerEvent: {}
[20.450074] (-) TimerEvent: {}
[20.550342] (-) TimerEvent: {}
[20.650606] (-) TimerEvent: {}
[20.750832] (-) TimerEvent: {}
[20.851097] (-) TimerEvent: {}
[20.951369] (-) TimerEvent: {}
[21.051645] (-) TimerEvent: {}
[21.151938] (-) TimerEvent: {}
[21.252210] (-) TimerEvent: {}
[21.352492] (-) TimerEvent: {}
[21.452764] (-) TimerEvent: {}
[21.553012] (-) TimerEvent: {}
[21.653313] (-) TimerEvent: {}
[21.731144] (vox_nav_control) StdoutLine: {'line': b'[ 66%] \x1b[32m\x1b[1mLinking CXX shared library liblyapunov_controller.so\x1b[0m\n'}
[21.731949] (vox_nav_control) StdoutLine: {'line': b'/usr/bin/cmake -E cmake_link_script CMakeFiles/lyapunov_controller.dir/link.txt --verbose=1\n'}
[21.737677] (vox_nav_control) StdoutLine: {'line': b'/usr/bin/c++ -fPIC -O3 -DNDEBUG -shared -Wl,-soname,liblyapunov_controller.so -o liblyapunov_controller.so CMakeFiles/lyapunov_controller.dir/src/lyapunov_controller/lyapunov_controller_ros.cpp.o  -Wl,-rpath,/home/manish/eiratech_ws/install/vox_nav_msgs/lib:/home/manish/eiratech_ws/install/vox_nav_utilities/lib:/opt/ros/humble/lib: /home/manish/eiratech_ws/install/vox_nav_msgs/lib/libvox_nav_msgs__rosidl_typesupport_fastrtps_c.so /home/manish/eiratech_ws/install/vox_nav_msgs/lib/libvox_nav_msgs__rosidl_typesupport_fastrtps_cpp.so /home/manish/eiratech_ws/install/vox_nav_msgs/lib/libvox_nav_msgs__rosidl_typesupport_introspection_c.so /home/manish/eiratech_ws/install/vox_nav_msgs/lib/libvox_nav_msgs__rosidl_typesupport_introspection_cpp.so /home/manish/eiratech_ws/install/vox_nav_msgs/lib/libvox_nav_msgs__rosidl_typesupport_cpp.so /home/manish/eiratech_ws/install/vox_nav_msgs/lib/libvox_nav_msgs__rosidl_generator_py.so /home/manish/eiratech_ws/install/vox_nav_utilities/lib/libtf_helpers.so /home/manish/eiratech_ws/install/vox_nav_utilities/lib/libplanner_helpers.so /home/manish/eiratech_ws/install/vox_nav_utilities/lib/libmap_manager_helpers.so /home/manish/eiratech_ws/install/vox_nav_utilities/lib/libgps_waypoint_collector.so /home/manish/eiratech_ws/install/vox_nav_utilities/lib/libelevation_state_space.so /opt/ros/humble/lib/libnav_msgs__rosidl_generator_c.so /opt/ros/humble/lib/libnav_msgs__rosidl_typesupport_fastrtps_c.so /opt/ros/humble/lib/libnav_msgs__rosidl_typesupport_fastrtps_cpp.so /opt/ros/humble/lib/libnav_msgs__rosidl_typesupport_introspection_c.so /opt/ros/humble/lib/libnav_msgs__rosidl_typesupport_c.so /opt/ros/humble/lib/libnav_msgs__rosidl_typesupport_introspection_cpp.so /opt/ros/humble/lib/libnav_msgs__rosidl_typesupport_cpp.so /opt/ros/humble/lib/libnav_msgs__rosidl_generator_py.so /opt/ros/humble/lib/libvision_msgs__rosidl_generator_c.so /opt/ros/humble/lib/libvision_msgs__rosidl_typesupport_fastrtps_c.so /opt/ros/humble/lib/libvision_msgs__rosidl_typesupport_fastrtps_cpp.so /opt/ros/humble/lib/libvision_msgs__rosidl_typesupport_introspection_c.so /opt/ros/humble/lib/libvision_msgs__rosidl_typesupport_c.so /opt/ros/humble/lib/libvision_msgs__rosidl_typesupport_introspection_cpp.so /opt/ros/humble/lib/libvision_msgs__rosidl_typesupport_cpp.so /opt/ros/humble/lib/libvision_msgs__rosidl_generator_py.so /opt/ros/humble/lib/libvision_msgs__rosidl_typesupport_c.so /opt/ros/humble/lib/libtf2.so /opt/ros/humble/lib/libtf2_ros.so /opt/ros/humble/lib/libstatic_transform_broadcaster_node.so /opt/ros/humble/lib/libpcl_ros_tf.a /opt/ros/humble/lib/libstatic_transform_broadcaster_node.so /usr/lib/x86_64-linux-gnu/libpcl_common.so /opt/ros/humble/lib/libpcd_to_pointcloud_lib.so /opt/ros/humble/lib/libcomponent_manager.so /opt/ros/humble/lib/libbuiltin_interfaces__rosidl_generator_c.so /opt/ros/humble/lib/libbuiltin_interfaces__rosidl_typesupport_fastrtps_c.so /opt/ros/humble/lib/libbuiltin_interfaces__rosidl_typesupport_introspection_c.so /opt/ros/humble/lib/libbuiltin_interfaces__rosidl_typesupport_c.so /opt/ros/humble/lib/libbuiltin_interfaces__rosidl_typesupport_fastrtps_cpp.so /opt/ros/humble/lib/libbuiltin_interfaces__rosidl_typesupport_introspection_cpp.so /opt/ros/humble/lib/libbuiltin_interfaces__rosidl_typesupport_cpp.so /opt/ros/humble/lib/libbuiltin_interfaces__rosidl_generator_py.so /opt/ros/humble/lib/librosgraph_msgs__rosidl_generator_c.so /opt/ros/humble/lib/librosgraph_msgs__rosidl_typesupport_fastrtps_c.so /opt/ros/humble/lib/librosgraph_msgs__rosidl_typesupport_fastrtps_cpp.so /opt/ros/humble/lib/librosgraph_msgs__rosidl_typesupport_introspection_c.so /opt/ros/humble/lib/librosgraph_msgs__rosidl_typesupport_c.so /opt/ros/humble/lib/librosgraph_msgs__rosidl_typesupport_introspection_cpp.so /opt/ros/humble/lib/librosgraph_msgs__rosidl_typesupport_cpp.so /opt/ros/humble/lib/librosgraph_msgs__rosidl_generator_py.so /opt/ros/humble/lib/librcl_yaml_param_parser.so /opt/ros/humble/lib/libstatistics_msgs__rosidl_generator_c.so /opt/ros/humble/lib/libstatistics_msgs__rosidl_typesupport_fastrtps_c.so /opt/ros/humble/lib/libstatistics_msgs__rosidl_typesupport_fastrtps_cpp.so /opt/ros/humble/lib/libstatistics_msgs__rosidl_typesupport_introspection_c.so /opt/ros/humble/lib/libstatistics_msgs__rosidl_typesupport_c.so /opt/ros/humble/lib/libstatistics_msgs__rosidl_typesupport_introspection_cpp.so /opt/ros/humble/lib/libstatistics_msgs__rosidl_typesupport_cpp.so /opt/ros/humble/lib/libstatistics_msgs__rosidl_generator_py.so /opt/ros/humble/lib/libtracetools.so /opt/ros/humble/lib/libmessage_filters.so /opt/ros/humble/lib/libpcl_msgs__rosidl_generator_c.so /opt/ros/humble/lib/libpcl_msgs__rosidl_typesupport_fastrtps_c.so /opt/ros/humble/lib/libpcl_msgs__rosidl_typesupport_introspection_c.so /opt/ros/humble/lib/libpcl_msgs__rosidl_typesupport_c.so /opt/ros/humble/lib/libpcl_msgs__rosidl_typesupport_fastrtps_cpp.so /opt/ros/humble/lib/libpcl_msgs__rosidl_typesupport_introspection_cpp.so /opt/ros/humble/lib/libpcl_msgs__rosidl_typesupport_cpp.so /opt/ros/humble/lib/libpcl_msgs__rosidl_generator_py.so /opt/ros/humble/lib/libpcl_msgs__rosidl_typesupport_c.so /opt/ros/humble/lib/librclcpp.so /opt/ros/humble/lib/libsensor_msgs__rosidl_generator_c.so /opt/ros/humble/lib/libsensor_msgs__rosidl_typesupport_fastrtps_c.so /opt/ros/humble/lib/libsensor_msgs__rosidl_typesupport_fastrtps_cpp.so /opt/ros/humble/lib/libsensor_msgs__rosidl_typesupport_introspection_c.so /opt/ros/humble/lib/libsensor_msgs__rosidl_typesupport_c.so /opt/ros/humble/lib/libsensor_msgs__rosidl_typesupport_introspection_cpp.so /opt/ros/humble/lib/libsensor_msgs__rosidl_typesupport_cpp.so /opt/ros/humble/lib/libsensor_msgs__rosidl_generator_py.so /usr/lib/x86_64-linux-gnu/libpcl_io.so /usr/lib/x86_64-linux-gnu/libpcl_segmentation.so /usr/lib/x86_64-linux-gnu/libpcl_surface.so /usr/lib/libOpenNI.so /usr/lib/x86_64-linux-gnu/libOpenNI2.so /usr/lib/x86_64-linux-gnu/libusb-1.0.so /usr/lib/x86_64-linux-gnu/libflann_cpp.so /usr/lib/x86_64-linux-gnu/liboctomap.so /usr/lib/x86_64-linux-gnu/liboctomath.so /opt/ros/humble/lib/libstd_msgs__rosidl_generator_c.so /opt/ros/humble/lib/libstd_msgs__rosidl_typesupport_fastrtps_c.so /opt/ros/humble/lib/libstd_msgs__rosidl_typesupport_fastrtps_cpp.so /opt/ros/humble/lib/libstd_msgs__rosidl_typesupport_introspection_c.so /opt/ros/humble/lib/libstd_msgs__rosidl_typesupport_c.so /opt/ros/humble/lib/libstd_msgs__rosidl_typesupport_introspection_cpp.so /opt/ros/humble/lib/libstd_msgs__rosidl_typesupport_cpp.so /opt/ros/humble/lib/libstd_msgs__rosidl_generator_py.so /opt/ros/humble/lib/libgeometry_msgs__rosidl_generator_c.so /opt/ros/humble/lib/libgeometry_msgs__rosidl_typesupport_fastrtps_c.so /opt/ros/humble/lib/libgeometry_msgs__rosidl_typesupport_introspection_c.so /opt/ros/humble/lib/libgeometry_msgs__rosidl_typesupport_c.so /opt/ros/humble/lib/libgeometry_msgs__rosidl_typesupport_fastrtps_cpp.so /opt/ros/humble/lib/libgeometry_msgs__rosidl_typesupport_introspection_cpp.so /opt/ros/humble/lib/libgeometry_msgs__rosidl_typesupport_cpp.so /opt/ros/humble/lib/libgeometry_msgs__rosidl_generator_py.so /opt/ros/humble/lib/liboctomap_msgs__rosidl_generator_c.so /opt/ros/humble/lib/liboctomap_msgs__rosidl_typesupport_fastrtps_c.so /opt/ros/humble/lib/liboctomap_msgs__rosidl_typesupport_introspection_c.so /opt/ros/humble/lib/liboctomap_msgs__rosidl_typesupport_c.so /opt/ros/humble/lib/liboctomap_msgs__rosidl_typesupport_fastrtps_cpp.so /opt/ros/humble/lib/liboctomap_msgs__rosidl_typesupport_introspection_cpp.so /opt/ros/humble/lib/liboctomap_msgs__rosidl_typesupport_cpp.so /opt/ros/humble/lib/liboctomap_msgs__rosidl_generator_py.so /opt/ros/humble/lib/libvisualization_msgs__rosidl_generator_c.so /opt/ros/humble/lib/libvisualization_msgs__rosidl_typesupport_fastrtps_c.so /opt/ros/humble/lib/libvisualization_msgs__rosidl_typesupport_fastrtps_cpp.so /opt/ros/humble/lib/libvisualization_msgs__rosidl_typesupport_introspection_c.so /opt/ros/humble/lib/libvisualization_msgs__rosidl_typesupport_c.so /opt/ros/humble/lib/libvisualization_msgs__rosidl_typesupport_introspection_cpp.so /opt/ros/humble/lib/libvisualization_msgs__rosidl_typesupport_cpp.so /opt/ros/humble/lib/libvisualization_msgs__rosidl_generator_py.so /opt/ros/humble/lib/libvisualization_msgs__rosidl_typesupport_c.so /opt/ros/humble/lib/libaction_msgs__rosidl_generator_c.so /opt/ros/humble/lib/libaction_msgs__rosidl_typesupport_fastrtps_c.so /opt/ros/humble/lib/libaction_msgs__rosidl_typesupport_fastrtps_cpp.so /opt/ros/humble/lib/libaction_msgs__rosidl_typesupport_introspection_c.so /opt/ros/humble/lib/libaction_msgs__rosidl_typesupport_c.so /opt/ros/humble/lib/libaction_msgs__rosidl_typesupport_introspection_cpp.so /opt/ros/humble/lib/libaction_msgs__rosidl_typesupport_cpp.so /opt/ros/humble/lib/libaction_msgs__rosidl_generator_py.so /opt/ros/humble/lib/librosidl_typesupport_fastrtps_c.so /opt/ros/humble/lib/librmw.so /opt/ros/humble/lib/librosidl_typesupport_fastrtps_cpp.so /opt/ros/humble/lib/librcutils.so -ldl /opt/ros/humble/lib/librcpputils.so /opt/ros/humble/lib/librosidl_typesupport_c.so /opt/ros/humble/lib/librosidl_typesupport_cpp.so /opt/ros/humble/lib/librosidl_runtime_c.so /opt/ros/humble/lib/librosidl_typesupport_introspection_c.so /opt/ros/humble/lib/librosidl_typesupport_introspection_cpp.so /home/manish/eiratech_ws/install/vox_nav_msgs/lib/libvox_nav_msgs__rosidl_generator_c.so /home/manish/eiratech_ws/install/vox_nav_msgs/lib/libvox_nav_msgs__rosidl_typesupport_fastrtps_c.so /opt/ros/humble/lib/libnav_msgs__rosidl_typesupport_fastrtps_c.so /opt/ros/humble/lib/libsensor_msgs__rosidl_typesupport_fastrtps_c.so /opt/ros/humble/lib/libshape_msgs__rosidl_typesupport_fastrtps_c.so /opt/ros/humble/lib/liboctomap_msgs__rosidl_typesupport_fastrtps_c.so /home/manish/eiratech_ws/install/vox_nav_msgs/lib/libvox_nav_msgs__rosidl_typesupport_fastrtps_cpp.so /opt/ros/humble/lib/libnav_msgs__rosidl_typesupport_fastrtps_cpp.so /opt/ros/humble/lib/libsensor_msgs__rosidl_typesupport_fastrtps_cpp.so /opt/ros/humble/lib/libshape_msgs__rosidl_typesupport_fastrtps_cpp.so /opt/ros/humble/lib/liboctomap_msgs__rosidl_typesupport_fastrtps_cpp.so /home/manish/eiratech_ws/install/vox_nav_msgs/lib/libvox_nav_msgs__rosidl_typesupport_introspection_c.so /opt/ros/humble/lib/libnav_msgs__rosidl_typesupport_introspection_c.so /opt/ros/humble/lib/libsensor_msgs__rosidl_typesupport_introspection_c.so /opt/ros/humble/lib/libshape_msgs__rosidl_typesupport_introspection_c.so /opt/ros/humble/lib/liboctomap_msgs__rosidl_typesupport_introspection_c.so /home/manish/eiratech_ws/install/vox_nav_msgs/lib/libvox_nav_msgs__rosidl_typesupport_c.so /home/manish/eiratech_ws/install/vox_nav_msgs/lib/libvox_nav_msgs__rosidl_typesupport_introspection_cpp.so /opt/ros/humble/lib/libnav_msgs__rosidl_typesupport_introspection_cpp.so /opt/ros/humble/lib/libsensor_msgs__rosidl_typesupport_introspection_cpp.so /opt/ros/humble/lib/libshape_msgs__rosidl_typesupport_introspection_cpp.so /opt/ros/humble/lib/liboctomap_msgs__rosidl_typesupport_introspection_cpp.so /home/manish/eiratech_ws/install/vox_nav_msgs/lib/libvox_nav_msgs__rosidl_typesupport_cpp.so /opt/ros/humble/lib/libnav_msgs__rosidl_typesupport_cpp.so /opt/ros/humble/lib/libsensor_msgs__rosidl_typesupport_cpp.so /opt/ros/humble/lib/libshape_msgs__rosidl_typesupport_cpp.so /opt/ros/humble/lib/liboctomap_msgs__rosidl_typesupport_cpp.so /home/manish/eiratech_ws/install/vox_nav_msgs/lib/libvox_nav_msgs__rosidl_generator_py.so /usr/lib/x86_64-linux-gnu/libpython3.10.so /home/manish/eiratech_ws/install/vox_nav_msgs/lib/libvox_nav_msgs__rosidl_typesupport_c.so /opt/ros/humble/lib/libnav_msgs__rosidl_generator_py.so /opt/ros/humble/lib/libsensor_msgs__rosidl_generator_py.so /opt/ros/humble/lib/libshape_msgs__rosidl_generator_py.so /opt/ros/humble/lib/liboctomap_msgs__rosidl_generator_py.so /usr/lib/x86_64-linux-gnu/libompl.so /usr/lib/x86_64-linux-gnu/libboost_serialization.so /usr/lib/x86_64-linux-gnu/libboost_filesystem.so /usr/lib/x86_64-linux-gnu/libboost_system.so -lode /usr/lib/x86_64-linux-gnu/libtinyxml2.so /opt/ros/humble/lib/libtf2_ros.so /opt/ros/humble/lib/libtf2.so /opt/ros/humble/lib/libmessage_filters.so /opt/ros/humble/lib/librclcpp_action.so /opt/ros/humble/lib/librcl_action.so /opt/ros/humble/lib/libtf2_msgs__rosidl_typesupport_fastrtps_c.so /opt/ros/humble/lib/libtf2_msgs__rosidl_typesupport_introspection_c.so /opt/ros/humble/lib/libtf2_msgs__rosidl_typesupport_fastrtps_cpp.so /opt/ros/humble/lib/libtf2_msgs__rosidl_typesupport_introspection_cpp.so /opt/ros/humble/lib/libtf2_msgs__rosidl_typesupport_cpp.so /opt/ros/humble/lib/libtf2_msgs__rosidl_generator_py.so /opt/ros/humble/lib/libtf2_msgs__rosidl_typesupport_c.so /opt/ros/humble/lib/libtf2_msgs__rosidl_generator_c.so /usr/lib/x86_64-linux-gnu/liborocos-kdl.so /opt/ros/humble/lib/libgeometry_msgs__rosidl_typesupport_fastrtps_c.so /opt/ros/humble/lib/libstd_msgs__rosidl_typesupport_fastrtps_c.so /opt/ros/humble/lib/libaction_msgs__rosidl_typesupport_fastrtps_c.so /opt/ros/humble/lib/libunique_identifier_msgs__rosidl_typesupport_fastrtps_c.so /opt/ros/humble/lib/libgeometry_msgs__rosidl_typesupport_fastrtps_cpp.so /opt/ros/humble/lib/libstd_msgs__rosidl_typesupport_fastrtps_cpp.so /opt/ros/humble/lib/libaction_msgs__rosidl_typesupport_fastrtps_cpp.so /opt/ros/humble/lib/libunique_identifier_msgs__rosidl_typesupport_fastrtps_cpp.so /opt/ros/humble/lib/libgeometry_msgs__rosidl_typesupport_introspection_c.so /opt/ros/humble/lib/libstd_msgs__rosidl_typesupport_introspection_c.so /opt/ros/humble/lib/libaction_msgs__rosidl_typesupport_introspection_c.so /opt/ros/humble/lib/libunique_identifier_msgs__rosidl_typesupport_introspection_c.so /opt/ros/humble/lib/libgeometry_msgs__rosidl_typesupport_introspection_cpp.so /opt/ros/humble/lib/libstd_msgs__rosidl_typesupport_introspection_cpp.so /opt/ros/humble/lib/libaction_msgs__rosidl_typesupport_introspection_cpp.so /opt/ros/humble/lib/libunique_identifier_msgs__rosidl_typesupport_introspection_cpp.so /opt/ros/humble/lib/libaction_msgs__rosidl_typesupport_cpp.so /opt/ros/humble/lib/libunique_identifier_msgs__rosidl_typesupport_cpp.so /opt/ros/humble/lib/libnav_msgs__rosidl_typesupport_c.so /home/manish/eiratech_ws/install/vox_nav_msgs/lib/libvox_nav_msgs__rosidl_generator_c.so /opt/ros/humble/lib/libnav_msgs__rosidl_generator_c.so /opt/ros/humble/lib/libshape_msgs__rosidl_typesupport_c.so /opt/ros/humble/lib/libshape_msgs__rosidl_generator_c.so /opt/ros/humble/lib/libgeometry_msgs__rosidl_generator_py.so /opt/ros/humble/lib/liboctomap_msgs__rosidl_typesupport_c.so /opt/ros/humble/lib/liboctomap_msgs__rosidl_generator_c.so /opt/ros/humble/lib/libstd_msgs__rosidl_generator_py.so /opt/ros/humble/lib/libaction_msgs__rosidl_generator_py.so /opt/ros/humble/lib/libaction_msgs__rosidl_typesupport_c.so /opt/ros/humble/lib/libaction_msgs__rosidl_generator_c.so /opt/ros/humble/lib/libunique_identifier_msgs__rosidl_generator_py.so /opt/ros/humble/lib/libunique_identifier_msgs__rosidl_typesupport_c.so /opt/ros/humble/lib/libunique_identifier_msgs__rosidl_generator_c.so /opt/ros/humble/lib/libvision_msgs__rosidl_generator_c.so /opt/ros/humble/lib/librclcpp.so /opt/ros/humble/lib/liblibstatistics_collector.so /opt/ros/humble/lib/librcl.so /opt/ros/humble/lib/librmw_implementation.so /opt/ros/humble/lib/librcl_logging_spdlog.so /opt/ros/humble/lib/librcl_logging_interface.so /opt/ros/humble/lib/librcl_yaml_param_parser.so /opt/ros/humble/lib/libyaml.so /opt/ros/humble/lib/librosgraph_msgs__rosidl_typesupport_fastrtps_c.so /opt/ros/humble/lib/librosgraph_msgs__rosidl_typesupport_fastrtps_cpp.so /opt/ros/humble/lib/librosgraph_msgs__rosidl_typesupport_introspection_c.so /opt/ros/humble/lib/librosgraph_msgs__rosidl_typesupport_introspection_cpp.so /opt/ros/humble/lib/librosgraph_msgs__rosidl_typesupport_cpp.so /opt/ros/humble/lib/librosgraph_msgs__rosidl_generator_py.so /opt/ros/humble/lib/librosgraph_msgs__rosidl_typesupport_c.so /opt/ros/humble/lib/librosgraph_msgs__rosidl_generator_c.so /opt/ros/humble/lib/libstatistics_msgs__rosidl_typesupport_fastrtps_c.so /opt/ros/humble/lib/libstatistics_msgs__rosidl_typesupport_fastrtps_cpp.so /opt/ros/humble/lib/libstatistics_msgs__rosidl_typesupport_introspection_c.so /opt/ros/humble/lib/libstatistics_msgs__rosidl_typesupport_introspection_cpp.so /opt/ros/humble/lib/libstatistics_msgs__rosidl_typesupport_cpp.so /opt/ros/humble/lib/libstatistics_msgs__rosidl_generator_py.so /opt/ros/humble/lib/libstatistics_msgs__rosidl_typesupport_c.so /opt/ros/humble/lib/libstatistics_msgs__rosidl_generator_c.so /opt/ros/humble/lib/libtracetools.so /opt/ros/humble/lib/libament_index_cpp.so /opt/ros/humble/lib/libclass_loader.so /usr/lib/x86_64-linux-gnu/libconsole_bridge.so.1.0 /opt/ros/humble/lib/libcomposition_interfaces__rosidl_typesupport_fastrtps_c.so /opt/ros/humble/lib/librcl_interfaces__rosidl_typesupport_fastrtps_c.so /opt/ros/humble/lib/libbuiltin_interfaces__rosidl_typesupport_fastrtps_c.so /opt/ros/humble/lib/librosidl_typesupport_fastrtps_c.so /opt/ros/humble/lib/libcomposition_interfaces__rosidl_typesupport_introspection_c.so /opt/ros/humble/lib/librcl_interfaces__rosidl_typesupport_introspection_c.so /opt/ros/humble/lib/libbuiltin_interfaces__rosidl_typesupport_introspection_c.so /opt/ros/humble/lib/libcomposition_interfaces__rosidl_typesupport_fastrtps_cpp.so /opt/ros/humble/lib/librcl_interfaces__rosidl_typesupport_fastrtps_cpp.so /opt/ros/humble/lib/libbuiltin_interfaces__rosidl_typesupport_fastrtps_cpp.so /opt/ros/humble/lib/librosidl_typesupport_fastrtps_cpp.so /opt/ros/humble/lib/libfastcdr.so.1.0.24 /opt/ros/humble/lib/librmw.so /opt/ros/humble/lib/libcomposition_interfaces__rosidl_typesupport_introspection_cpp.so /opt/ros/humble/lib/librcl_interfaces__rosidl_typesupport_introspection_cpp.so /opt/ros/humble/lib/libbuiltin_interfaces__rosidl_typesupport_introspection_cpp.so /opt/ros/humble/lib/librosidl_typesupport_introspection_cpp.so /opt/ros/humble/lib/librosidl_typesupport_introspection_c.so /opt/ros/humble/lib/libcomposition_interfaces__rosidl_typesupport_cpp.so /opt/ros/humble/lib/librcl_interfaces__rosidl_typesupport_cpp.so /opt/ros/humble/lib/libcomposition_interfaces__rosidl_generator_py.so /opt/ros/humble/lib/librcl_interfaces__rosidl_generator_py.so /opt/ros/humble/lib/libbuiltin_interfaces__rosidl_generator_py.so /usr/lib/x86_64-linux-gnu/libpython3.10.so /opt/ros/humble/lib/libcomposition_interfaces__rosidl_typesupport_c.so /opt/ros/humble/lib/librcl_interfaces__rosidl_typesupport_c.so /opt/ros/humble/lib/libcomposition_interfaces__rosidl_generator_c.so /opt/ros/humble/lib/librcl_interfaces__rosidl_generator_c.so /opt/ros/humble/lib/libgeometry_msgs__rosidl_typesupport_cpp.so /opt/ros/humble/lib/libstd_msgs__rosidl_typesupport_cpp.so /opt/ros/humble/lib/libbuiltin_interfaces__rosidl_typesupport_cpp.so /opt/ros/humble/lib/librosidl_typesupport_cpp.so /opt/ros/humble/lib/libpcl_msgs__rosidl_generator_c.so /usr/lib/x86_64-linux-gnu/libpng.so /usr/lib/x86_64-linux-gnu/libz.so /usr/lib/x86_64-linux-gnu/libpcl_features.so /usr/lib/x86_64-linux-gnu/libpcl_filters.so /usr/lib/x86_64-linux-gnu/libpcl_sample_consensus.so /usr/lib/x86_64-linux-gnu/libpcl_ml.so /usr/lib/x86_64-linux-gnu/libpcl_search.so /usr/lib/x86_64-linux-gnu/libpcl_kdtree.so /usr/lib/x86_64-linux-gnu/libpcl_octree.so /usr/lib/x86_64-linux-gnu/libpcl_common.so /usr/lib/x86_64-linux-gnu/libboost_system.so.1.74.0 /usr/lib/x86_64-linux-gnu/libboost_filesystem.so.1.74.0 /usr/lib/x86_64-linux-gnu/libboost_date_time.so.1.74.0 /usr/lib/x86_64-linux-gnu/libboost_iostreams.so.1.74.0 /usr/lib/x86_64-linux-gnu/libboost_serialization.so.1.74.0 /usr/lib/x86_64-linux-gnu/libvtkChartsCore-9.1.so.9.1.0 /usr/lib/x86_64-linux-gnu/libvtkInteractionImage-9.1.so.9.1.0 /usr/lib/x86_64-linux-gnu/libvtkIOGeometry-9.1.so.9.1.0 /usr/lib/x86_64-linux-gnu/libjsoncpp.so /usr/lib/x86_64-linux-gnu/libvtkIOPLY-9.1.so.9.1.0 /usr/lib/x86_64-linux-gnu/libvtkRenderingLOD-9.1.so.9.1.0 /usr/lib/x86_64-linux-gnu/libvtkViewsContext2D-9.1.so.9.1.0 /usr/lib/x86_64-linux-gnu/libvtkViewsCore-9.1.so.9.1.0 /usr/lib/x86_64-linux-gnu/libvtkGUISupportQt-9.1.so.9.1.0 /usr/lib/x86_64-linux-gnu/libvtkInteractionWidgets-9.1.so.9.1.0 /usr/lib/x86_64-linux-gnu/libvtkFiltersModeling-9.1.so.9.1.0 /usr/lib/x86_64-linux-gnu/libvtkInteractionStyle-9.1.so.9.1.0 /usr/lib/x86_64-linux-gnu/libvtkFiltersExtraction-9.1.so.9.1.0 /usr/lib/x86_64-linux-gnu/libvtkIOLegacy-9.1.so.9.1.0 /usr/lib/x86_64-linux-gnu/libvtkIOCore-9.1.so.9.1.0 /usr/lib/x86_64-linux-gnu/libvtkRenderingAnnotation-9.1.so.9.1.0 /usr/lib/x86_64-linux-gnu/libvtkRenderingContext2D-9.1.so.9.1.0 /usr/lib/x86_64-linux-gnu/libvtkRenderingFreeType-9.1.so.9.1.0 /usr/lib/x86_64-linux-gnu/libfreetype.so /usr/lib/x86_64-linux-gnu/libvtkImagingSources-9.1.so.9.1.0 /usr/lib/x86_64-linux-gnu/libvtkIOImage-9.1.so.9.1.0 /usr/lib/x86_64-linux-gnu/libvtkImagingCore-9.1.so.9.1.0 /usr/lib/x86_64-linux-gnu/libvtkRenderingOpenGL2-9.1.so.9.1.0 /usr/lib/x86_64-linux-gnu/libvtkRenderingUI-9.1.so.9.1.0 /usr/lib/x86_64-linux-gnu/libvtkRenderingCore-9.1.so.9.1.0 /usr/lib/x86_64-linux-gnu/libvtkCommonColor-9.1.so.9.1.0 /usr/lib/x86_64-linux-gnu/libvtkFiltersGeometry-9.1.so.9.1.0 /usr/lib/x86_64-linux-gnu/libvtkFiltersSources-9.1.so.9.1.0 /usr/lib/x86_64-linux-gnu/libvtkFiltersGeneral-9.1.so.9.1.0 /usr/lib/x86_64-linux-gnu/libvtkCommonComputationalGeometry-9.1.so.9.1.0 /usr/lib/x86_64-linux-gnu/libvtkFiltersCore-9.1.so.9.1.0 /usr/lib/x86_64-linux-gnu/libvtkCommonExecutionModel-9.1.so.9.1.0 /usr/lib/x86_64-linux-gnu/libvtkCommonDataModel-9.1.so.9.1.0 /usr/lib/x86_64-linux-gnu/libvtkCommonMisc-9.1.so.9.1.0 /usr/lib/x86_64-linux-gnu/libvtkCommonTransforms-9.1.so.9.1.0 /usr/lib/x86_64-linux-gnu/libvtkCommonMath-9.1.so.9.1.0 /usr/lib/x86_64-linux-gnu/libvtkkissfft-9.1.so.9.1.0 /usr/lib/x86_64-linux-gnu/libGLEW.so /usr/lib/x86_64-linux-gnu/libX11.so /usr/lib/x86_64-linux-gnu/libQt5OpenGL.so.5.15.3 /usr/lib/x86_64-linux-gnu/libQt5Widgets.so.5.15.3 /usr/lib/x86_64-linux-gnu/libQt5Gui.so.5.15.3 /usr/lib/x86_64-linux-gnu/libQt5Core.so.5.15.3 /usr/lib/x86_64-linux-gnu/libvtkCommonCore-9.1.so.9.1.0 /usr/lib/x86_64-linux-gnu/libtbb.so.12.5 /usr/lib/x86_64-linux-gnu/libvtksys-9.1.so.9.1.0 -llz4 /usr/lib/x86_64-linux-gnu/libqhull_r.so.8.0.2 -lm /opt/ros/humble/lib/libvisualization_msgs__rosidl_generator_c.so /opt/ros/humble/lib/libsensor_msgs__rosidl_typesupport_c.so /opt/ros/humble/lib/libgeometry_msgs__rosidl_typesupport_c.so /opt/ros/humble/lib/libsensor_msgs__rosidl_generator_c.so /opt/ros/humble/lib/libgeometry_msgs__rosidl_generator_c.so /opt/ros/humble/lib/libstd_msgs__rosidl_typesupport_c.so /opt/ros/humble/lib/libstd_msgs__rosidl_generator_c.so /opt/ros/humble/lib/libbuiltin_interfaces__rosidl_typesupport_c.so /opt/ros/humble/lib/librosidl_typesupport_c.so /opt/ros/humble/lib/librcpputils.so /opt/ros/humble/lib/libbuiltin_interfaces__rosidl_generator_c.so /opt/ros/humble/lib/librosidl_runtime_c.so /opt/ros/humble/lib/librcutils.so -ldl \n'}
[21.753400] (-) TimerEvent: {}
[21.853628] (-) TimerEvent: {}
[21.953876] (-) TimerEvent: {}
[21.957115] (vox_nav_control) StdoutLine: {'line': b'[ 77%] \x1b[32m\x1b[1mLinking CXX shared library libmpc_controller_casadi.so\x1b[0m\n'}
[21.957917] (vox_nav_control) StdoutLine: {'line': b'/usr/bin/cmake -E cmake_link_script CMakeFiles/mpc_controller_casadi.dir/link.txt --verbose=1\n'}
[21.963317] (vox_nav_control) StdoutLine: {'line': b'/usr/bin/c++ -fPIC -O3 -DNDEBUG -shared -Wl,-soname,libmpc_controller_casadi.so -o libmpc_controller_casadi.so CMakeFiles/mpc_controller_casadi.dir/src/mpc_controller_casadi/mpc_controller_casadi_ros.cpp.o CMakeFiles/mpc_controller_casadi.dir/src/mpc_controller_casadi/mpc_controller_casadi_core.cpp.o  -Wl,-rpath,/home/manish/eiratech_ws/install/vox_nav_msgs/lib:/home/manish/eiratech_ws/install/vox_nav_utilities/lib:/opt/ros/humble/lib:/usr/local/lib: /home/manish/eiratech_ws/install/vox_nav_msgs/lib/libvox_nav_msgs__rosidl_typesupport_fastrtps_c.so /home/manish/eiratech_ws/install/vox_nav_msgs/lib/libvox_nav_msgs__rosidl_typesupport_fastrtps_cpp.so /home/manish/eiratech_ws/install/vox_nav_msgs/lib/libvox_nav_msgs__rosidl_typesupport_introspection_c.so /home/manish/eiratech_ws/install/vox_nav_msgs/lib/libvox_nav_msgs__rosidl_typesupport_introspection_cpp.so /home/manish/eiratech_ws/install/vox_nav_msgs/lib/libvox_nav_msgs__rosidl_typesupport_cpp.so /home/manish/eiratech_ws/install/vox_nav_msgs/lib/libvox_nav_msgs__rosidl_generator_py.so /home/manish/eiratech_ws/install/vox_nav_utilities/lib/libtf_helpers.so /home/manish/eiratech_ws/install/vox_nav_utilities/lib/libplanner_helpers.so /home/manish/eiratech_ws/install/vox_nav_utilities/lib/libmap_manager_helpers.so /home/manish/eiratech_ws/install/vox_nav_utilities/lib/libgps_waypoint_collector.so /home/manish/eiratech_ws/install/vox_nav_utilities/lib/libelevation_state_space.so /opt/ros/humble/lib/libnav_msgs__rosidl_generator_c.so /opt/ros/humble/lib/libnav_msgs__rosidl_typesupport_fastrtps_c.so /opt/ros/humble/lib/libnav_msgs__rosidl_typesupport_fastrtps_cpp.so /opt/ros/humble/lib/libnav_msgs__rosidl_typesupport_introspection_c.so /opt/ros/humble/lib/libnav_msgs__rosidl_typesupport_c.so /opt/ros/humble/lib/libnav_msgs__rosidl_typesupport_introspection_cpp.so /opt/ros/humble/lib/libnav_msgs__rosidl_typesupport_cpp.so /opt/ros/humble/lib/libnav_msgs__rosidl_generator_py.so /opt/ros/humble/lib/libvision_msgs__rosidl_generator_c.so /opt/ros/humble/lib/libvision_msgs__rosidl_typesupport_fastrtps_c.so /opt/ros/humble/lib/libvision_msgs__rosidl_typesupport_fastrtps_cpp.so /opt/ros/humble/lib/libvision_msgs__rosidl_typesupport_introspection_c.so /opt/ros/humble/lib/libvision_msgs__rosidl_typesupport_c.so /opt/ros/humble/lib/libvision_msgs__rosidl_typesupport_introspection_cpp.so /opt/ros/humble/lib/libvision_msgs__rosidl_typesupport_cpp.so /opt/ros/humble/lib/libvision_msgs__rosidl_generator_py.so /opt/ros/humble/lib/libvision_msgs__rosidl_typesupport_c.so /opt/ros/humble/lib/libtf2.so /opt/ros/humble/lib/libtf2_ros.so /opt/ros/humble/lib/libstatic_transform_broadcaster_node.so /opt/ros/humble/lib/libpcl_ros_tf.a /opt/ros/humble/lib/libstatic_transform_broadcaster_node.so /usr/lib/x86_64-linux-gnu/libpcl_common.so /opt/ros/humble/lib/libpcd_to_pointcloud_lib.so /opt/ros/humble/lib/libcomponent_manager.so /opt/ros/humble/lib/libbuiltin_interfaces__rosidl_generator_c.so /opt/ros/humble/lib/libbuiltin_interfaces__rosidl_typesupport_fastrtps_c.so /opt/ros/humble/lib/libbuiltin_interfaces__rosidl_typesupport_introspection_c.so /opt/ros/humble/lib/libbuiltin_interfaces__rosidl_typesupport_c.so /opt/ros/humble/lib/libbuiltin_interfaces__rosidl_typesupport_fastrtps_cpp.so /opt/ros/humble/lib/libbuiltin_interfaces__rosidl_typesupport_introspection_cpp.so /opt/ros/humble/lib/libbuiltin_interfaces__rosidl_typesupport_cpp.so /opt/ros/humble/lib/libbuiltin_interfaces__rosidl_generator_py.so /opt/ros/humble/lib/librosgraph_msgs__rosidl_generator_c.so /opt/ros/humble/lib/librosgraph_msgs__rosidl_typesupport_fastrtps_c.so /opt/ros/humble/lib/librosgraph_msgs__rosidl_typesupport_fastrtps_cpp.so /opt/ros/humble/lib/librosgraph_msgs__rosidl_typesupport_introspection_c.so /opt/ros/humble/lib/librosgraph_msgs__rosidl_typesupport_c.so /opt/ros/humble/lib/librosgraph_msgs__rosidl_typesupport_introspection_cpp.so /opt/ros/humble/lib/librosgraph_msgs__rosidl_typesupport_cpp.so /opt/ros/humble/lib/librosgraph_msgs__rosidl_generator_py.so /opt/ros/humble/lib/librcl_yaml_param_parser.so /opt/ros/humble/lib/libstatistics_msgs__rosidl_generator_c.so /opt/ros/humble/lib/libstatistics_msgs__rosidl_typesupport_fastrtps_c.so /opt/ros/humble/lib/libstatistics_msgs__rosidl_typesupport_fastrtps_cpp.so /opt/ros/humble/lib/libstatistics_msgs__rosidl_typesupport_introspection_c.so /opt/ros/humble/lib/libstatistics_msgs__rosidl_typesupport_c.so /opt/ros/humble/lib/libstatistics_msgs__rosidl_typesupport_introspection_cpp.so /opt/ros/humble/lib/libstatistics_msgs__rosidl_typesupport_cpp.so /opt/ros/humble/lib/libstatistics_msgs__rosidl_generator_py.so /opt/ros/humble/lib/libtracetools.so /opt/ros/humble/lib/libmessage_filters.so /opt/ros/humble/lib/libpcl_msgs__rosidl_generator_c.so /opt/ros/humble/lib/libpcl_msgs__rosidl_typesupport_fastrtps_c.so /opt/ros/humble/lib/libpcl_msgs__rosidl_typesupport_introspection_c.so /opt/ros/humble/lib/libpcl_msgs__rosidl_typesupport_c.so /opt/ros/humble/lib/libpcl_msgs__rosidl_typesupport_fastrtps_cpp.so /opt/ros/humble/lib/libpcl_msgs__rosidl_typesupport_introspection_cpp.so /opt/ros/humble/lib/libpcl_msgs__rosidl_typesupport_cpp.so /opt/ros/humble/lib/libpcl_msgs__rosidl_generator_py.so /opt/ros/humble/lib/libpcl_msgs__rosidl_typesupport_c.so /opt/ros/humble/lib/librclcpp.so /opt/ros/humble/lib/libsensor_msgs__rosidl_generator_c.so /opt/ros/humble/lib/libsensor_msgs__rosidl_typesupport_fastrtps_c.so /opt/ros/humble/lib/libsensor_msgs__rosidl_typesupport_fastrtps_cpp.so /opt/ros/humble/lib/libsensor_msgs__rosidl_typesupport_introspection_c.so /opt/ros/humble/lib/libsensor_msgs__rosidl_typesupport_c.so /opt/ros/humble/lib/libsensor_msgs__rosidl_typesupport_introspection_cpp.so /opt/ros/humble/lib/libsensor_msgs__rosidl_typesupport_cpp.so /opt/ros/humble/lib/libsensor_msgs__rosidl_generator_py.so /usr/lib/x86_64-linux-gnu/libpcl_io.so /usr/lib/x86_64-linux-gnu/libpcl_segmentation.so /usr/lib/x86_64-linux-gnu/libpcl_surface.so /usr/lib/libOpenNI.so /usr/lib/x86_64-linux-gnu/libOpenNI2.so /usr/lib/x86_64-linux-gnu/libusb-1.0.so /usr/lib/x86_64-linux-gnu/libflann_cpp.so /usr/lib/x86_64-linux-gnu/liboctomap.so /usr/lib/x86_64-linux-gnu/liboctomath.so /opt/ros/humble/lib/libstd_msgs__rosidl_generator_c.so /opt/ros/humble/lib/libstd_msgs__rosidl_typesupport_fastrtps_c.so /opt/ros/humble/lib/libstd_msgs__rosidl_typesupport_fastrtps_cpp.so /opt/ros/humble/lib/libstd_msgs__rosidl_typesupport_introspection_c.so /opt/ros/humble/lib/libstd_msgs__rosidl_typesupport_c.so /opt/ros/humble/lib/libstd_msgs__rosidl_typesupport_introspection_cpp.so /opt/ros/humble/lib/libstd_msgs__rosidl_typesupport_cpp.so /opt/ros/humble/lib/libstd_msgs__rosidl_generator_py.so /opt/ros/humble/lib/libgeometry_msgs__rosidl_generator_c.so /opt/ros/humble/lib/libgeometry_msgs__rosidl_typesupport_fastrtps_c.so /opt/ros/humble/lib/libgeometry_msgs__rosidl_typesupport_introspection_c.so /opt/ros/humble/lib/libgeometry_msgs__rosidl_typesupport_c.so /opt/ros/humble/lib/libgeometry_msgs__rosidl_typesupport_fastrtps_cpp.so /opt/ros/humble/lib/libgeometry_msgs__rosidl_typesupport_introspection_cpp.so /opt/ros/humble/lib/libgeometry_msgs__rosidl_typesupport_cpp.so /opt/ros/humble/lib/libgeometry_msgs__rosidl_generator_py.so /opt/ros/humble/lib/liboctomap_msgs__rosidl_generator_c.so /opt/ros/humble/lib/liboctomap_msgs__rosidl_typesupport_fastrtps_c.so /opt/ros/humble/lib/liboctomap_msgs__rosidl_typesupport_introspection_c.so /opt/ros/humble/lib/liboctomap_msgs__rosidl_typesupport_c.so /opt/ros/humble/lib/liboctomap_msgs__rosidl_typesupport_fastrtps_cpp.so /opt/ros/humble/lib/liboctomap_msgs__rosidl_typesupport_introspection_cpp.so /opt/ros/humble/lib/liboctomap_msgs__rosidl_typesupport_cpp.so /opt/ros/humble/lib/liboctomap_msgs__rosidl_generator_py.so /opt/ros/humble/lib/libvisualization_msgs__rosidl_generator_c.so /opt/ros/humble/lib/libvisualization_msgs__rosidl_typesupport_fastrtps_c.so /opt/ros/humble/lib/libvisualization_msgs__rosidl_typesupport_fastrtps_cpp.so /opt/ros/humble/lib/libvisualization_msgs__rosidl_typesupport_introspection_c.so /opt/ros/humble/lib/libvisualization_msgs__rosidl_typesupport_c.so /opt/ros/humble/lib/libvisualization_msgs__rosidl_typesupport_introspection_cpp.so /opt/ros/humble/lib/libvisualization_msgs__rosidl_typesupport_cpp.so /opt/ros/humble/lib/libvisualization_msgs__rosidl_generator_py.so /opt/ros/humble/lib/libvisualization_msgs__rosidl_typesupport_c.so /opt/ros/humble/lib/libaction_msgs__rosidl_generator_c.so /opt/ros/humble/lib/libaction_msgs__rosidl_typesupport_fastrtps_c.so /opt/ros/humble/lib/libaction_msgs__rosidl_typesupport_fastrtps_cpp.so /opt/ros/humble/lib/libaction_msgs__rosidl_typesupport_introspection_c.so /opt/ros/humble/lib/libaction_msgs__rosidl_typesupport_c.so /opt/ros/humble/lib/libaction_msgs__rosidl_typesupport_introspection_cpp.so /opt/ros/humble/lib/libaction_msgs__rosidl_typesupport_cpp.so /opt/ros/humble/lib/libaction_msgs__rosidl_generator_py.so /opt/ros/humble/lib/librosidl_typesupport_fastrtps_c.so /opt/ros/humble/lib/librmw.so /opt/ros/humble/lib/librosidl_typesupport_fastrtps_cpp.so /opt/ros/humble/lib/librcutils.so -ldl /opt/ros/humble/lib/librcpputils.so /opt/ros/humble/lib/librosidl_typesupport_c.so /opt/ros/humble/lib/librosidl_typesupport_cpp.so /opt/ros/humble/lib/librosidl_runtime_c.so /opt/ros/humble/lib/librosidl_typesupport_introspection_c.so /opt/ros/humble/lib/librosidl_typesupport_introspection_cpp.so /home/manish/eiratech_ws/install/vox_nav_msgs/lib/libvox_nav_msgs__rosidl_generator_c.so /home/manish/eiratech_ws/install/vox_nav_msgs/lib/libvox_nav_msgs__rosidl_typesupport_fastrtps_c.so /opt/ros/humble/lib/libnav_msgs__rosidl_typesupport_fastrtps_c.so /opt/ros/humble/lib/libsensor_msgs__rosidl_typesupport_fastrtps_c.so /opt/ros/humble/lib/libshape_msgs__rosidl_typesupport_fastrtps_c.so /opt/ros/humble/lib/liboctomap_msgs__rosidl_typesupport_fastrtps_c.so /home/manish/eiratech_ws/install/vox_nav_msgs/lib/libvox_nav_msgs__rosidl_typesupport_fastrtps_cpp.so /opt/ros/humble/lib/libnav_msgs__rosidl_typesupport_fastrtps_cpp.so /opt/ros/humble/lib/libsensor_msgs__rosidl_typesupport_fastrtps_cpp.so /opt/ros/humble/lib/libshape_msgs__rosidl_typesupport_fastrtps_cpp.so /opt/ros/humble/lib/liboctomap_msgs__rosidl_typesupport_fastrtps_cpp.so /home/manish/eiratech_ws/install/vox_nav_msgs/lib/libvox_nav_msgs__rosidl_typesupport_introspection_c.so /opt/ros/humble/lib/libnav_msgs__rosidl_typesupport_introspection_c.so /opt/ros/humble/lib/libsensor_msgs__rosidl_typesupport_introspection_c.so /opt/ros/humble/lib/libshape_msgs__rosidl_typesupport_introspection_c.so /opt/ros/humble/lib/liboctomap_msgs__rosidl_typesupport_introspection_c.so /home/manish/eiratech_ws/install/vox_nav_msgs/lib/libvox_nav_msgs__rosidl_typesupport_c.so /home/manish/eiratech_ws/install/vox_nav_msgs/lib/libvox_nav_msgs__rosidl_typesupport_introspection_cpp.so /opt/ros/humble/lib/libnav_msgs__rosidl_typesupport_introspection_cpp.so /opt/ros/humble/lib/libsensor_msgs__rosidl_typesupport_introspection_cpp.so /opt/ros/humble/lib/libshape_msgs__rosidl_typesupport_introspection_cpp.so /opt/ros/humble/lib/liboctomap_msgs__rosidl_typesupport_introspection_cpp.so /home/manish/eiratech_ws/install/vox_nav_msgs/lib/libvox_nav_msgs__rosidl_typesupport_cpp.so /opt/ros/humble/lib/libnav_msgs__rosidl_typesupport_cpp.so /opt/ros/humble/lib/libsensor_msgs__rosidl_typesupport_cpp.so /opt/ros/humble/lib/libshape_msgs__rosidl_typesupport_cpp.so /opt/ros/humble/lib/liboctomap_msgs__rosidl_typesupport_cpp.so /home/manish/eiratech_ws/install/vox_nav_msgs/lib/libvox_nav_msgs__rosidl_generator_py.so /usr/lib/x86_64-linux-gnu/libpython3.10.so /home/manish/eiratech_ws/install/vox_nav_msgs/lib/libvox_nav_msgs__rosidl_typesupport_c.so /opt/ros/humble/lib/libnav_msgs__rosidl_generator_py.so /opt/ros/humble/lib/libsensor_msgs__rosidl_generator_py.so /opt/ros/humble/lib/libshape_msgs__rosidl_generator_py.so /opt/ros/humble/lib/liboctomap_msgs__rosidl_generator_py.so /usr/lib/x86_64-linux-gnu/libompl.so /usr/lib/x86_64-linux-gnu/libboost_serialization.so /usr/lib/x86_64-linux-gnu/libboost_filesystem.so /usr/lib/x86_64-linux-gnu/libboost_system.so -lode /usr/local/lib/libcasadi.so /usr/lib/x86_64-linux-gnu/libtinyxml2.so /opt/ros/humble/lib/libtf2_ros.so /opt/ros/humble/lib/libtf2.so /opt/ros/humble/lib/libmessage_filters.so /opt/ros/humble/lib/librclcpp_action.so /opt/ros/humble/lib/librcl_action.so /opt/ros/humble/lib/libtf2_msgs__rosidl_typesupport_fastrtps_c.so /opt/ros/humble/lib/libtf2_msgs__rosidl_typesupport_introspection_c.so /opt/ros/humble/lib/libtf2_msgs__rosidl_typesupport_fastrtps_cpp.so /opt/ros/humble/lib/libtf2_msgs__rosidl_typesupport_introspection_cpp.so /opt/ros/humble/lib/libtf2_msgs__rosidl_typesupport_cpp.so /opt/ros/humble/lib/libtf2_msgs__rosidl_generator_py.so /opt/ros/humble/lib/libtf2_msgs__rosidl_typesupport_c.so /opt/ros/humble/lib/libtf2_msgs__rosidl_generator_c.so /usr/lib/x86_64-linux-gnu/liborocos-kdl.so /opt/ros/humble/lib/libgeometry_msgs__rosidl_typesupport_fastrtps_c.so /opt/ros/humble/lib/libstd_msgs__rosidl_typesupport_fastrtps_c.so /opt/ros/humble/lib/libaction_msgs__rosidl_typesupport_fastrtps_c.so /opt/ros/humble/lib/libunique_identifier_msgs__rosidl_typesupport_fastrtps_c.so /opt/ros/humble/lib/libgeometry_msgs__rosidl_typesupport_fastrtps_cpp.so /opt/ros/humble/lib/libstd_msgs__rosidl_typesupport_fastrtps_cpp.so /opt/ros/humble/lib/libaction_msgs__rosidl_typesupport_fastrtps_cpp.so /opt/ros/humble/lib/libunique_identifier_msgs__rosidl_typesupport_fastrtps_cpp.so /opt/ros/humble/lib/libgeometry_msgs__rosidl_typesupport_introspection_c.so /opt/ros/humble/lib/libstd_msgs__rosidl_typesupport_introspection_c.so /opt/ros/humble/lib/libaction_msgs__rosidl_typesupport_introspection_c.so /opt/ros/humble/lib/libunique_identifier_msgs__rosidl_typesupport_introspection_c.so /opt/ros/humble/lib/libgeometry_msgs__rosidl_typesupport_introspection_cpp.so /opt/ros/humble/lib/libstd_msgs__rosidl_typesupport_introspection_cpp.so /opt/ros/humble/lib/libaction_msgs__rosidl_typesupport_introspection_cpp.so /opt/ros/humble/lib/libunique_identifier_msgs__rosidl_typesupport_introspection_cpp.so /opt/ros/humble/lib/libaction_msgs__rosidl_typesupport_cpp.so /opt/ros/humble/lib/libunique_identifier_msgs__rosidl_typesupport_cpp.so /opt/ros/humble/lib/libnav_msgs__rosidl_typesupport_c.so /home/manish/eiratech_ws/install/vox_nav_msgs/lib/libvox_nav_msgs__rosidl_generator_c.so /opt/ros/humble/lib/libnav_msgs__rosidl_generator_c.so /opt/ros/humble/lib/libshape_msgs__rosidl_typesupport_c.so /opt/ros/humble/lib/libshape_msgs__rosidl_generator_c.so /opt/ros/humble/lib/libgeometry_msgs__rosidl_generator_py.so /opt/ros/humble/lib/liboctomap_msgs__rosidl_typesupport_c.so /opt/ros/humble/lib/liboctomap_msgs__rosidl_generator_c.so /opt/ros/humble/lib/libstd_msgs__rosidl_generator_py.so /opt/ros/humble/lib/libaction_msgs__rosidl_generator_py.so /opt/ros/humble/lib/libaction_msgs__rosidl_typesupport_c.so /opt/ros/humble/lib/libaction_msgs__rosidl_generator_c.so /opt/ros/humble/lib/libunique_identifier_msgs__rosidl_generator_py.so /opt/ros/humble/lib/libunique_identifier_msgs__rosidl_typesupport_c.so /opt/ros/humble/lib/libunique_identifier_msgs__rosidl_generator_c.so /opt/ros/humble/lib/libvision_msgs__rosidl_generator_c.so /opt/ros/humble/lib/librclcpp.so /opt/ros/humble/lib/liblibstatistics_collector.so /opt/ros/humble/lib/librcl.so /opt/ros/humble/lib/librmw_implementation.so /opt/ros/humble/lib/librcl_logging_spdlog.so /opt/ros/humble/lib/librcl_logging_interface.so /opt/ros/humble/lib/librcl_yaml_param_parser.so /opt/ros/humble/lib/libyaml.so /opt/ros/humble/lib/librosgraph_msgs__rosidl_typesupport_fastrtps_c.so /opt/ros/humble/lib/librosgraph_msgs__rosidl_typesupport_fastrtps_cpp.so /opt/ros/humble/lib/librosgraph_msgs__rosidl_typesupport_introspection_c.so /opt/ros/humble/lib/librosgraph_msgs__rosidl_typesupport_introspection_cpp.so /opt/ros/humble/lib/librosgraph_msgs__rosidl_typesupport_cpp.so /opt/ros/humble/lib/librosgraph_msgs__rosidl_generator_py.so /opt/ros/humble/lib/librosgraph_msgs__rosidl_typesupport_c.so /opt/ros/humble/lib/librosgraph_msgs__rosidl_generator_c.so /opt/ros/humble/lib/libstatistics_msgs__rosidl_typesupport_fastrtps_c.so /opt/ros/humble/lib/libstatistics_msgs__rosidl_typesupport_fastrtps_cpp.so /opt/ros/humble/lib/libstatistics_msgs__rosidl_typesupport_introspection_c.so /opt/ros/humble/lib/libstatistics_msgs__rosidl_typesupport_introspection_cpp.so /opt/ros/humble/lib/libstatistics_msgs__rosidl_typesupport_cpp.so /opt/ros/humble/lib/libstatistics_msgs__rosidl_generator_py.so /opt/ros/humble/lib/libstatistics_msgs__rosidl_typesupport_c.so /opt/ros/humble/lib/libstatistics_msgs__rosidl_generator_c.so /opt/ros/humble/lib/libtracetools.so /opt/ros/humble/lib/libament_index_cpp.so /opt/ros/humble/lib/libclass_loader.so /usr/lib/x86_64-linux-gnu/libconsole_bridge.so.1.0 /opt/ros/humble/lib/libcomposition_interfaces__rosidl_typesupport_fastrtps_c.so /opt/ros/humble/lib/librcl_interfaces__rosidl_typesupport_fastrtps_c.so /opt/ros/humble/lib/libbuiltin_interfaces__rosidl_typesupport_fastrtps_c.so /opt/ros/humble/lib/librosidl_typesupport_fastrtps_c.so /opt/ros/humble/lib/libcomposition_interfaces__rosidl_typesupport_introspection_c.so /opt/ros/humble/lib/librcl_interfaces__rosidl_typesupport_introspection_c.so /opt/ros/humble/lib/libbuiltin_interfaces__rosidl_typesupport_introspection_c.so /opt/ros/humble/lib/libcomposition_interfaces__rosidl_typesupport_fastrtps_cpp.so /opt/ros/humble/lib/librcl_interfaces__rosidl_typesupport_fastrtps_cpp.so /opt/ros/humble/lib/libbuiltin_interfaces__rosidl_typesupport_fastrtps_cpp.so /opt/ros/humble/lib/librosidl_typesupport_fastrtps_cpp.so /opt/ros/humble/lib/libfastcdr.so.1.0.24 /opt/ros/humble/lib/librmw.so /opt/ros/humble/lib/libcomposition_interfaces__rosidl_typesupport_introspection_cpp.so /opt/ros/humble/lib/librcl_interfaces__rosidl_typesupport_introspection_cpp.so /opt/ros/humble/lib/libbuiltin_interfaces__rosidl_typesupport_introspection_cpp.so /opt/ros/humble/lib/librosidl_typesupport_introspection_cpp.so /opt/ros/humble/lib/librosidl_typesupport_introspection_c.so /opt/ros/humble/lib/libcomposition_interfaces__rosidl_typesupport_cpp.so /opt/ros/humble/lib/librcl_interfaces__rosidl_typesupport_cpp.so /opt/ros/humble/lib/libcomposition_interfaces__rosidl_generator_py.so /opt/ros/humble/lib/librcl_interfaces__rosidl_generator_py.so /opt/ros/humble/lib/libbuiltin_interfaces__rosidl_generator_py.so /usr/lib/x86_64-linux-gnu/libpython3.10.so /opt/ros/humble/lib/libcomposition_interfaces__rosidl_typesupport_c.so /opt/ros/humble/lib/librcl_interfaces__rosidl_typesupport_c.so /opt/ros/humble/lib/libcomposition_interfaces__rosidl_generator_c.so /opt/ros/humble/lib/librcl_interfaces__rosidl_generator_c.so /opt/ros/humble/lib/libgeometry_msgs__rosidl_typesupport_cpp.so /opt/ros/humble/lib/libstd_msgs__rosidl_typesupport_cpp.so /opt/ros/humble/lib/libbuiltin_interfaces__rosidl_typesupport_cpp.so /opt/ros/humble/lib/librosidl_typesupport_cpp.so /opt/ros/humble/lib/libpcl_msgs__rosidl_generator_c.so /usr/lib/x86_64-linux-gnu/libpng.so /usr/lib/x86_64-linux-gnu/libz.so /usr/lib/x86_64-linux-gnu/libpcl_features.so /usr/lib/x86_64-linux-gnu/libpcl_filters.so /usr/lib/x86_64-linux-gnu/libpcl_sample_consensus.so /usr/lib/x86_64-linux-gnu/libpcl_ml.so /usr/lib/x86_64-linux-gnu/libpcl_search.so /usr/lib/x86_64-linux-gnu/libpcl_kdtree.so /usr/lib/x86_64-linux-gnu/libpcl_octree.so /usr/lib/x86_64-linux-gnu/libpcl_common.so /usr/lib/x86_64-linux-gnu/libboost_system.so.1.74.0 /usr/lib/x86_64-linux-gnu/libboost_filesystem.so.1.74.0 /usr/lib/x86_64-linux-gnu/libboost_date_time.so.1.74.0 /usr/lib/x86_64-linux-gnu/libboost_iostreams.so.1.74.0 /usr/lib/x86_64-linux-gnu/libboost_serialization.so.1.74.0 /usr/lib/x86_64-linux-gnu/libvtkChartsCore-9.1.so.9.1.0 /usr/lib/x86_64-linux-gnu/libvtkInteractionImage-9.1.so.9.1.0 /usr/lib/x86_64-linux-gnu/libvtkIOGeometry-9.1.so.9.1.0 /usr/lib/x86_64-linux-gnu/libjsoncpp.so /usr/lib/x86_64-linux-gnu/libvtkIOPLY-9.1.so.9.1.0 /usr/lib/x86_64-linux-gnu/libvtkRenderingLOD-9.1.so.9.1.0 /usr/lib/x86_64-linux-gnu/libvtkViewsContext2D-9.1.so.9.1.0 /usr/lib/x86_64-linux-gnu/libvtkViewsCore-9.1.so.9.1.0 /usr/lib/x86_64-linux-gnu/libvtkGUISupportQt-9.1.so.9.1.0 /usr/lib/x86_64-linux-gnu/libvtkInteractionWidgets-9.1.so.9.1.0 /usr/lib/x86_64-linux-gnu/libvtkFiltersModeling-9.1.so.9.1.0 /usr/lib/x86_64-linux-gnu/libvtkInteractionStyle-9.1.so.9.1.0 /usr/lib/x86_64-linux-gnu/libvtkFiltersExtraction-9.1.so.9.1.0 /usr/lib/x86_64-linux-gnu/libvtkIOLegacy-9.1.so.9.1.0 /usr/lib/x86_64-linux-gnu/libvtkIOCore-9.1.so.9.1.0 /usr/lib/x86_64-linux-gnu/libvtkRenderingAnnotation-9.1.so.9.1.0 /usr/lib/x86_64-linux-gnu/libvtkRenderingContext2D-9.1.so.9.1.0 /usr/lib/x86_64-linux-gnu/libvtkRenderingFreeType-9.1.so.9.1.0 /usr/lib/x86_64-linux-gnu/libfreetype.so /usr/lib/x86_64-linux-gnu/libvtkImagingSources-9.1.so.9.1.0 /usr/lib/x86_64-linux-gnu/libvtkIOImage-9.1.so.9.1.0 /usr/lib/x86_64-linux-gnu/libvtkImagingCore-9.1.so.9.1.0 /usr/lib/x86_64-linux-gnu/libvtkRenderingOpenGL2-9.1.so.9.1.0 /usr/lib/x86_64-linux-gnu/libvtkRenderingUI-9.1.so.9.1.0 /usr/lib/x86_64-linux-gnu/libvtkRenderingCore-9.1.so.9.1.0 /usr/lib/x86_64-linux-gnu/libvtkCommonColor-9.1.so.9.1.0 /usr/lib/x86_64-linux-gnu/libvtkFiltersGeometry-9.1.so.9.1.0 /usr/lib/x86_64-linux-gnu/libvtkFiltersSources-9.1.so.9.1.0 /usr/lib/x86_64-linux-gnu/libvtkFiltersGeneral-9.1.so.9.1.0 /usr/lib/x86_64-linux-gnu/libvtkCommonComputationalGeometry-9.1.so.9.1.0 /usr/lib/x86_64-linux-gnu/libvtkFiltersCore-9.1.so.9.1.0 /usr/lib/x86_64-linux-gnu/libvtkCommonExecutionModel-9.1.so.9.1.0 /usr/lib/x86_64-linux-gnu/libvtkCommonDataModel-9.1.so.9.1.0 /usr/lib/x86_64-linux-gnu/libvtkCommonMisc-9.1.so.9.1.0 /usr/lib/x86_64-linux-gnu/libvtkCommonTransforms-9.1.so.9.1.0 /usr/lib/x86_64-linux-gnu/libvtkCommonMath-9.1.so.9.1.0 /usr/lib/x86_64-linux-gnu/libvtkkissfft-9.1.so.9.1.0 /usr/lib/x86_64-linux-gnu/libGLEW.so /usr/lib/x86_64-linux-gnu/libX11.so /usr/lib/x86_64-linux-gnu/libQt5OpenGL.so.5.15.3 /usr/lib/x86_64-linux-gnu/libQt5Widgets.so.5.15.3 /usr/lib/x86_64-linux-gnu/libQt5Gui.so.5.15.3 /usr/lib/x86_64-linux-gnu/libQt5Core.so.5.15.3 /usr/lib/x86_64-linux-gnu/libvtkCommonCore-9.1.so.9.1.0 /usr/lib/x86_64-linux-gnu/libtbb.so.12.5 /usr/lib/x86_64-linux-gnu/libvtksys-9.1.so.9.1.0 -llz4 /usr/lib/x86_64-linux-gnu/libqhull_r.so.8.0.2 -lm /opt/ros/humble/lib/libvisualization_msgs__rosidl_generator_c.so /opt/ros/humble/lib/libsensor_msgs__rosidl_typesupport_c.so /opt/ros/humble/lib/libgeometry_msgs__rosidl_typesupport_c.so /opt/ros/humble/lib/libsensor_msgs__rosidl_generator_c.so /opt/ros/humble/lib/libgeometry_msgs__rosidl_generator_c.so /opt/ros/humble/lib/libstd_msgs__rosidl_typesupport_c.so /opt/ros/humble/lib/libstd_msgs__rosidl_generator_c.so /opt/ros/humble/lib/libbuiltin_interfaces__rosidl_typesupport_c.so /opt/ros/humble/lib/librosidl_typesupport_c.so /opt/ros/humble/lib/librcpputils.so /opt/ros/humble/lib/libbuiltin_interfaces__rosidl_generator_c.so /opt/ros/humble/lib/librosidl_runtime_c.so /opt/ros/humble/lib/librcutils.so -ldl \n'}
[22.053981] (-) TimerEvent: {}
[22.154306] (-) TimerEvent: {}
[22.254656] (-) TimerEvent: {}
[22.317371] (vox_nav_control) StdoutLine: {'line': b"gmake[2]: Leaving directory '/home/manish/eiratech_ws/build/vox_nav_control'\n"}
[22.324438] (vox_nav_control) StdoutLine: {'line': b'[ 77%] Built target lyapunov_controller\n'}
[22.354740] (-) TimerEvent: {}
[22.454994] (-) TimerEvent: {}
[22.555238] (-) TimerEvent: {}
[22.655476] (-) TimerEvent: {}
[22.755766] (-) TimerEvent: {}
[22.856039] (-) TimerEvent: {}
[22.902477] (vox_nav_control) StdoutLine: {'line': b"gmake[2]: Leaving directory '/home/manish/eiratech_ws/build/vox_nav_control'\n"}
[22.908490] (vox_nav_control) StdoutLine: {'line': b'[ 77%] Built target mpc_controller_casadi\n'}
[22.956130] (-) TimerEvent: {}
[23.056361] (-) TimerEvent: {}
[23.156625] (-) TimerEvent: {}
[23.256872] (-) TimerEvent: {}
[23.357121] (-) TimerEvent: {}
[23.457377] (-) TimerEvent: {}
[23.557642] (-) TimerEvent: {}
[23.572534] (vox_nav_control) StdoutLine: {'line': b'[ 88%] \x1b[32m\x1b[1mLinking CXX executable vox_nav_controller_server\x1b[0m\n'}
[23.573102] (vox_nav_control) StdoutLine: {'line': b'/usr/bin/cmake -E cmake_link_script CMakeFiles/vox_nav_controller_server.dir/link.txt --verbose=1\n'}
[23.578314] (vox_nav_control) StdoutLine: {'line': b'/usr/bin/c++ -O3 -DNDEBUG CMakeFiles/vox_nav_controller_server.dir/src/controller_server.cpp.o -o vox_nav_controller_server  -Wl,-rpath,/opt/ros/humble/lib:/home/manish/eiratech_ws/install/vox_nav_msgs/lib:/home/manish/eiratech_ws/install/vox_nav_utilities/lib: /opt/ros/humble/lib/libvisualization_msgs__rosidl_typesupport_fastrtps_c.so /opt/ros/humble/lib/libvisualization_msgs__rosidl_typesupport_fastrtps_cpp.so /opt/ros/humble/lib/libvisualization_msgs__rosidl_typesupport_introspection_c.so /opt/ros/humble/lib/libvisualization_msgs__rosidl_typesupport_introspection_cpp.so /opt/ros/humble/lib/libvisualization_msgs__rosidl_typesupport_cpp.so /opt/ros/humble/lib/libvisualization_msgs__rosidl_generator_py.so /opt/ros/humble/lib/libpcl_ros_tf.a /opt/ros/humble/lib/libpcd_to_pointcloud_lib.so /home/manish/eiratech_ws/install/vox_nav_msgs/lib/libvox_nav_msgs__rosidl_typesupport_fastrtps_c.so /home/manish/eiratech_ws/install/vox_nav_msgs/lib/libvox_nav_msgs__rosidl_typesupport_fastrtps_cpp.so /home/manish/eiratech_ws/install/vox_nav_msgs/lib/libvox_nav_msgs__rosidl_typesupport_introspection_c.so /home/manish/eiratech_ws/install/vox_nav_msgs/lib/libvox_nav_msgs__rosidl_typesupport_introspection_cpp.so /home/manish/eiratech_ws/install/vox_nav_msgs/lib/libvox_nav_msgs__rosidl_typesupport_cpp.so /home/manish/eiratech_ws/install/vox_nav_msgs/lib/libvox_nav_msgs__rosidl_generator_py.so /home/manish/eiratech_ws/install/vox_nav_utilities/lib/libtf_helpers.so /home/manish/eiratech_ws/install/vox_nav_utilities/lib/libplanner_helpers.so /home/manish/eiratech_ws/install/vox_nav_utilities/lib/libmap_manager_helpers.so /home/manish/eiratech_ws/install/vox_nav_utilities/lib/libgps_waypoint_collector.so /home/manish/eiratech_ws/install/vox_nav_utilities/lib/libelevation_state_space.so /opt/ros/humble/lib/libnav_msgs__rosidl_generator_c.so /opt/ros/humble/lib/libnav_msgs__rosidl_typesupport_fastrtps_c.so /opt/ros/humble/lib/libnav_msgs__rosidl_typesupport_fastrtps_cpp.so /opt/ros/humble/lib/libnav_msgs__rosidl_typesupport_introspection_c.so /opt/ros/humble/lib/libnav_msgs__rosidl_typesupport_c.so /opt/ros/humble/lib/libnav_msgs__rosidl_typesupport_introspection_cpp.so /opt/ros/humble/lib/libnav_msgs__rosidl_typesupport_cpp.so /opt/ros/humble/lib/libnav_msgs__rosidl_generator_py.so /opt/ros/humble/lib/libvision_msgs__rosidl_generator_c.so /opt/ros/humble/lib/libvision_msgs__rosidl_typesupport_fastrtps_c.so /opt/ros/humble/lib/libvision_msgs__rosidl_typesupport_fastrtps_cpp.so /opt/ros/humble/lib/libvision_msgs__rosidl_typesupport_introspection_c.so /opt/ros/humble/lib/libvision_msgs__rosidl_typesupport_c.so /opt/ros/humble/lib/libvision_msgs__rosidl_typesupport_introspection_cpp.so /opt/ros/humble/lib/libvision_msgs__rosidl_typesupport_cpp.so /opt/ros/humble/lib/libvision_msgs__rosidl_generator_py.so /opt/ros/humble/lib/libvision_msgs__rosidl_typesupport_c.so /opt/ros/humble/lib/libtf2.so /opt/ros/humble/lib/libtf2_ros.so /opt/ros/humble/lib/libstatic_transform_broadcaster_node.so /opt/ros/humble/lib/libpcl_ros_tf.a /opt/ros/humble/lib/libstatic_transform_broadcaster_node.so /usr/lib/x86_64-linux-gnu/libpcl_common.so /opt/ros/humble/lib/libpcd_to_pointcloud_lib.so /opt/ros/humble/lib/libcomponent_manager.so /opt/ros/humble/lib/libbuiltin_interfaces__rosidl_generator_c.so /opt/ros/humble/lib/libbuiltin_interfaces__rosidl_typesupport_fastrtps_c.so /opt/ros/humble/lib/libbuiltin_interfaces__rosidl_typesupport_introspection_c.so /opt/ros/humble/lib/libbuiltin_interfaces__rosidl_typesupport_c.so /opt/ros/humble/lib/libbuiltin_interfaces__rosidl_typesupport_fastrtps_cpp.so /opt/ros/humble/lib/libbuiltin_interfaces__rosidl_typesupport_introspection_cpp.so /opt/ros/humble/lib/libbuiltin_interfaces__rosidl_typesupport_cpp.so /opt/ros/humble/lib/libbuiltin_interfaces__rosidl_generator_py.so /opt/ros/humble/lib/librosgraph_msgs__rosidl_generator_c.so /opt/ros/humble/lib/librosgraph_msgs__rosidl_typesupport_fastrtps_c.so /opt/ros/humble/lib/librosgraph_msgs__rosidl_typesupport_fastrtps_cpp.so /opt/ros/humble/lib/librosgraph_msgs__rosidl_typesupport_introspection_c.so /opt/ros/humble/lib/librosgraph_msgs__rosidl_typesupport_c.so /opt/ros/humble/lib/librosgraph_msgs__rosidl_typesupport_introspection_cpp.so /opt/ros/humble/lib/librosgraph_msgs__rosidl_typesupport_cpp.so /opt/ros/humble/lib/librosgraph_msgs__rosidl_generator_py.so /opt/ros/humble/lib/librcl_yaml_param_parser.so /opt/ros/humble/lib/libstatistics_msgs__rosidl_generator_c.so /opt/ros/humble/lib/libstatistics_msgs__rosidl_typesupport_fastrtps_c.so /opt/ros/humble/lib/libstatistics_msgs__rosidl_typesupport_fastrtps_cpp.so /opt/ros/humble/lib/libstatistics_msgs__rosidl_typesupport_introspection_c.so /opt/ros/humble/lib/libstatistics_msgs__rosidl_typesupport_c.so /opt/ros/humble/lib/libstatistics_msgs__rosidl_typesupport_introspection_cpp.so /opt/ros/humble/lib/libstatistics_msgs__rosidl_typesupport_cpp.so /opt/ros/humble/lib/libstatistics_msgs__rosidl_generator_py.so /opt/ros/humble/lib/libtracetools.so /opt/ros/humble/lib/libmessage_filters.so /opt/ros/humble/lib/libpcl_msgs__rosidl_generator_c.so /opt/ros/humble/lib/libpcl_msgs__rosidl_typesupport_fastrtps_c.so /opt/ros/humble/lib/libpcl_msgs__rosidl_typesupport_introspection_c.so /opt/ros/humble/lib/libpcl_msgs__rosidl_typesupport_c.so /opt/ros/humble/lib/libpcl_msgs__rosidl_typesupport_fastrtps_cpp.so /opt/ros/humble/lib/libpcl_msgs__rosidl_typesupport_introspection_cpp.so /opt/ros/humble/lib/libpcl_msgs__rosidl_typesupport_cpp.so /opt/ros/humble/lib/libpcl_msgs__rosidl_generator_py.so /opt/ros/humble/lib/libpcl_msgs__rosidl_typesupport_c.so /opt/ros/humble/lib/librclcpp.so /opt/ros/humble/lib/libsensor_msgs__rosidl_generator_c.so /opt/ros/humble/lib/libsensor_msgs__rosidl_typesupport_fastrtps_c.so /opt/ros/humble/lib/libsensor_msgs__rosidl_typesupport_fastrtps_cpp.so /opt/ros/humble/lib/libsensor_msgs__rosidl_typesupport_introspection_c.so /opt/ros/humble/lib/libsensor_msgs__rosidl_typesupport_c.so /opt/ros/humble/lib/libsensor_msgs__rosidl_typesupport_introspection_cpp.so /opt/ros/humble/lib/libsensor_msgs__rosidl_typesupport_cpp.so /opt/ros/humble/lib/libsensor_msgs__rosidl_generator_py.so /usr/lib/x86_64-linux-gnu/libpcl_io.so /usr/lib/x86_64-linux-gnu/libpcl_segmentation.so /usr/lib/x86_64-linux-gnu/libpcl_surface.so /usr/lib/libOpenNI.so /usr/lib/x86_64-linux-gnu/libOpenNI2.so /usr/lib/x86_64-linux-gnu/libusb-1.0.so /usr/lib/x86_64-linux-gnu/libflann_cpp.so /usr/lib/x86_64-linux-gnu/liboctomap.so /usr/lib/x86_64-linux-gnu/liboctomath.so /opt/ros/humble/lib/libstd_msgs__rosidl_generator_c.so /opt/ros/humble/lib/libstd_msgs__rosidl_typesupport_fastrtps_c.so /opt/ros/humble/lib/libstd_msgs__rosidl_typesupport_fastrtps_cpp.so /opt/ros/humble/lib/libstd_msgs__rosidl_typesupport_introspection_c.so /opt/ros/humble/lib/libstd_msgs__rosidl_typesupport_c.so /opt/ros/humble/lib/libstd_msgs__rosidl_typesupport_introspection_cpp.so /opt/ros/humble/lib/libstd_msgs__rosidl_typesupport_cpp.so /opt/ros/humble/lib/libstd_msgs__rosidl_generator_py.so /opt/ros/humble/lib/libgeometry_msgs__rosidl_generator_c.so /opt/ros/humble/lib/libgeometry_msgs__rosidl_typesupport_fastrtps_c.so /opt/ros/humble/lib/libgeometry_msgs__rosidl_typesupport_introspection_c.so /opt/ros/humble/lib/libgeometry_msgs__rosidl_typesupport_c.so /opt/ros/humble/lib/libgeometry_msgs__rosidl_typesupport_fastrtps_cpp.so /opt/ros/humble/lib/libgeometry_msgs__rosidl_typesupport_introspection_cpp.so /opt/ros/humble/lib/libgeometry_msgs__rosidl_typesupport_cpp.so /opt/ros/humble/lib/libgeometry_msgs__rosidl_generator_py.so /opt/ros/humble/lib/liboctomap_msgs__rosidl_generator_c.so /opt/ros/humble/lib/liboctomap_msgs__rosidl_typesupport_fastrtps_c.so /opt/ros/humble/lib/liboctomap_msgs__rosidl_typesupport_introspection_c.so /opt/ros/humble/lib/liboctomap_msgs__rosidl_typesupport_c.so /opt/ros/humble/lib/liboctomap_msgs__rosidl_typesupport_fastrtps_cpp.so /opt/ros/humble/lib/liboctomap_msgs__rosidl_typesupport_introspection_cpp.so /opt/ros/humble/lib/liboctomap_msgs__rosidl_typesupport_cpp.so /opt/ros/humble/lib/liboctomap_msgs__rosidl_generator_py.so /opt/ros/humble/lib/libvisualization_msgs__rosidl_generator_c.so /opt/ros/humble/lib/libvisualization_msgs__rosidl_typesupport_fastrtps_c.so /opt/ros/humble/lib/libvisualization_msgs__rosidl_typesupport_fastrtps_cpp.so /opt/ros/humble/lib/libvisualization_msgs__rosidl_typesupport_introspection_c.so /opt/ros/humble/lib/libvisualization_msgs__rosidl_typesupport_c.so /opt/ros/humble/lib/libvisualization_msgs__rosidl_typesupport_introspection_cpp.so /opt/ros/humble/lib/libvisualization_msgs__rosidl_typesupport_cpp.so /opt/ros/humble/lib/libvisualization_msgs__rosidl_generator_py.so /opt/ros/humble/lib/libvisualization_msgs__rosidl_typesupport_c.so /opt/ros/humble/lib/libaction_msgs__rosidl_generator_c.so /opt/ros/humble/lib/libaction_msgs__rosidl_typesupport_fastrtps_c.so /opt/ros/humble/lib/libaction_msgs__rosidl_typesupport_fastrtps_cpp.so /opt/ros/humble/lib/libaction_msgs__rosidl_typesupport_introspection_c.so /opt/ros/humble/lib/libaction_msgs__rosidl_typesupport_c.so /opt/ros/humble/lib/libaction_msgs__rosidl_typesupport_introspection_cpp.so /opt/ros/humble/lib/libaction_msgs__rosidl_typesupport_cpp.so /opt/ros/humble/lib/libaction_msgs__rosidl_generator_py.so /opt/ros/humble/lib/librosidl_typesupport_fastrtps_c.so /opt/ros/humble/lib/librmw.so /opt/ros/humble/lib/librosidl_typesupport_fastrtps_cpp.so /opt/ros/humble/lib/librcutils.so -ldl /opt/ros/humble/lib/librcpputils.so /opt/ros/humble/lib/librosidl_typesupport_c.so /opt/ros/humble/lib/librosidl_typesupport_cpp.so /opt/ros/humble/lib/librosidl_runtime_c.so /opt/ros/humble/lib/librosidl_typesupport_introspection_c.so /opt/ros/humble/lib/librosidl_typesupport_introspection_cpp.so /home/manish/eiratech_ws/install/vox_nav_msgs/lib/libvox_nav_msgs__rosidl_generator_c.so /home/manish/eiratech_ws/install/vox_nav_msgs/lib/libvox_nav_msgs__rosidl_typesupport_fastrtps_c.so /opt/ros/humble/lib/libnav_msgs__rosidl_typesupport_fastrtps_c.so /opt/ros/humble/lib/libsensor_msgs__rosidl_typesupport_fastrtps_c.so /opt/ros/humble/lib/libshape_msgs__rosidl_typesupport_fastrtps_c.so /opt/ros/humble/lib/liboctomap_msgs__rosidl_typesupport_fastrtps_c.so /home/manish/eiratech_ws/install/vox_nav_msgs/lib/libvox_nav_msgs__rosidl_typesupport_fastrtps_cpp.so /opt/ros/humble/lib/libnav_msgs__rosidl_typesupport_fastrtps_cpp.so /opt/ros/humble/lib/libsensor_msgs__rosidl_typesupport_fastrtps_cpp.so /opt/ros/humble/lib/libshape_msgs__rosidl_typesupport_fastrtps_cpp.so /opt/ros/humble/lib/liboctomap_msgs__rosidl_typesupport_fastrtps_cpp.so /home/manish/eiratech_ws/install/vox_nav_msgs/lib/libvox_nav_msgs__rosidl_typesupport_introspection_c.so /opt/ros/humble/lib/libnav_msgs__rosidl_typesupport_introspection_c.so /opt/ros/humble/lib/libsensor_msgs__rosidl_typesupport_introspection_c.so /opt/ros/humble/lib/libshape_msgs__rosidl_typesupport_introspection_c.so /opt/ros/humble/lib/liboctomap_msgs__rosidl_typesupport_introspection_c.so /home/manish/eiratech_ws/install/vox_nav_msgs/lib/libvox_nav_msgs__rosidl_typesupport_c.so /home/manish/eiratech_ws/install/vox_nav_msgs/lib/libvox_nav_msgs__rosidl_typesupport_introspection_cpp.so /opt/ros/humble/lib/libnav_msgs__rosidl_typesupport_introspection_cpp.so /opt/ros/humble/lib/libsensor_msgs__rosidl_typesupport_introspection_cpp.so /opt/ros/humble/lib/libshape_msgs__rosidl_typesupport_introspection_cpp.so /opt/ros/humble/lib/liboctomap_msgs__rosidl_typesupport_introspection_cpp.so /home/manish/eiratech_ws/install/vox_nav_msgs/lib/libvox_nav_msgs__rosidl_typesupport_cpp.so /opt/ros/humble/lib/libnav_msgs__rosidl_typesupport_cpp.so /opt/ros/humble/lib/libsensor_msgs__rosidl_typesupport_cpp.so /opt/ros/humble/lib/libshape_msgs__rosidl_typesupport_cpp.so /opt/ros/humble/lib/liboctomap_msgs__rosidl_typesupport_cpp.so /home/manish/eiratech_ws/install/vox_nav_msgs/lib/libvox_nav_msgs__rosidl_generator_py.so /usr/lib/x86_64-linux-gnu/libpython3.10.so /home/manish/eiratech_ws/install/vox_nav_msgs/lib/libvox_nav_msgs__rosidl_typesupport_c.so /opt/ros/humble/lib/libnav_msgs__rosidl_generator_py.so /opt/ros/humble/lib/libsensor_msgs__rosidl_generator_py.so /opt/ros/humble/lib/libshape_msgs__rosidl_generator_py.so /opt/ros/humble/lib/liboctomap_msgs__rosidl_generator_py.so /usr/lib/x86_64-linux-gnu/libompl.so /usr/lib/x86_64-linux-gnu/libboost_serialization.so /usr/lib/x86_64-linux-gnu/libboost_filesystem.so /usr/lib/x86_64-linux-gnu/libboost_system.so -lode /usr/lib/x86_64-linux-gnu/libmosquitto.so /opt/ros/humble/lib/libvisualization_msgs__rosidl_generator_c.so /usr/lib/x86_64-linux-gnu/libtinyxml2.so /opt/ros/humble/lib/libtf2_ros.so /opt/ros/humble/lib/librclcpp_action.so /opt/ros/humble/lib/librcl_action.so /opt/ros/humble/lib/libtf2.so /opt/ros/humble/lib/libmessage_filters.so /opt/ros/humble/lib/libtf2_msgs__rosidl_typesupport_fastrtps_c.so /opt/ros/humble/lib/libtf2_msgs__rosidl_typesupport_introspection_c.so /opt/ros/humble/lib/libtf2_msgs__rosidl_typesupport_fastrtps_cpp.so /opt/ros/humble/lib/libtf2_msgs__rosidl_typesupport_introspection_cpp.so /opt/ros/humble/lib/libtf2_msgs__rosidl_typesupport_cpp.so /opt/ros/humble/lib/libtf2_msgs__rosidl_generator_py.so /opt/ros/humble/lib/libtf2_msgs__rosidl_typesupport_c.so /opt/ros/humble/lib/libtf2_msgs__rosidl_generator_c.so /usr/lib/x86_64-linux-gnu/liborocos-kdl.so /opt/ros/humble/lib/librclcpp.so /opt/ros/humble/lib/libclass_loader.so /usr/lib/x86_64-linux-gnu/libconsole_bridge.so.1.0 /opt/ros/humble/lib/libcomposition_interfaces__rosidl_typesupport_fastrtps_c.so /opt/ros/humble/lib/libcomposition_interfaces__rosidl_typesupport_introspection_c.so /opt/ros/humble/lib/libcomposition_interfaces__rosidl_typesupport_fastrtps_cpp.so /opt/ros/humble/lib/libcomposition_interfaces__rosidl_typesupport_introspection_cpp.so /opt/ros/humble/lib/libcomposition_interfaces__rosidl_typesupport_cpp.so /opt/ros/humble/lib/libcomposition_interfaces__rosidl_generator_py.so /opt/ros/humble/lib/libcomposition_interfaces__rosidl_typesupport_c.so /opt/ros/humble/lib/libcomposition_interfaces__rosidl_generator_c.so /opt/ros/humble/lib/libpcl_msgs__rosidl_generator_c.so /opt/ros/humble/lib/liblibstatistics_collector.so /opt/ros/humble/lib/librcl.so /opt/ros/humble/lib/librmw_implementation.so /opt/ros/humble/lib/libament_index_cpp.so /opt/ros/humble/lib/librcl_logging_spdlog.so /opt/ros/humble/lib/librcl_logging_interface.so /opt/ros/humble/lib/librcl_interfaces__rosidl_typesupport_fastrtps_c.so /opt/ros/humble/lib/librcl_interfaces__rosidl_typesupport_introspection_c.so /opt/ros/humble/lib/librcl_interfaces__rosidl_typesupport_fastrtps_cpp.so /opt/ros/humble/lib/librcl_interfaces__rosidl_typesupport_introspection_cpp.so /opt/ros/humble/lib/librcl_interfaces__rosidl_typesupport_cpp.so /opt/ros/humble/lib/librcl_interfaces__rosidl_generator_py.so /opt/ros/humble/lib/librcl_interfaces__rosidl_typesupport_c.so /opt/ros/humble/lib/librcl_interfaces__rosidl_generator_c.so /opt/ros/humble/lib/librcl_yaml_param_parser.so /opt/ros/humble/lib/libyaml.so /opt/ros/humble/lib/librosgraph_msgs__rosidl_typesupport_fastrtps_c.so /opt/ros/humble/lib/librosgraph_msgs__rosidl_typesupport_fastrtps_cpp.so /opt/ros/humble/lib/librosgraph_msgs__rosidl_typesupport_introspection_c.so /opt/ros/humble/lib/librosgraph_msgs__rosidl_typesupport_introspection_cpp.so /opt/ros/humble/lib/librosgraph_msgs__rosidl_typesupport_cpp.so /opt/ros/humble/lib/librosgraph_msgs__rosidl_generator_py.so /opt/ros/humble/lib/librosgraph_msgs__rosidl_typesupport_c.so /opt/ros/humble/lib/librosgraph_msgs__rosidl_generator_c.so /opt/ros/humble/lib/libstatistics_msgs__rosidl_typesupport_fastrtps_c.so /opt/ros/humble/lib/libstatistics_msgs__rosidl_typesupport_fastrtps_cpp.so /opt/ros/humble/lib/libstatistics_msgs__rosidl_typesupport_introspection_c.so /opt/ros/humble/lib/libstatistics_msgs__rosidl_typesupport_introspection_cpp.so /opt/ros/humble/lib/libstatistics_msgs__rosidl_typesupport_cpp.so /opt/ros/humble/lib/libstatistics_msgs__rosidl_generator_py.so /opt/ros/humble/lib/libstatistics_msgs__rosidl_typesupport_c.so /opt/ros/humble/lib/libstatistics_msgs__rosidl_generator_c.so /opt/ros/humble/lib/libtracetools.so /usr/lib/x86_64-linux-gnu/libpng.so /usr/lib/x86_64-linux-gnu/libz.so /usr/lib/x86_64-linux-gnu/libpcl_features.so /usr/lib/x86_64-linux-gnu/libpcl_filters.so /usr/lib/x86_64-linux-gnu/libpcl_sample_consensus.so /usr/lib/x86_64-linux-gnu/libpcl_ml.so /usr/lib/x86_64-linux-gnu/libpcl_search.so /usr/lib/x86_64-linux-gnu/libpcl_kdtree.so /usr/lib/x86_64-linux-gnu/libpcl_octree.so /usr/lib/x86_64-linux-gnu/libpcl_common.so /usr/lib/x86_64-linux-gnu/libboost_system.so.1.74.0 /usr/lib/x86_64-linux-gnu/libboost_filesystem.so.1.74.0 /usr/lib/x86_64-linux-gnu/libboost_date_time.so.1.74.0 /usr/lib/x86_64-linux-gnu/libboost_iostreams.so.1.74.0 /usr/lib/x86_64-linux-gnu/libboost_serialization.so.1.74.0 /usr/lib/x86_64-linux-gnu/libvtkChartsCore-9.1.so.9.1.0 /usr/lib/x86_64-linux-gnu/libvtkInteractionImage-9.1.so.9.1.0 /usr/lib/x86_64-linux-gnu/libvtkIOGeometry-9.1.so.9.1.0 /usr/lib/x86_64-linux-gnu/libjsoncpp.so /usr/lib/x86_64-linux-gnu/libvtkIOPLY-9.1.so.9.1.0 /usr/lib/x86_64-linux-gnu/libvtkRenderingLOD-9.1.so.9.1.0 /usr/lib/x86_64-linux-gnu/libvtkViewsContext2D-9.1.so.9.1.0 /usr/lib/x86_64-linux-gnu/libvtkViewsCore-9.1.so.9.1.0 /usr/lib/x86_64-linux-gnu/libvtkGUISupportQt-9.1.so.9.1.0 /usr/lib/x86_64-linux-gnu/libvtkInteractionWidgets-9.1.so.9.1.0 /usr/lib/x86_64-linux-gnu/libvtkFiltersModeling-9.1.so.9.1.0 /usr/lib/x86_64-linux-gnu/libvtkInteractionStyle-9.1.so.9.1.0 /usr/lib/x86_64-linux-gnu/libvtkFiltersExtraction-9.1.so.9.1.0 /usr/lib/x86_64-linux-gnu/libvtkIOLegacy-9.1.so.9.1.0 /usr/lib/x86_64-linux-gnu/libvtkIOCore-9.1.so.9.1.0 /usr/lib/x86_64-linux-gnu/libvtkRenderingAnnotation-9.1.so.9.1.0 /usr/lib/x86_64-linux-gnu/libvtkRenderingContext2D-9.1.so.9.1.0 /usr/lib/x86_64-linux-gnu/libvtkRenderingFreeType-9.1.so.9.1.0 /usr/lib/x86_64-linux-gnu/libfreetype.so /usr/lib/x86_64-linux-gnu/libvtkImagingSources-9.1.so.9.1.0 /usr/lib/x86_64-linux-gnu/libvtkIOImage-9.1.so.9.1.0 /usr/lib/x86_64-linux-gnu/libvtkImagingCore-9.1.so.9.1.0 /usr/lib/x86_64-linux-gnu/libvtkRenderingOpenGL2-9.1.so.9.1.0 /usr/lib/x86_64-linux-gnu/libvtkRenderingUI-9.1.so.9.1.0 /usr/lib/x86_64-linux-gnu/libvtkRenderingCore-9.1.so.9.1.0 /usr/lib/x86_64-linux-gnu/libvtkCommonColor-9.1.so.9.1.0 /usr/lib/x86_64-linux-gnu/libvtkFiltersGeometry-9.1.so.9.1.0 /usr/lib/x86_64-linux-gnu/libvtkFiltersSources-9.1.so.9.1.0 /usr/lib/x86_64-linux-gnu/libvtkFiltersGeneral-9.1.so.9.1.0 /usr/lib/x86_64-linux-gnu/libvtkCommonComputationalGeometry-9.1.so.9.1.0 /usr/lib/x86_64-linux-gnu/libvtkFiltersCore-9.1.so.9.1.0 /usr/lib/x86_64-linux-gnu/libvtkCommonExecutionModel-9.1.so.9.1.0 /usr/lib/x86_64-linux-gnu/libvtkCommonDataModel-9.1.so.9.1.0 /usr/lib/x86_64-linux-gnu/libvtkCommonMisc-9.1.so.9.1.0 /usr/lib/x86_64-linux-gnu/libvtkCommonTransforms-9.1.so.9.1.0 /usr/lib/x86_64-linux-gnu/libvtkCommonMath-9.1.so.9.1.0 /usr/lib/x86_64-linux-gnu/libvtkkissfft-9.1.so.9.1.0 /usr/lib/x86_64-linux-gnu/libGLEW.so /usr/lib/x86_64-linux-gnu/libX11.so /usr/lib/x86_64-linux-gnu/libQt5OpenGL.so.5.15.3 /usr/lib/x86_64-linux-gnu/libQt5Widgets.so.5.15.3 /usr/lib/x86_64-linux-gnu/libQt5Gui.so.5.15.3 /usr/lib/x86_64-linux-gnu/libQt5Core.so.5.15.3 /usr/lib/x86_64-linux-gnu/libvtkCommonCore-9.1.so.9.1.0 /usr/lib/x86_64-linux-gnu/libtbb.so.12.5 /usr/lib/x86_64-linux-gnu/libvtksys-9.1.so.9.1.0 -llz4 /usr/lib/x86_64-linux-gnu/libqhull_r.so.8.0.2 -lm /opt/ros/humble/lib/libgeometry_msgs__rosidl_typesupport_fastrtps_c.so /opt/ros/humble/lib/libstd_msgs__rosidl_typesupport_fastrtps_c.so /opt/ros/humble/lib/libaction_msgs__rosidl_typesupport_fastrtps_c.so /opt/ros/humble/lib/libbuiltin_interfaces__rosidl_typesupport_fastrtps_c.so /opt/ros/humble/lib/libunique_identifier_msgs__rosidl_typesupport_fastrtps_c.so /opt/ros/humble/lib/librosidl_typesupport_fastrtps_c.so /opt/ros/humble/lib/libgeometry_msgs__rosidl_typesupport_fastrtps_cpp.so /opt/ros/humble/lib/libstd_msgs__rosidl_typesupport_fastrtps_cpp.so /opt/ros/humble/lib/libaction_msgs__rosidl_typesupport_fastrtps_cpp.so /opt/ros/humble/lib/libbuiltin_interfaces__rosidl_typesupport_fastrtps_cpp.so /opt/ros/humble/lib/libunique_identifier_msgs__rosidl_typesupport_fastrtps_cpp.so /opt/ros/humble/lib/librosidl_typesupport_fastrtps_cpp.so /opt/ros/humble/lib/libfastcdr.so.1.0.24 /opt/ros/humble/lib/librmw.so /opt/ros/humble/lib/libgeometry_msgs__rosidl_typesupport_introspection_c.so /opt/ros/humble/lib/libstd_msgs__rosidl_typesupport_introspection_c.so /opt/ros/humble/lib/libaction_msgs__rosidl_typesupport_introspection_c.so /opt/ros/humble/lib/libbuiltin_interfaces__rosidl_typesupport_introspection_c.so /opt/ros/humble/lib/libunique_identifier_msgs__rosidl_typesupport_introspection_c.so /opt/ros/humble/lib/libgeometry_msgs__rosidl_typesupport_introspection_cpp.so /opt/ros/humble/lib/libstd_msgs__rosidl_typesupport_introspection_cpp.so /opt/ros/humble/lib/libaction_msgs__rosidl_typesupport_introspection_cpp.so /opt/ros/humble/lib/libbuiltin_interfaces__rosidl_typesupport_introspection_cpp.so /opt/ros/humble/lib/libunique_identifier_msgs__rosidl_typesupport_introspection_cpp.so /opt/ros/humble/lib/librosidl_typesupport_introspection_cpp.so /opt/ros/humble/lib/librosidl_typesupport_introspection_c.so /opt/ros/humble/lib/libgeometry_msgs__rosidl_typesupport_cpp.so /opt/ros/humble/lib/libstd_msgs__rosidl_typesupport_cpp.so /opt/ros/humble/lib/libaction_msgs__rosidl_typesupport_cpp.so /opt/ros/humble/lib/libbuiltin_interfaces__rosidl_typesupport_cpp.so /opt/ros/humble/lib/libunique_identifier_msgs__rosidl_typesupport_cpp.so /opt/ros/humble/lib/librosidl_typesupport_cpp.so /opt/ros/humble/lib/libnav_msgs__rosidl_typesupport_c.so /opt/ros/humble/lib/libsensor_msgs__rosidl_typesupport_c.so /home/manish/eiratech_ws/install/vox_nav_msgs/lib/libvox_nav_msgs__rosidl_generator_c.so /opt/ros/humble/lib/libnav_msgs__rosidl_generator_c.so /opt/ros/humble/lib/libsensor_msgs__rosidl_generator_c.so /opt/ros/humble/lib/libshape_msgs__rosidl_typesupport_c.so /opt/ros/humble/lib/libshape_msgs__rosidl_generator_c.so /opt/ros/humble/lib/libgeometry_msgs__rosidl_generator_py.so /opt/ros/humble/lib/liboctomap_msgs__rosidl_typesupport_c.so /opt/ros/humble/lib/liboctomap_msgs__rosidl_generator_c.so /opt/ros/humble/lib/libstd_msgs__rosidl_generator_py.so /opt/ros/humble/lib/libaction_msgs__rosidl_generator_py.so /opt/ros/humble/lib/libaction_msgs__rosidl_typesupport_c.so /opt/ros/humble/lib/libaction_msgs__rosidl_generator_c.so /opt/ros/humble/lib/libbuiltin_interfaces__rosidl_generator_py.so /opt/ros/humble/lib/libunique_identifier_msgs__rosidl_generator_py.so /opt/ros/humble/lib/libunique_identifier_msgs__rosidl_typesupport_c.so /opt/ros/humble/lib/libunique_identifier_msgs__rosidl_generator_c.so /usr/lib/x86_64-linux-gnu/libpython3.10.so /opt/ros/humble/lib/libgeometry_msgs__rosidl_typesupport_c.so /opt/ros/humble/lib/libvision_msgs__rosidl_generator_c.so /opt/ros/humble/lib/libgeometry_msgs__rosidl_generator_c.so /opt/ros/humble/lib/libstd_msgs__rosidl_typesupport_c.so /opt/ros/humble/lib/libstd_msgs__rosidl_generator_c.so /opt/ros/humble/lib/libbuiltin_interfaces__rosidl_typesupport_c.so /opt/ros/humble/lib/librosidl_typesupport_c.so /opt/ros/humble/lib/librcpputils.so /opt/ros/humble/lib/libbuiltin_interfaces__rosidl_generator_c.so /opt/ros/humble/lib/librosidl_runtime_c.so /opt/ros/humble/lib/librcutils.so -ldl \n'}
[23.657745] (-) TimerEvent: {}
[23.758072] (-) TimerEvent: {}
[23.858392] (-) TimerEvent: {}
[23.958665] (-) TimerEvent: {}
[24.058936] (-) TimerEvent: {}
[24.159191] (-) TimerEvent: {}
[24.216274] (vox_nav_control) StderrLine: {'line': b'/usr/bin/ld: warning: libompl.so.18, needed by /home/manish/eiratech_ws/install/vox_nav_utilities/lib/libplanner_helpers.so, may conflict with libompl.so.16\n'}
[24.259302] (-) TimerEvent: {}
[24.359594] (-) TimerEvent: {}
[24.459830] (-) TimerEvent: {}
[24.560108] (-) TimerEvent: {}
[24.576249] (vox_nav_control) StdoutLine: {'line': b"gmake[2]: Leaving directory '/home/manish/eiratech_ws/build/vox_nav_control'\n"}
[24.581809] (vox_nav_control) StdoutLine: {'line': b'[ 88%] Built target vox_nav_controller_server\n'}
[24.660231] (-) TimerEvent: {}
[24.760482] (-) TimerEvent: {}
[24.860731] (-) TimerEvent: {}
[24.960979] (-) TimerEvent: {}
[25.061230] (-) TimerEvent: {}
[25.161486] (-) TimerEvent: {}
[25.261700] (-) TimerEvent: {}
[25.361948] (-) TimerEvent: {}
[25.462197] (-) TimerEvent: {}
[25.562416] (-) TimerEvent: {}
[25.662656] (-) TimerEvent: {}
[25.762865] (-) TimerEvent: {}
[25.863113] (-) TimerEvent: {}
[25.963339] (-) TimerEvent: {}
[26.063603] (-) TimerEvent: {}
[26.163851] (-) TimerEvent: {}
[26.264092] (-) TimerEvent: {}
[26.364332] (-) TimerEvent: {}
[26.464569] (-) TimerEvent: {}
[26.564808] (-) TimerEvent: {}
[26.665048] (-) TimerEvent: {}
[26.765285] (-) TimerEvent: {}
[26.865505] (-) TimerEvent: {}
[26.965712] (-) TimerEvent: {}
[27.065950] (-) TimerEvent: {}
[27.166192] (-) TimerEvent: {}
[27.266437] (-) TimerEvent: {}
[27.366681] (-) TimerEvent: {}
[27.466927] (-) TimerEvent: {}
[27.567167] (-) TimerEvent: {}
[27.667413] (-) TimerEvent: {}
[27.767655] (-) TimerEvent: {}
[27.867899] (-) TimerEvent: {}
[27.968143] (-) TimerEvent: {}
[28.068390] (-) TimerEvent: {}
[28.168630] (-) TimerEvent: {}
[28.268868] (-) TimerEvent: {}
[28.369112] (-) TimerEvent: {}
[28.469358] (-) TimerEvent: {}
[28.569601] (-) TimerEvent: {}
[28.669845] (-) TimerEvent: {}
[28.770061] (-) TimerEvent: {}
[28.870293] (-) TimerEvent: {}
[28.970555] (-) TimerEvent: {}
[29.070795] (-) TimerEvent: {}
[29.171041] (-) TimerEvent: {}
[29.271281] (-) TimerEvent: {}
[29.371533] (-) TimerEvent: {}
[29.471774] (-) TimerEvent: {}
[29.572011] (-) TimerEvent: {}
[29.672256] (-) TimerEvent: {}
[29.772491] (-) TimerEvent: {}
[29.872740] (-) TimerEvent: {}
[29.972977] (-) TimerEvent: {}
[30.073221] (-) TimerEvent: {}
[30.173438] (-) TimerEvent: {}
[30.273676] (-) TimerEvent: {}
[30.373919] (-) TimerEvent: {}
[30.474158] (-) TimerEvent: {}
[30.574378] (-) TimerEvent: {}
[30.674619] (-) TimerEvent: {}
[30.774862] (-) TimerEvent: {}
[30.875134] (-) TimerEvent: {}
[30.975414] (-) TimerEvent: {}
[31.075657] (-) TimerEvent: {}
[31.175899] (-) TimerEvent: {}
[31.276149] (-) TimerEvent: {}
[31.376405] (-) TimerEvent: {}
[31.476646] (-) TimerEvent: {}
[31.576885] (-) TimerEvent: {}
[31.677128] (-) TimerEvent: {}
[31.777356] (-) TimerEvent: {}
[31.877635] (-) TimerEvent: {}
[31.977876] (-) TimerEvent: {}
[32.078158] (-) TimerEvent: {}
[32.178409] (-) TimerEvent: {}
[32.278654] (-) TimerEvent: {}
[32.378896] (-) TimerEvent: {}
[32.479146] (-) TimerEvent: {}
[32.579402] (-) TimerEvent: {}
[32.679641] (-) TimerEvent: {}
[32.779884] (-) TimerEvent: {}
[32.880124] (-) TimerEvent: {}
[32.980371] (-) TimerEvent: {}
[33.080611] (-) TimerEvent: {}
[33.180853] (-) TimerEvent: {}
[33.281100] (-) TimerEvent: {}
[33.381364] (-) TimerEvent: {}
[33.481610] (-) TimerEvent: {}
[33.581864] (-) TimerEvent: {}
[33.682134] (-) TimerEvent: {}
[33.782424] (-) TimerEvent: {}
[33.882661] (-) TimerEvent: {}
[33.982898] (-) TimerEvent: {}
[34.083133] (-) TimerEvent: {}
[34.183376] (-) TimerEvent: {}
[34.283611] (-) TimerEvent: {}
[34.383851] (-) TimerEvent: {}
[34.484067] (-) TimerEvent: {}
[34.584311] (-) TimerEvent: {}
[34.684548] (-) TimerEvent: {}
[34.784789] (-) TimerEvent: {}
[34.885042] (-) TimerEvent: {}
[34.985291] (-) TimerEvent: {}
[35.085532] (-) TimerEvent: {}
[35.185776] (-) TimerEvent: {}
[35.286029] (-) TimerEvent: {}
[35.386277] (-) TimerEvent: {}
[35.486512] (-) TimerEvent: {}
[35.586749] (-) TimerEvent: {}
[35.687005] (-) TimerEvent: {}
[35.787252] (-) TimerEvent: {}
[35.887460] (-) TimerEvent: {}
[35.987664] (-) TimerEvent: {}
[36.087908] (-) TimerEvent: {}
[36.188145] (-) TimerEvent: {}
[36.288358] (-) TimerEvent: {}
[36.388571] (-) TimerEvent: {}
[36.488779] (-) TimerEvent: {}
[36.589038] (-) TimerEvent: {}
[36.689249] (-) TimerEvent: {}
[36.789455] (-) TimerEvent: {}
[36.889662] (-) TimerEvent: {}
[36.989886] (-) TimerEvent: {}
[37.090128] (-) TimerEvent: {}
[37.190342] (-) TimerEvent: {}
[37.290547] (-) TimerEvent: {}
[37.390752] (-) TimerEvent: {}
[37.490988] (-) TimerEvent: {}
[37.591194] (-) TimerEvent: {}
[37.691404] (-) TimerEvent: {}
[37.791646] (-) TimerEvent: {}
[37.891853] (-) TimerEvent: {}
[37.992103] (-) TimerEvent: {}
[38.092355] (-) TimerEvent: {}
[38.192569] (-) TimerEvent: {}
[38.292806] (-) TimerEvent: {}
[38.393074] (-) TimerEvent: {}
[38.493297] (-) TimerEvent: {}
[38.593535] (-) TimerEvent: {}
[38.693780] (-) TimerEvent: {}
[38.794031] (-) TimerEvent: {}
[38.894273] (-) TimerEvent: {}
[38.994490] (-) TimerEvent: {}
[39.094702] (-) TimerEvent: {}
[39.194954] (-) TimerEvent: {}
[39.295195] (-) TimerEvent: {}
[39.395443] (-) TimerEvent: {}
[39.495680] (-) TimerEvent: {}
[39.595888] (-) TimerEvent: {}
[39.696125] (-) TimerEvent: {}
[39.796374] (-) TimerEvent: {}
[39.896619] (-) TimerEvent: {}
[39.996868] (-) TimerEvent: {}
[40.097119] (-) TimerEvent: {}
[40.197370] (-) TimerEvent: {}
[40.297608] (-) TimerEvent: {}
[40.397862] (-) TimerEvent: {}
[40.498106] (-) TimerEvent: {}
[40.598356] (-) TimerEvent: {}
[40.698598] (-) TimerEvent: {}
[40.798845] (-) TimerEvent: {}
[40.899087] (-) TimerEvent: {}
[40.999329] (-) TimerEvent: {}
[41.099574] (-) TimerEvent: {}
[41.199815] (-) TimerEvent: {}
[41.300056] (-) TimerEvent: {}
[41.400300] (-) TimerEvent: {}
[41.500547] (-) TimerEvent: {}
[41.600806] (-) TimerEvent: {}
[41.701047] (-) TimerEvent: {}
[41.801289] (-) TimerEvent: {}
[41.901499] (-) TimerEvent: {}
[42.001739] (-) TimerEvent: {}
[42.101950] (-) TimerEvent: {}
[42.202163] (-) TimerEvent: {}
[42.302388] (-) TimerEvent: {}
[42.402606] (-) TimerEvent: {}
[42.502819] (-) TimerEvent: {}
[42.603035] (-) TimerEvent: {}
[42.703278] (-) TimerEvent: {}
[42.803515] (-) TimerEvent: {}
[42.903735] (-) TimerEvent: {}
[43.003969] (-) TimerEvent: {}
[43.104211] (-) TimerEvent: {}
[43.204455] (-) TimerEvent: {}
[43.304696] (-) TimerEvent: {}
[43.404916] (-) TimerEvent: {}
[43.505153] (-) TimerEvent: {}
[43.605397] (-) TimerEvent: {}
[43.705645] (-) TimerEvent: {}
[43.805882] (-) TimerEvent: {}
[43.906124] (-) TimerEvent: {}
[44.006368] (-) TimerEvent: {}
[44.106607] (-) TimerEvent: {}
[44.206846] (-) TimerEvent: {}
[44.307085] (-) TimerEvent: {}
[44.407323] (-) TimerEvent: {}
[44.507562] (-) TimerEvent: {}
[44.607793] (-) TimerEvent: {}
[44.708034] (-) TimerEvent: {}
[44.808275] (-) TimerEvent: {}
[44.908479] (-) TimerEvent: {}
[45.008718] (-) TimerEvent: {}
[45.108958] (-) TimerEvent: {}
[45.209200] (-) TimerEvent: {}
[45.309412] (-) TimerEvent: {}
[45.409616] (-) TimerEvent: {}
[45.509853] (-) TimerEvent: {}
[45.610094] (-) TimerEvent: {}
[45.710334] (-) TimerEvent: {}
[45.810554] (-) TimerEvent: {}
[45.910759] (-) TimerEvent: {}
[46.011003] (-) TimerEvent: {}
[46.111248] (-) TimerEvent: {}
[46.211459] (-) TimerEvent: {}
[46.311662] (-) TimerEvent: {}
[46.411901] (-) TimerEvent: {}
[46.512147] (-) TimerEvent: {}
[46.612408] (-) TimerEvent: {}
[46.712649] (-) TimerEvent: {}
[46.812859] (-) TimerEvent: {}
[46.913097] (-) TimerEvent: {}
[47.013336] (-) TimerEvent: {}
[47.113578] (-) TimerEvent: {}
[47.213784] (-) TimerEvent: {}
[47.314018] (-) TimerEvent: {}
[47.414256] (-) TimerEvent: {}
[47.514464] (-) TimerEvent: {}
[47.614701] (-) TimerEvent: {}
[47.714944] (-) TimerEvent: {}
[47.815185] (-) TimerEvent: {}
[47.915438] (-) TimerEvent: {}
[48.015682] (-) TimerEvent: {}
[48.115920] (-) TimerEvent: {}
[48.216159] (-) TimerEvent: {}
[48.316410] (-) TimerEvent: {}
[48.416652] (-) TimerEvent: {}
[48.516862] (-) TimerEvent: {}
[48.617107] (-) TimerEvent: {}
[48.717358] (-) TimerEvent: {}
[48.817600] (-) TimerEvent: {}
[48.917843] (-) TimerEvent: {}
[49.018100] (-) TimerEvent: {}
[49.118394] (-) TimerEvent: {}
[49.218603] (-) TimerEvent: {}
[49.318824] (-) TimerEvent: {}
[49.419050] (-) TimerEvent: {}
[49.519331] (-) TimerEvent: {}
[49.619533] (-) TimerEvent: {}
[49.719772] (-) TimerEvent: {}
[49.820013] (-) TimerEvent: {}
[49.920262] (-) TimerEvent: {}
[50.020505] (-) TimerEvent: {}
[50.120711] (-) TimerEvent: {}
[50.220948] (-) TimerEvent: {}
[50.321197] (-) TimerEvent: {}
[50.421408] (-) TimerEvent: {}
[50.521644] (-) TimerEvent: {}
[50.621879] (-) TimerEvent: {}
[50.722118] (-) TimerEvent: {}
[50.822365] (-) TimerEvent: {}
[50.922608] (-) TimerEvent: {}
[51.022847] (-) TimerEvent: {}
[51.123056] (-) TimerEvent: {}
[51.223293] (-) TimerEvent: {}
[51.323502] (-) TimerEvent: {}
[51.423750] (-) TimerEvent: {}
[51.523995] (-) TimerEvent: {}
[51.624276] (-) TimerEvent: {}
[51.724515] (-) TimerEvent: {}
[51.824757] (-) TimerEvent: {}
[51.924992] (-) TimerEvent: {}
[52.025244] (-) TimerEvent: {}
[52.125448] (-) TimerEvent: {}
[52.225686] (-) TimerEvent: {}
[52.325926] (-) TimerEvent: {}
[52.426177] (-) TimerEvent: {}
[52.526428] (-) TimerEvent: {}
[52.626670] (-) TimerEvent: {}
[52.726912] (-) TimerEvent: {}
[52.827125] (-) TimerEvent: {}
[52.927377] (-) TimerEvent: {}
[53.027623] (-) TimerEvent: {}
[53.127875] (-) TimerEvent: {}
[53.228127] (-) TimerEvent: {}
[53.328691] (-) TimerEvent: {}
[53.428951] (-) TimerEvent: {}
[53.529203] (-) TimerEvent: {}
[53.629464] (-) TimerEvent: {}
[53.729717] (-) TimerEvent: {}
[53.805785] (vox_nav_control) StdoutLine: {'line': b'[100%] \x1b[32m\x1b[1mLinking CXX shared library libtraversability_based_plan_refiner.so\x1b[0m\n'}
[53.806268] (vox_nav_control) StdoutLine: {'line': b'/usr/bin/cmake -E cmake_link_script CMakeFiles/traversability_based_plan_refiner.dir/link.txt --verbose=1\n'}
[53.810916] (vox_nav_control) StdoutLine: {'line': b'/usr/bin/c++ -fPIC -O3 -DNDEBUG -shared -Wl,-soname,libtraversability_based_plan_refiner.so -o libtraversability_based_plan_refiner.so CMakeFiles/traversability_based_plan_refiner.dir/src/plan_refiner_plugins/traversability_based_plan_refiner.cpp.o  -Wl,-rpath,/home/manish/eiratech_ws/install/vox_nav_msgs/lib:/home/manish/eiratech_ws/install/vox_nav_utilities/lib:/opt/ros/humble/lib: /home/manish/eiratech_ws/install/vox_nav_msgs/lib/libvox_nav_msgs__rosidl_typesupport_fastrtps_c.so /home/manish/eiratech_ws/install/vox_nav_msgs/lib/libvox_nav_msgs__rosidl_typesupport_fastrtps_cpp.so /home/manish/eiratech_ws/install/vox_nav_msgs/lib/libvox_nav_msgs__rosidl_typesupport_introspection_c.so /home/manish/eiratech_ws/install/vox_nav_msgs/lib/libvox_nav_msgs__rosidl_typesupport_introspection_cpp.so /home/manish/eiratech_ws/install/vox_nav_msgs/lib/libvox_nav_msgs__rosidl_typesupport_cpp.so /home/manish/eiratech_ws/install/vox_nav_msgs/lib/libvox_nav_msgs__rosidl_generator_py.so /home/manish/eiratech_ws/install/vox_nav_utilities/lib/libtf_helpers.so /home/manish/eiratech_ws/install/vox_nav_utilities/lib/libplanner_helpers.so /home/manish/eiratech_ws/install/vox_nav_utilities/lib/libmap_manager_helpers.so /home/manish/eiratech_ws/install/vox_nav_utilities/lib/libgps_waypoint_collector.so /home/manish/eiratech_ws/install/vox_nav_utilities/lib/libelevation_state_space.so /opt/ros/humble/lib/libnav_msgs__rosidl_generator_c.so /opt/ros/humble/lib/libnav_msgs__rosidl_typesupport_fastrtps_c.so /opt/ros/humble/lib/libnav_msgs__rosidl_typesupport_fastrtps_cpp.so /opt/ros/humble/lib/libnav_msgs__rosidl_typesupport_introspection_c.so /opt/ros/humble/lib/libnav_msgs__rosidl_typesupport_c.so /opt/ros/humble/lib/libnav_msgs__rosidl_typesupport_introspection_cpp.so /opt/ros/humble/lib/libnav_msgs__rosidl_typesupport_cpp.so /opt/ros/humble/lib/libnav_msgs__rosidl_generator_py.so /opt/ros/humble/lib/libvision_msgs__rosidl_generator_c.so /opt/ros/humble/lib/libvision_msgs__rosidl_typesupport_fastrtps_c.so /opt/ros/humble/lib/libvision_msgs__rosidl_typesupport_fastrtps_cpp.so /opt/ros/humble/lib/libvision_msgs__rosidl_typesupport_introspection_c.so /opt/ros/humble/lib/libvision_msgs__rosidl_typesupport_c.so /opt/ros/humble/lib/libvision_msgs__rosidl_typesupport_introspection_cpp.so /opt/ros/humble/lib/libvision_msgs__rosidl_typesupport_cpp.so /opt/ros/humble/lib/libvision_msgs__rosidl_generator_py.so /opt/ros/humble/lib/libvision_msgs__rosidl_typesupport_c.so /opt/ros/humble/lib/libtf2.so /opt/ros/humble/lib/libtf2_ros.so /opt/ros/humble/lib/libstatic_transform_broadcaster_node.so /opt/ros/humble/lib/libpcl_ros_tf.a /opt/ros/humble/lib/libstatic_transform_broadcaster_node.so /usr/lib/x86_64-linux-gnu/libpcl_common.so /opt/ros/humble/lib/libpcd_to_pointcloud_lib.so /opt/ros/humble/lib/libcomponent_manager.so /opt/ros/humble/lib/libbuiltin_interfaces__rosidl_generator_c.so /opt/ros/humble/lib/libbuiltin_interfaces__rosidl_typesupport_fastrtps_c.so /opt/ros/humble/lib/libbuiltin_interfaces__rosidl_typesupport_introspection_c.so /opt/ros/humble/lib/libbuiltin_interfaces__rosidl_typesupport_c.so /opt/ros/humble/lib/libbuiltin_interfaces__rosidl_typesupport_fastrtps_cpp.so /opt/ros/humble/lib/libbuiltin_interfaces__rosidl_typesupport_introspection_cpp.so /opt/ros/humble/lib/libbuiltin_interfaces__rosidl_typesupport_cpp.so /opt/ros/humble/lib/libbuiltin_interfaces__rosidl_generator_py.so /opt/ros/humble/lib/librosgraph_msgs__rosidl_generator_c.so /opt/ros/humble/lib/librosgraph_msgs__rosidl_typesupport_fastrtps_c.so /opt/ros/humble/lib/librosgraph_msgs__rosidl_typesupport_fastrtps_cpp.so /opt/ros/humble/lib/librosgraph_msgs__rosidl_typesupport_introspection_c.so /opt/ros/humble/lib/librosgraph_msgs__rosidl_typesupport_c.so /opt/ros/humble/lib/librosgraph_msgs__rosidl_typesupport_introspection_cpp.so /opt/ros/humble/lib/librosgraph_msgs__rosidl_typesupport_cpp.so /opt/ros/humble/lib/librosgraph_msgs__rosidl_generator_py.so /opt/ros/humble/lib/librcl_yaml_param_parser.so /opt/ros/humble/lib/libstatistics_msgs__rosidl_generator_c.so /opt/ros/humble/lib/libstatistics_msgs__rosidl_typesupport_fastrtps_c.so /opt/ros/humble/lib/libstatistics_msgs__rosidl_typesupport_fastrtps_cpp.so /opt/ros/humble/lib/libstatistics_msgs__rosidl_typesupport_introspection_c.so /opt/ros/humble/lib/libstatistics_msgs__rosidl_typesupport_c.so /opt/ros/humble/lib/libstatistics_msgs__rosidl_typesupport_introspection_cpp.so /opt/ros/humble/lib/libstatistics_msgs__rosidl_typesupport_cpp.so /opt/ros/humble/lib/libstatistics_msgs__rosidl_generator_py.so /opt/ros/humble/lib/libtracetools.so /opt/ros/humble/lib/libmessage_filters.so /opt/ros/humble/lib/libpcl_msgs__rosidl_generator_c.so /opt/ros/humble/lib/libpcl_msgs__rosidl_typesupport_fastrtps_c.so /opt/ros/humble/lib/libpcl_msgs__rosidl_typesupport_introspection_c.so /opt/ros/humble/lib/libpcl_msgs__rosidl_typesupport_c.so /opt/ros/humble/lib/libpcl_msgs__rosidl_typesupport_fastrtps_cpp.so /opt/ros/humble/lib/libpcl_msgs__rosidl_typesupport_introspection_cpp.so /opt/ros/humble/lib/libpcl_msgs__rosidl_typesupport_cpp.so /opt/ros/humble/lib/libpcl_msgs__rosidl_generator_py.so /opt/ros/humble/lib/libpcl_msgs__rosidl_typesupport_c.so /opt/ros/humble/lib/librclcpp.so /opt/ros/humble/lib/libsensor_msgs__rosidl_generator_c.so /opt/ros/humble/lib/libsensor_msgs__rosidl_typesupport_fastrtps_c.so /opt/ros/humble/lib/libsensor_msgs__rosidl_typesupport_fastrtps_cpp.so /opt/ros/humble/lib/libsensor_msgs__rosidl_typesupport_introspection_c.so /opt/ros/humble/lib/libsensor_msgs__rosidl_typesupport_c.so /opt/ros/humble/lib/libsensor_msgs__rosidl_typesupport_introspection_cpp.so /opt/ros/humble/lib/libsensor_msgs__rosidl_typesupport_cpp.so /opt/ros/humble/lib/libsensor_msgs__rosidl_generator_py.so /usr/lib/libOpenNI.so /usr/lib/x86_64-linux-gnu/libOpenNI2.so /usr/lib/x86_64-linux-gnu/libusb-1.0.so /usr/lib/x86_64-linux-gnu/liboctomap.so /usr/lib/x86_64-linux-gnu/liboctomath.so /opt/ros/humble/lib/libstd_msgs__rosidl_generator_c.so /opt/ros/humble/lib/libstd_msgs__rosidl_typesupport_fastrtps_c.so /opt/ros/humble/lib/libstd_msgs__rosidl_typesupport_fastrtps_cpp.so /opt/ros/humble/lib/libstd_msgs__rosidl_typesupport_introspection_c.so /opt/ros/humble/lib/libstd_msgs__rosidl_typesupport_c.so /opt/ros/humble/lib/libstd_msgs__rosidl_typesupport_introspection_cpp.so /opt/ros/humble/lib/libstd_msgs__rosidl_typesupport_cpp.so /opt/ros/humble/lib/libstd_msgs__rosidl_generator_py.so /opt/ros/humble/lib/libgeometry_msgs__rosidl_generator_c.so /opt/ros/humble/lib/libgeometry_msgs__rosidl_typesupport_fastrtps_c.so /opt/ros/humble/lib/libgeometry_msgs__rosidl_typesupport_introspection_c.so /opt/ros/humble/lib/libgeometry_msgs__rosidl_typesupport_c.so /opt/ros/humble/lib/libgeometry_msgs__rosidl_typesupport_fastrtps_cpp.so /opt/ros/humble/lib/libgeometry_msgs__rosidl_typesupport_introspection_cpp.so /opt/ros/humble/lib/libgeometry_msgs__rosidl_typesupport_cpp.so /opt/ros/humble/lib/libgeometry_msgs__rosidl_generator_py.so /opt/ros/humble/lib/liboctomap_msgs__rosidl_generator_c.so /opt/ros/humble/lib/liboctomap_msgs__rosidl_typesupport_fastrtps_c.so /opt/ros/humble/lib/liboctomap_msgs__rosidl_typesupport_introspection_c.so /opt/ros/humble/lib/liboctomap_msgs__rosidl_typesupport_c.so /opt/ros/humble/lib/liboctomap_msgs__rosidl_typesupport_fastrtps_cpp.so /opt/ros/humble/lib/liboctomap_msgs__rosidl_typesupport_introspection_cpp.so /opt/ros/humble/lib/liboctomap_msgs__rosidl_typesupport_cpp.so /opt/ros/humble/lib/liboctomap_msgs__rosidl_generator_py.so /opt/ros/humble/lib/libvisualization_msgs__rosidl_generator_c.so /opt/ros/humble/lib/libvisualization_msgs__rosidl_typesupport_fastrtps_c.so /opt/ros/humble/lib/libvisualization_msgs__rosidl_typesupport_fastrtps_cpp.so /opt/ros/humble/lib/libvisualization_msgs__rosidl_typesupport_introspection_c.so /opt/ros/humble/lib/libvisualization_msgs__rosidl_typesupport_c.so /opt/ros/humble/lib/libvisualization_msgs__rosidl_typesupport_introspection_cpp.so /opt/ros/humble/lib/libvisualization_msgs__rosidl_typesupport_cpp.so /opt/ros/humble/lib/libvisualization_msgs__rosidl_generator_py.so /opt/ros/humble/lib/libvisualization_msgs__rosidl_typesupport_c.so /opt/ros/humble/lib/libaction_msgs__rosidl_generator_c.so /opt/ros/humble/lib/libaction_msgs__rosidl_typesupport_fastrtps_c.so /opt/ros/humble/lib/libaction_msgs__rosidl_typesupport_fastrtps_cpp.so /opt/ros/humble/lib/libaction_msgs__rosidl_typesupport_introspection_c.so /opt/ros/humble/lib/libaction_msgs__rosidl_typesupport_c.so /opt/ros/humble/lib/libaction_msgs__rosidl_typesupport_introspection_cpp.so /opt/ros/humble/lib/libaction_msgs__rosidl_typesupport_cpp.so /opt/ros/humble/lib/libaction_msgs__rosidl_generator_py.so /opt/ros/humble/lib/librosidl_typesupport_fastrtps_c.so /opt/ros/humble/lib/librmw.so /opt/ros/humble/lib/librosidl_typesupport_fastrtps_cpp.so /opt/ros/humble/lib/librcutils.so -ldl /opt/ros/humble/lib/librcpputils.so /opt/ros/humble/lib/librosidl_typesupport_c.so /opt/ros/humble/lib/librosidl_typesupport_cpp.so /opt/ros/humble/lib/librosidl_runtime_c.so /opt/ros/humble/lib/librosidl_typesupport_introspection_c.so /opt/ros/humble/lib/librosidl_typesupport_introspection_cpp.so /home/manish/eiratech_ws/install/vox_nav_msgs/lib/libvox_nav_msgs__rosidl_generator_c.so /home/manish/eiratech_ws/install/vox_nav_msgs/lib/libvox_nav_msgs__rosidl_typesupport_fastrtps_c.so /opt/ros/humble/lib/libnav_msgs__rosidl_typesupport_fastrtps_c.so /opt/ros/humble/lib/libsensor_msgs__rosidl_typesupport_fastrtps_c.so /opt/ros/humble/lib/libshape_msgs__rosidl_typesupport_fastrtps_c.so /opt/ros/humble/lib/liboctomap_msgs__rosidl_typesupport_fastrtps_c.so /home/manish/eiratech_ws/install/vox_nav_msgs/lib/libvox_nav_msgs__rosidl_typesupport_fastrtps_cpp.so /opt/ros/humble/lib/libnav_msgs__rosidl_typesupport_fastrtps_cpp.so /opt/ros/humble/lib/libsensor_msgs__rosidl_typesupport_fastrtps_cpp.so /opt/ros/humble/lib/libshape_msgs__rosidl_typesupport_fastrtps_cpp.so /opt/ros/humble/lib/liboctomap_msgs__rosidl_typesupport_fastrtps_cpp.so /home/manish/eiratech_ws/install/vox_nav_msgs/lib/libvox_nav_msgs__rosidl_typesupport_introspection_c.so /opt/ros/humble/lib/libnav_msgs__rosidl_typesupport_introspection_c.so /opt/ros/humble/lib/libsensor_msgs__rosidl_typesupport_introspection_c.so /opt/ros/humble/lib/libshape_msgs__rosidl_typesupport_introspection_c.so /opt/ros/humble/lib/liboctomap_msgs__rosidl_typesupport_introspection_c.so /home/manish/eiratech_ws/install/vox_nav_msgs/lib/libvox_nav_msgs__rosidl_typesupport_c.so /home/manish/eiratech_ws/install/vox_nav_msgs/lib/libvox_nav_msgs__rosidl_typesupport_introspection_cpp.so /opt/ros/humble/lib/libnav_msgs__rosidl_typesupport_introspection_cpp.so /opt/ros/humble/lib/libsensor_msgs__rosidl_typesupport_introspection_cpp.so /opt/ros/humble/lib/libshape_msgs__rosidl_typesupport_introspection_cpp.so /opt/ros/humble/lib/liboctomap_msgs__rosidl_typesupport_introspection_cpp.so /home/manish/eiratech_ws/install/vox_nav_msgs/lib/libvox_nav_msgs__rosidl_typesupport_cpp.so /opt/ros/humble/lib/libnav_msgs__rosidl_typesupport_cpp.so /opt/ros/humble/lib/libsensor_msgs__rosidl_typesupport_cpp.so /opt/ros/humble/lib/libshape_msgs__rosidl_typesupport_cpp.so /opt/ros/humble/lib/liboctomap_msgs__rosidl_typesupport_cpp.so /home/manish/eiratech_ws/install/vox_nav_msgs/lib/libvox_nav_msgs__rosidl_generator_py.so /usr/lib/x86_64-linux-gnu/libpython3.10.so /home/manish/eiratech_ws/install/vox_nav_msgs/lib/libvox_nav_msgs__rosidl_typesupport_c.so /opt/ros/humble/lib/libnav_msgs__rosidl_generator_py.so /opt/ros/humble/lib/libsensor_msgs__rosidl_generator_py.so /opt/ros/humble/lib/libshape_msgs__rosidl_generator_py.so /opt/ros/humble/lib/liboctomap_msgs__rosidl_generator_py.so /usr/lib/x86_64-linux-gnu/libompl.so /usr/lib/x86_64-linux-gnu/libboost_serialization.so /usr/lib/x86_64-linux-gnu/libboost_filesystem.so /usr/lib/x86_64-linux-gnu/libboost_system.so -lode /usr/lib/x86_64-linux-gnu/libpcl_apps.so /usr/lib/x86_64-linux-gnu/libpcl_outofcore.so /usr/lib/x86_64-linux-gnu/libpcl_people.so /usr/lib/libOpenNI.so /usr/lib/x86_64-linux-gnu/libusb-1.0.so /usr/lib/x86_64-linux-gnu/libOpenNI2.so /usr/lib/x86_64-linux-gnu/libusb-1.0.so /usr/lib/x86_64-linux-gnu/libflann_cpp.so -lccd /usr/lib/x86_64-linux-gnu/libtinyxml2.so /opt/ros/humble/lib/libnav_msgs__rosidl_typesupport_c.so /home/manish/eiratech_ws/install/vox_nav_msgs/lib/libvox_nav_msgs__rosidl_generator_c.so /opt/ros/humble/lib/libnav_msgs__rosidl_generator_c.so /opt/ros/humble/lib/libshape_msgs__rosidl_typesupport_c.so /opt/ros/humble/lib/libshape_msgs__rosidl_generator_c.so /opt/ros/humble/lib/liboctomap_msgs__rosidl_typesupport_c.so /opt/ros/humble/lib/liboctomap_msgs__rosidl_generator_c.so /opt/ros/humble/lib/libvision_msgs__rosidl_generator_c.so /usr/lib/x86_64-linux-gnu/liborocos-kdl.so /opt/ros/humble/lib/libtf2_ros.so /opt/ros/humble/lib/libmessage_filters.so /opt/ros/humble/lib/librclcpp_action.so /opt/ros/humble/lib/librcl_action.so /opt/ros/humble/lib/libtf2_msgs__rosidl_typesupport_fastrtps_c.so /opt/ros/humble/lib/libaction_msgs__rosidl_typesupport_fastrtps_c.so /opt/ros/humble/lib/libunique_identifier_msgs__rosidl_typesupport_fastrtps_c.so /opt/ros/humble/lib/libtf2_msgs__rosidl_typesupport_introspection_c.so /opt/ros/humble/lib/libaction_msgs__rosidl_typesupport_introspection_c.so /opt/ros/humble/lib/libunique_identifier_msgs__rosidl_typesupport_introspection_c.so /opt/ros/humble/lib/libtf2_msgs__rosidl_typesupport_fastrtps_cpp.so /opt/ros/humble/lib/libaction_msgs__rosidl_typesupport_fastrtps_cpp.so /opt/ros/humble/lib/libunique_identifier_msgs__rosidl_typesupport_fastrtps_cpp.so /opt/ros/humble/lib/libtf2_msgs__rosidl_typesupport_introspection_cpp.so /opt/ros/humble/lib/libaction_msgs__rosidl_typesupport_introspection_cpp.so /opt/ros/humble/lib/libunique_identifier_msgs__rosidl_typesupport_introspection_cpp.so /opt/ros/humble/lib/libtf2_msgs__rosidl_typesupport_cpp.so /opt/ros/humble/lib/libaction_msgs__rosidl_typesupport_cpp.so /opt/ros/humble/lib/libunique_identifier_msgs__rosidl_typesupport_cpp.so /opt/ros/humble/lib/libtf2_msgs__rosidl_generator_py.so /opt/ros/humble/lib/libtf2_msgs__rosidl_typesupport_c.so /opt/ros/humble/lib/libtf2_msgs__rosidl_generator_c.so /opt/ros/humble/lib/libaction_msgs__rosidl_generator_py.so /opt/ros/humble/lib/libaction_msgs__rosidl_typesupport_c.so /opt/ros/humble/lib/libaction_msgs__rosidl_generator_c.so /opt/ros/humble/lib/libunique_identifier_msgs__rosidl_generator_py.so /opt/ros/humble/lib/libunique_identifier_msgs__rosidl_typesupport_c.so /opt/ros/humble/lib/libunique_identifier_msgs__rosidl_generator_c.so /opt/ros/humble/lib/libtf2.so /opt/ros/humble/lib/libgeometry_msgs__rosidl_typesupport_fastrtps_c.so /opt/ros/humble/lib/libstd_msgs__rosidl_typesupport_fastrtps_c.so /opt/ros/humble/lib/libgeometry_msgs__rosidl_typesupport_introspection_c.so /opt/ros/humble/lib/libstd_msgs__rosidl_typesupport_introspection_c.so /opt/ros/humble/lib/libgeometry_msgs__rosidl_typesupport_fastrtps_cpp.so /opt/ros/humble/lib/libstd_msgs__rosidl_typesupport_fastrtps_cpp.so /opt/ros/humble/lib/libgeometry_msgs__rosidl_typesupport_introspection_cpp.so /opt/ros/humble/lib/libstd_msgs__rosidl_typesupport_introspection_cpp.so /opt/ros/humble/lib/libgeometry_msgs__rosidl_generator_py.so /opt/ros/humble/lib/libstd_msgs__rosidl_generator_py.so /opt/ros/humble/lib/librclcpp.so /opt/ros/humble/lib/liblibstatistics_collector.so /opt/ros/humble/lib/librcl.so /opt/ros/humble/lib/librmw_implementation.so /opt/ros/humble/lib/librcl_logging_spdlog.so /opt/ros/humble/lib/librcl_logging_interface.so /opt/ros/humble/lib/librcl_yaml_param_parser.so /opt/ros/humble/lib/libyaml.so /opt/ros/humble/lib/librosgraph_msgs__rosidl_typesupport_fastrtps_c.so /opt/ros/humble/lib/librosgraph_msgs__rosidl_typesupport_fastrtps_cpp.so /opt/ros/humble/lib/librosgraph_msgs__rosidl_typesupport_introspection_c.so /opt/ros/humble/lib/librosgraph_msgs__rosidl_typesupport_introspection_cpp.so /opt/ros/humble/lib/librosgraph_msgs__rosidl_typesupport_cpp.so /opt/ros/humble/lib/librosgraph_msgs__rosidl_generator_py.so /opt/ros/humble/lib/librosgraph_msgs__rosidl_typesupport_c.so /opt/ros/humble/lib/librosgraph_msgs__rosidl_generator_c.so /opt/ros/humble/lib/libstatistics_msgs__rosidl_typesupport_fastrtps_c.so /opt/ros/humble/lib/libstatistics_msgs__rosidl_typesupport_fastrtps_cpp.so /opt/ros/humble/lib/libstatistics_msgs__rosidl_typesupport_introspection_c.so /opt/ros/humble/lib/libstatistics_msgs__rosidl_typesupport_introspection_cpp.so /opt/ros/humble/lib/libstatistics_msgs__rosidl_typesupport_cpp.so /opt/ros/humble/lib/libstatistics_msgs__rosidl_generator_py.so /opt/ros/humble/lib/libstatistics_msgs__rosidl_typesupport_c.so /opt/ros/humble/lib/libstatistics_msgs__rosidl_generator_c.so /opt/ros/humble/lib/libtracetools.so /opt/ros/humble/lib/libament_index_cpp.so /opt/ros/humble/lib/libclass_loader.so /usr/lib/x86_64-linux-gnu/libconsole_bridge.so.1.0 /opt/ros/humble/lib/libcomposition_interfaces__rosidl_typesupport_fastrtps_c.so /opt/ros/humble/lib/librcl_interfaces__rosidl_typesupport_fastrtps_c.so /opt/ros/humble/lib/libbuiltin_interfaces__rosidl_typesupport_fastrtps_c.so /opt/ros/humble/lib/librosidl_typesupport_fastrtps_c.so /opt/ros/humble/lib/libcomposition_interfaces__rosidl_typesupport_introspection_c.so /opt/ros/humble/lib/librcl_interfaces__rosidl_typesupport_introspection_c.so /opt/ros/humble/lib/libbuiltin_interfaces__rosidl_typesupport_introspection_c.so /opt/ros/humble/lib/libcomposition_interfaces__rosidl_typesupport_fastrtps_cpp.so /opt/ros/humble/lib/librcl_interfaces__rosidl_typesupport_fastrtps_cpp.so /opt/ros/humble/lib/libbuiltin_interfaces__rosidl_typesupport_fastrtps_cpp.so /opt/ros/humble/lib/librosidl_typesupport_fastrtps_cpp.so /opt/ros/humble/lib/libfastcdr.so.1.0.24 /opt/ros/humble/lib/librmw.so /opt/ros/humble/lib/libcomposition_interfaces__rosidl_typesupport_introspection_cpp.so /opt/ros/humble/lib/librcl_interfaces__rosidl_typesupport_introspection_cpp.so /opt/ros/humble/lib/libbuiltin_interfaces__rosidl_typesupport_introspection_cpp.so /opt/ros/humble/lib/librosidl_typesupport_introspection_cpp.so /opt/ros/humble/lib/librosidl_typesupport_introspection_c.so /opt/ros/humble/lib/libcomposition_interfaces__rosidl_typesupport_cpp.so /opt/ros/humble/lib/librcl_interfaces__rosidl_typesupport_cpp.so /opt/ros/humble/lib/libcomposition_interfaces__rosidl_generator_py.so /opt/ros/humble/lib/librcl_interfaces__rosidl_generator_py.so /opt/ros/humble/lib/libbuiltin_interfaces__rosidl_generator_py.so /usr/lib/x86_64-linux-gnu/libpython3.10.so /opt/ros/humble/lib/libcomposition_interfaces__rosidl_typesupport_c.so /opt/ros/humble/lib/librcl_interfaces__rosidl_typesupport_c.so /opt/ros/humble/lib/libcomposition_interfaces__rosidl_generator_c.so /opt/ros/humble/lib/librcl_interfaces__rosidl_generator_c.so /opt/ros/humble/lib/libgeometry_msgs__rosidl_typesupport_cpp.so /opt/ros/humble/lib/libstd_msgs__rosidl_typesupport_cpp.so /opt/ros/humble/lib/libbuiltin_interfaces__rosidl_typesupport_cpp.so /opt/ros/humble/lib/librosidl_typesupport_cpp.so /opt/ros/humble/lib/libpcl_msgs__rosidl_generator_c.so -llz4 /usr/lib/x86_64-linux-gnu/libqhull_r.so.8.0.2 -lm /opt/ros/humble/lib/libvisualization_msgs__rosidl_generator_c.so /opt/ros/humble/lib/libsensor_msgs__rosidl_typesupport_c.so /opt/ros/humble/lib/libgeometry_msgs__rosidl_typesupport_c.so /opt/ros/humble/lib/libsensor_msgs__rosidl_generator_c.so /opt/ros/humble/lib/libgeometry_msgs__rosidl_generator_c.so /opt/ros/humble/lib/libstd_msgs__rosidl_typesupport_c.so /opt/ros/humble/lib/libstd_msgs__rosidl_generator_c.so /opt/ros/humble/lib/libbuiltin_interfaces__rosidl_typesupport_c.so /opt/ros/humble/lib/librosidl_typesupport_c.so /opt/ros/humble/lib/librcpputils.so /opt/ros/humble/lib/libbuiltin_interfaces__rosidl_generator_c.so /opt/ros/humble/lib/librosidl_runtime_c.so /opt/ros/humble/lib/librcutils.so /usr/lib/x86_64-linux-gnu/libpcl_surface.so /usr/lib/x86_64-linux-gnu/libpcl_keypoints.so /usr/lib/x86_64-linux-gnu/libpcl_tracking.so /usr/lib/x86_64-linux-gnu/libpcl_recognition.so /usr/lib/x86_64-linux-gnu/libpcl_registration.so /usr/lib/x86_64-linux-gnu/libpcl_stereo.so /usr/lib/x86_64-linux-gnu/libpcl_segmentation.so /usr/lib/x86_64-linux-gnu/libpcl_features.so /usr/lib/x86_64-linux-gnu/libpcl_filters.so /usr/lib/x86_64-linux-gnu/libpcl_sample_consensus.so /usr/lib/x86_64-linux-gnu/libpcl_ml.so /usr/lib/x86_64-linux-gnu/libpcl_visualization.so /usr/lib/x86_64-linux-gnu/libpcl_search.so /usr/lib/x86_64-linux-gnu/libpcl_kdtree.so /usr/lib/x86_64-linux-gnu/libpcl_io.so /usr/lib/x86_64-linux-gnu/libpcl_octree.so /usr/lib/x86_64-linux-gnu/libpng.so /usr/lib/x86_64-linux-gnu/libz.so /usr/lib/libOpenNI.so /usr/lib/x86_64-linux-gnu/libOpenNI2.so /usr/lib/x86_64-linux-gnu/libusb-1.0.so /usr/lib/x86_64-linux-gnu/libvtkChartsCore-9.1.so.9.1.0 /usr/lib/x86_64-linux-gnu/libvtkInteractionImage-9.1.so.9.1.0 /usr/lib/x86_64-linux-gnu/libvtkIOGeometry-9.1.so.9.1.0 /usr/lib/x86_64-linux-gnu/libjsoncpp.so /usr/lib/x86_64-linux-gnu/libvtkIOPLY-9.1.so.9.1.0 /usr/lib/x86_64-linux-gnu/libvtkRenderingLOD-9.1.so.9.1.0 /usr/lib/x86_64-linux-gnu/libvtkViewsContext2D-9.1.so.9.1.0 /usr/lib/x86_64-linux-gnu/libvtkViewsCore-9.1.so.9.1.0 /usr/lib/x86_64-linux-gnu/libvtkGUISupportQt-9.1.so.9.1.0 /usr/lib/x86_64-linux-gnu/libvtkInteractionWidgets-9.1.so.9.1.0 /usr/lib/x86_64-linux-gnu/libvtkFiltersModeling-9.1.so.9.1.0 /usr/lib/x86_64-linux-gnu/libvtkInteractionStyle-9.1.so.9.1.0 /usr/lib/x86_64-linux-gnu/libvtkFiltersExtraction-9.1.so.9.1.0 /usr/lib/x86_64-linux-gnu/libvtkIOLegacy-9.1.so.9.1.0 /usr/lib/x86_64-linux-gnu/libvtkIOCore-9.1.so.9.1.0 /usr/lib/x86_64-linux-gnu/libvtkRenderingAnnotation-9.1.so.9.1.0 /usr/lib/x86_64-linux-gnu/libvtkRenderingContext2D-9.1.so.9.1.0 /usr/lib/x86_64-linux-gnu/libvtkRenderingFreeType-9.1.so.9.1.0 /usr/lib/x86_64-linux-gnu/libfreetype.so /usr/lib/x86_64-linux-gnu/libvtkImagingSources-9.1.so.9.1.0 /usr/lib/x86_64-linux-gnu/libvtkIOImage-9.1.so.9.1.0 /usr/lib/x86_64-linux-gnu/libvtkImagingCore-9.1.so.9.1.0 /usr/lib/x86_64-linux-gnu/libvtkRenderingOpenGL2-9.1.so.9.1.0 /usr/lib/x86_64-linux-gnu/libvtkRenderingUI-9.1.so.9.1.0 /usr/lib/x86_64-linux-gnu/libvtkRenderingCore-9.1.so.9.1.0 /usr/lib/x86_64-linux-gnu/libvtkCommonColor-9.1.so.9.1.0 /usr/lib/x86_64-linux-gnu/libvtkFiltersGeometry-9.1.so.9.1.0 /usr/lib/x86_64-linux-gnu/libvtkFiltersSources-9.1.so.9.1.0 /usr/lib/x86_64-linux-gnu/libvtkFiltersGeneral-9.1.so.9.1.0 /usr/lib/x86_64-linux-gnu/libvtkCommonComputationalGeometry-9.1.so.9.1.0 /usr/lib/x86_64-linux-gnu/libvtkFiltersCore-9.1.so.9.1.0 /usr/lib/x86_64-linux-gnu/libvtkCommonExecutionModel-9.1.so.9.1.0 /usr/lib/x86_64-linux-gnu/libvtkCommonDataModel-9.1.so.9.1.0 /usr/lib/x86_64-linux-gnu/libvtkCommonMisc-9.1.so.9.1.0 /usr/lib/x86_64-linux-gnu/libvtkCommonTransforms-9.1.so.9.1.0 /usr/lib/x86_64-linux-gnu/libvtkCommonMath-9.1.so.9.1.0 /usr/lib/x86_64-linux-gnu/libvtkkissfft-9.1.so.9.1.0 /usr/lib/x86_64-linux-gnu/libGLEW.so /usr/lib/x86_64-linux-gnu/libX11.so /usr/lib/x86_64-linux-gnu/libQt5OpenGL.so.5.15.3 /usr/lib/x86_64-linux-gnu/libQt5Widgets.so.5.15.3 /usr/lib/x86_64-linux-gnu/libQt5Gui.so.5.15.3 /usr/lib/x86_64-linux-gnu/libQt5Core.so.5.15.3 /usr/lib/x86_64-linux-gnu/libvtkCommonCore-9.1.so.9.1.0 /usr/lib/x86_64-linux-gnu/libtbb.so.12.5 /usr/lib/x86_64-linux-gnu/libvtksys-9.1.so.9.1.0 -ldl /usr/lib/x86_64-linux-gnu/libpcl_common.so /usr/lib/x86_64-linux-gnu/libboost_system.so.1.74.0 /usr/lib/x86_64-linux-gnu/libboost_filesystem.so.1.74.0 /usr/lib/x86_64-linux-gnu/libboost_date_time.so.1.74.0 /usr/lib/x86_64-linux-gnu/libboost_iostreams.so.1.74.0 /usr/lib/x86_64-linux-gnu/libboost_serialization.so.1.74.0 \n'}
[53.829858] (-) TimerEvent: {}
[53.930123] (-) TimerEvent: {}
[54.030421] (-) TimerEvent: {}
[54.130711] (-) TimerEvent: {}
[54.230997] (-) TimerEvent: {}
[54.331277] (-) TimerEvent: {}
[54.431638] (-) TimerEvent: {}
[54.532142] (-) TimerEvent: {}
[54.632477] (-) TimerEvent: {}
[54.732778] (-) TimerEvent: {}
[54.833049] (-) TimerEvent: {}
[54.933311] (-) TimerEvent: {}
[54.938346] (vox_nav_control) StdoutLine: {'line': b"gmake[2]: Leaving directory '/home/manish/eiratech_ws/build/vox_nav_control'\n"}
[54.943747] (vox_nav_control) StdoutLine: {'line': b'[100%] Built target traversability_based_plan_refiner\n'}
[54.944222] (vox_nav_control) StdoutLine: {'line': b"gmake[1]: Leaving directory '/home/manish/eiratech_ws/build/vox_nav_control'\n"}
[54.944505] (vox_nav_control) StdoutLine: {'line': b'/usr/bin/cmake -E cmake_progress_start /home/manish/eiratech_ws/build/vox_nav_control/CMakeFiles 0\n'}
[54.951853] (vox_nav_control) CommandEnded: {'returncode': 0}
[54.952432] (vox_nav_control) JobProgress: {'identifier': 'vox_nav_control', 'progress': 'install'}
[54.958138] (vox_nav_control) Command: {'cmd': ['/usr/bin/cmake', '--install', '/home/manish/eiratech_ws/build/vox_nav_control'], 'cwd': '/home/manish/eiratech_ws/build/vox_nav_control', 'env': OrderedDict([('GJS_DEBUG_TOPICS', 'JS ERROR;JS LOG'), ('LESSOPEN', '| /usr/bin/lesspipe %s'), ('GZ_SIM_RESOURCE_PATH', ':/home/manish/eiratech_ws/install/robot_description/share/robot_description:/home/manish/.gz/models'), ('LANGUAGE', 'en_IE:en'), ('USER', 'manish'), ('XDG_SESSION_TYPE', 'wayland'), ('SHLVL', '1'), ('LD_LIBRARY_PATH', '/home/manish/eiratech_ws/install/vox_nav_utilities/lib:/home/manish/eiratech_ws/install/vox_nav_msgs/lib:/home/manish/eiratech_ws/install/vox_nav_planning/lib:/home/manish/eiratech_ws/install/vox_nav_navigators/lib:/home/manish/eiratech_ws/install/vox_nav_control/lib:/usr/lib/x86_64-linux-gnu/gazebo-11/plugins:/opt/ros/humble/opt/rviz_ogre_vendor/lib:/opt/ros/humble/lib/x86_64-linux-gnu:/opt/ros/humble/lib'), ('HOME', '/home/manish'), ('OLDPWD', '/home/manish/eiratech_ws/install/vox_nav_control/lib'), ('DESKTOP_SESSION', 'ubuntu'), ('GIO_LAUNCHED_DESKTOP_FILE', '/usr/share/applications/terminator.desktop'), ('ROS_PYTHON_VERSION', '3'), ('GNOME_SHELL_SESSION_MODE', 'ubuntu'), ('GTK_MODULES', 'gail:atk-bridge'), ('MANAGERPID', '1211'), ('SYSTEMD_EXEC_PID', '1713'), ('DBUS_SESSION_BUS_ADDRESS', 'unix:path=/run/user/1000/bus'), ('COLORTERM', 'truecolor'), ('TERMINATOR_DBUS_NAME', 'net.tenshu.Terminator25ef4b219e3b005583550f2b0f9f990c3'), ('GIO_LAUNCHED_DESKTOP_FILE_PID', '4186'), ('IM_CONFIG_PHASE', '1'), ('WAYLAND_DISPLAY', 'wayland-0'), ('COLCON_PREFIX_PATH', '/home/manish/eiratech_ws/install'), ('ROS_DISTRO', 'humble'), ('LOGNAME', 'manish'), ('JOURNAL_STREAM', '8:7732'), ('_', '/usr/bin/colcon'), ('ROS_VERSION', '2'), ('PKG_CONFIG_PATH', '/usr/lib/x86_64-linux-gnu/pkgconfig:/usr/local/lib/pkgconfig:'), ('XDG_SESSION_CLASS', 'user'), ('USERNAME', 'manish'), ('TERM', 'xterm-256color'), ('GAZEBO_MODEL_PATH', ':/home/manish/eiratech_ws/install/robot_description/share'), ('GNOME_DESKTOP_SESSION_ID', 'this-is-deprecated'), ('ROS_LOCALHOST_ONLY', '0'), ('PATH', '/opt/ros/humble/bin:/home/manish/.local/bin:/usr/local/sbin:/usr/local/bin:/usr/sbin:/usr/bin:/sbin:/bin:/usr/games:/usr/local/games:/snap/bin:/snap/bin'), ('SESSION_MANAGER', 'local/manish-Precision-7750:@/tmp/.ICE-unix/1684,unix/manish-Precision-7750:/tmp/.ICE-unix/1684'), ('FASTRTPS_DEFAULT_PROFILES_FILE', '/home/manish/.ros/DEFAULT_FASTRTPS_PROFILES.xml'), ('INVOCATION_ID', '70e13d52e8874cd9ababfb1290a43653'), ('XDG_MENU_PREFIX', 'gnome-'), ('GNOME_SETUP_DISPLAY', ':1'), ('XDG_RUNTIME_DIR', '/run/user/1000'), ('DISPLAY', ':0'), ('TERMINATOR_DBUS_PATH', '/net/tenshu/Terminator2'), ('LANG', 'en_IE.UTF-8'), ('XDG_CURRENT_DESKTOP', 'ubuntu:GNOME'), ('IBUS_DISABLE_SNOOPER', '1'), ('XMODIFIERS', '@im=ibus'), ('XDG_SESSION_DESKTOP', 'ubuntu'), ('XAUTHORITY', '/run/user/1000/.mutter-Xwaylandauth.5K43A3'), ('LS_COLORS', 'rs=0:di=01;34:ln=01;36:mh=00:pi=40;33:so=01;35:do=01;35:bd=40;33;01:cd=40;33;01:or=40;31;01:mi=00:su=37;41:sg=30;43:ca=30;41:tw=30;42:ow=34;42:st=37;44:ex=01;32:*.tar=01;31:*.tgz=01;31:*.arc=01;31:*.arj=01;31:*.taz=01;31:*.lha=01;31:*.lz4=01;31:*.lzh=01;31:*.lzma=01;31:*.tlz=01;31:*.txz=01;31:*.tzo=01;31:*.t7z=01;31:*.zip=01;31:*.z=01;31:*.dz=01;31:*.gz=01;31:*.lrz=01;31:*.lz=01;31:*.lzo=01;31:*.xz=01;31:*.zst=01;31:*.tzst=01;31:*.bz2=01;31:*.bz=01;31:*.tbz=01;31:*.tbz2=01;31:*.tz=01;31:*.deb=01;31:*.rpm=01;31:*.jar=01;31:*.war=01;31:*.ear=01;31:*.sar=01;31:*.rar=01;31:*.alz=01;31:*.ace=01;31:*.zoo=01;31:*.cpio=01;31:*.7z=01;31:*.rz=01;31:*.cab=01;31:*.wim=01;31:*.swm=01;31:*.dwm=01;31:*.esd=01;31:*.jpg=01;35:*.jpeg=01;35:*.mjpg=01;35:*.mjpeg=01;35:*.gif=01;35:*.bmp=01;35:*.pbm=01;35:*.pgm=01;35:*.ppm=01;35:*.tga=01;35:*.xbm=01;35:*.xpm=01;35:*.tif=01;35:*.tiff=01;35:*.png=01;35:*.svg=01;35:*.svgz=01;35:*.mng=01;35:*.pcx=01;35:*.mov=01;35:*.mpg=01;35:*.mpeg=01;35:*.m2v=01;35:*.mkv=01;35:*.webm=01;35:*.webp=01;35:*.ogm=01;35:*.mp4=01;35:*.m4v=01;35:*.mp4v=01;35:*.vob=01;35:*.qt=01;35:*.nuv=01;35:*.wmv=01;35:*.asf=01;35:*.rm=01;35:*.rmvb=01;35:*.flc=01;35:*.avi=01;35:*.fli=01;35:*.flv=01;35:*.gl=01;35:*.dl=01;35:*.xcf=01;35:*.xwd=01;35:*.yuv=01;35:*.cgm=01;35:*.emf=01;35:*.ogv=01;35:*.ogx=01;35:*.aac=00;36:*.au=00;36:*.flac=00;36:*.m4a=00;36:*.mid=00;36:*.midi=00;36:*.mka=00;36:*.mp3=00;36:*.mpc=00;36:*.ogg=00;36:*.ra=00;36:*.wav=00;36:*.oga=00;36:*.opus=00;36:*.spx=00;36:*.xspf=00;36:'), ('SSH_AGENT_LAUNCHER', 'gnome-keyring'), ('SSH_AUTH_SOCK', '/run/user/1000/keyring/ssh'), ('AMENT_PREFIX_PATH', '/home/manish/eiratech_ws/install/vox_nav_waypoint_nav_clients:/home/manish/eiratech_ws/install/vox_nav_bringup:/home/manish/eiratech_ws/install/vox_nav_planning:/home/manish/eiratech_ws/install/vox_nav_navigators:/home/manish/eiratech_ws/install/vox_nav_map_server:/home/manish/eiratech_ws/install/vox_nav_control:/home/manish/eiratech_ws/install/vox_nav_utilities:/home/manish/eiratech_ws/install/vox_nav_msgs:/home/manish/eiratech_ws/install/robot_bringup:/home/manish/eiratech_ws/install/robot_description:/home/manish/eiratech_ws/install/robot_control:/home/manish/eiratech_ws/install/cropmap_nav2:/opt/ros/humble'), ('SHELL', '/bin/bash'), ('TERMINATOR_UUID', 'urn:uuid:c870f54c-8fbc-44a7-9a81-f8570fbdd0ca'), ('QT_ACCESSIBILITY', '1'), ('GDMSESSION', 'ubuntu'), ('LESSCLOSE', '/usr/bin/lesspipe %s %s'), ('IGN_GAZEBO_RESOURCE_PATH', ':/home/manish/eiratech_ws/install/robot_description/share/robot_description:/home/manish/.gz/models'), ('GJS_DEBUG_OUTPUT', 'stderr'), ('QT_IM_MODULE', 'ibus'), ('PWD', '/home/manish/eiratech_ws/build/vox_nav_control'), ('XDG_CONFIG_DIRS', '/etc/xdg/xdg-ubuntu:/etc/xdg'), ('GAZEBO_PLUGIN_PATH', ':/path/to/your_ws/install/gazebo_ros2_control/lib:/opt/ros/humble/lib'), ('XDG_DATA_DIRS', '/usr/share/ubuntu:/usr/local/share/:/usr/share/:/var/lib/snapd/desktop'), ('PYTHONPATH', '/home/manish/eiratech_ws/install/vox_nav_msgs/local/lib/python3.10/dist-packages:/opt/ros/humble/lib/python3.10/site-packages:/opt/ros/humble/local/lib/python3.10/dist-packages'), ('COLCON', '1'), ('VTE_VERSION', '6800'), ('CMAKE_PREFIX_PATH', '/home/manish/eiratech_ws/install/vox_nav_utilities:/home/manish/eiratech_ws/install/vox_nav_msgs:/usr:/home/manish/eiratech_ws/install/vox_nav_waypoint_nav_clients:/home/manish/eiratech_ws/install/vox_nav_bringup:/home/manish/eiratech_ws/install/vox_nav_planning:/home/manish/eiratech_ws/install/vox_nav_navigators:/home/manish/eiratech_ws/install/vox_nav_map_server:/home/manish/eiratech_ws/install/vox_nav_control:/home/manish/eiratech_ws/install/robot_bringup:/home/manish/eiratech_ws/install/robot_description:/home/manish/eiratech_ws/install/robot_control:/home/manish/eiratech_ws/install/cropmap_nav2:/opt/ros/humble')]), 'shell': False}
[54.963821] (vox_nav_control) StdoutLine: {'line': b'-- Install configuration: "Release"\n'}
[54.963939] (vox_nav_control) StdoutLine: {'line': b'-- Installing: /home/manish/eiratech_ws/install/vox_nav_control/lib/vox_nav_control/vox_nav_controller_server\n'}
[54.964612] (vox_nav_control) StdoutLine: {'line': b'-- Set runtime path of "/home/manish/eiratech_ws/install/vox_nav_control/lib/vox_nav_control/vox_nav_controller_server" to ""\n'}
[54.964683] (vox_nav_control) StdoutLine: {'line': b'-- Installing: /home/manish/eiratech_ws/install/vox_nav_control/lib/libmpc_controller_casadi.so\n'}
[54.965464] (vox_nav_control) StdoutLine: {'line': b'-- Set runtime path of "/home/manish/eiratech_ws/install/vox_nav_control/lib/libmpc_controller_casadi.so" to ""\n'}
[54.965534] (vox_nav_control) StdoutLine: {'line': b'-- Installing: /home/manish/eiratech_ws/install/vox_nav_control/lib/liblyapunov_controller.so\n'}
[54.966127] (vox_nav_control) StdoutLine: {'line': b'-- Set runtime path of "/home/manish/eiratech_ws/install/vox_nav_control/lib/liblyapunov_controller.so" to ""\n'}
[54.966184] (vox_nav_control) StdoutLine: {'line': b'-- Installing: /home/manish/eiratech_ws/install/vox_nav_control/lib/libtraversability_based_plan_refiner.so\n'}
[54.968855] (vox_nav_control) StdoutLine: {'line': b'-- Set runtime path of "/home/manish/eiratech_ws/install/vox_nav_control/lib/libtraversability_based_plan_refiner.so" to ""\n'}
[54.968973] (vox_nav_control) StdoutLine: {'line': b'-- Installing: /home/manish/eiratech_ws/install/vox_nav_control/share/vox_nav_control/plugins.xml\n'}
[54.969055] (vox_nav_control) StdoutLine: {'line': b'-- Installing: /home/manish/eiratech_ws/install/vox_nav_control/share/vox_nav_control/launch\n'}
[54.969107] (vox_nav_control) StdoutLine: {'line': b'-- Installing: /home/manish/eiratech_ws/install/vox_nav_control/share/vox_nav_control/launch/acado_code_generation.launch.py\n'}
[54.969186] (vox_nav_control) StdoutLine: {'line': b'-- Up-to-date: /home/manish/eiratech_ws/install/vox_nav_control/share/vox_nav_control/plugins.xml\n'}
[54.969277] (vox_nav_control) StdoutLine: {'line': b'-- Installing: /home/manish/eiratech_ws/install/vox_nav_control/share/ament_index/resource_index/package_run_dependencies/vox_nav_control\n'}
[54.969420] (vox_nav_control) StdoutLine: {'line': b'-- Installing: /home/manish/eiratech_ws/install/vox_nav_control/share/ament_index/resource_index/parent_prefix_path/vox_nav_control\n'}
[54.969555] (vox_nav_control) StdoutLine: {'line': b'-- Installing: /home/manish/eiratech_ws/install/vox_nav_control/share/vox_nav_control/environment/ament_prefix_path.sh\n'}
[54.969620] (vox_nav_control) StdoutLine: {'line': b'-- Installing: /home/manish/eiratech_ws/install/vox_nav_control/share/vox_nav_control/environment/ament_prefix_path.dsv\n'}
[54.969697] (vox_nav_control) StdoutLine: {'line': b'-- Installing: /home/manish/eiratech_ws/install/vox_nav_control/share/vox_nav_control/environment/path.sh\n'}
[54.969769] (vox_nav_control) StdoutLine: {'line': b'-- Installing: /home/manish/eiratech_ws/install/vox_nav_control/share/vox_nav_control/environment/path.dsv\n'}
[54.969840] (vox_nav_control) StdoutLine: {'line': b'-- Installing: /home/manish/eiratech_ws/install/vox_nav_control/share/vox_nav_control/local_setup.bash\n'}
[54.969908] (vox_nav_control) StdoutLine: {'line': b'-- Installing: /home/manish/eiratech_ws/install/vox_nav_control/share/vox_nav_control/local_setup.sh\n'}
[54.969984] (vox_nav_control) StdoutLine: {'line': b'-- Installing: /home/manish/eiratech_ws/install/vox_nav_control/share/vox_nav_control/local_setup.zsh\n'}
[54.970053] (vox_nav_control) StdoutLine: {'line': b'-- Installing: /home/manish/eiratech_ws/install/vox_nav_control/share/vox_nav_control/local_setup.dsv\n'}
[54.970124] (vox_nav_control) StdoutLine: {'line': b'-- Installing: /home/manish/eiratech_ws/install/vox_nav_control/share/vox_nav_control/package.dsv\n'}
[54.970217] (vox_nav_control) StdoutLine: {'line': b'-- Installing: /home/manish/eiratech_ws/install/vox_nav_control/share/ament_index/resource_index/packages/vox_nav_control\n'}
[54.970350] (vox_nav_control) StdoutLine: {'line': b'-- Installing: /home/manish/eiratech_ws/install/vox_nav_control/share/ament_index/resource_index/vox_nav_control__pluginlib__plugin/vox_nav_control\n'}
[54.970444] (vox_nav_control) StdoutLine: {'line': b'-- Installing: /home/manish/eiratech_ws/install/vox_nav_control/share/vox_nav_control/cmake/vox_nav_controlConfig.cmake\n'}
[54.970503] (vox_nav_control) StdoutLine: {'line': b'-- Installing: /home/manish/eiratech_ws/install/vox_nav_control/share/vox_nav_control/cmake/vox_nav_controlConfig-version.cmake\n'}
[54.970570] (vox_nav_control) StdoutLine: {'line': b'-- Installing: /home/manish/eiratech_ws/install/vox_nav_control/share/vox_nav_control/package.xml\n'}
[54.971847] (vox_nav_control) CommandEnded: {'returncode': 0}
[54.985744] (vox_nav_control) JobEnded: {'identifier': 'vox_nav_control', 'rc': 0}
[54.986253] (-) EventReactorShutdown: {}
